canonical_character_id,preferred_label,canonical_definition,first_definition_source,first_occurrence,origin_type,parent_canonical_ids,parent_relationship,source_reference_codes,related_non_equivalent_concepts,confidence,all_occurrence_count,analysis_occurrence_count,analysis_matrix_count,matrices_present,reference_layer_present,earliest_analysis_year,latest_analysis_year,analysis_span_years,review_status,freeze_phase1_status,freeze_phase1_recommended_confidence,freeze_phase1_note,freeze_phase2_status,freeze_phase2_recommended_confidence,freeze_phase2_note,phase2_parent_canonical_id,freeze_phase3_C12_status,freeze_phase3_C12_recommended_confidence,freeze_phase3_C12_note,freeze_phase4_DE12_status,freeze_phase4_DE12_recommended_confidence,freeze_phase4_DE12_note,freeze_phase5_GA11_status,freeze_phase5_GA11_recommended_confidence,freeze_phase5_GA11_note,freeze_phase6_M26_status,freeze_phase6_M26_recommended_confidence,freeze_phase6_M26_note,v1_freeze_status,v1_freeze_confidence,v1_freeze_note
MC0001,NARIAL_DEPRESSION,"Posterolateral processes of premaxilla and lat- eral processes of maxilla, shape: without midline contact (0); with midline contact forming marked narial depression, subnarial foramen not visible laterally (1).",Wilson (2002),WIL02_REF:C1,baseline,,,,,high,8,7,7,WU09; KN10; C12; DE12; W02; M19; M26,yes,2009,2026,17,frozen-v1.0,NOT_YET_AUDITED,,,NOT_PHASE2_TARGET,,,,NOT_PHASE3_C12_TARGET,,,NOT_PHASE4_DE12_TARGET,,,NOT_PHASE5_GA11_TARGET,,,NOT_PHASE6_M26_TARGET,,,FROZEN_V1,high,Canonical identity frozen in MacronariaMatrix v1.0.0 after the multi-phase lineage and duplicate audit.
MC0002,SNOUT_STEPPED,"Premaxillary anterior margin, shape: without step (0); with marked step, anterior portion of skull sharply demarcated (1).",Wilson (2002),WIL02_REF:C2,baseline,,,,,high,7,6,6,WU09; KN10; C12; W02; M19; M26,yes,2009,2026,17,frozen-v1.0,NOT_YET_AUDITED,,,NOT_PHASE2_TARGET,,,,NOT_PHASE3_C12_TARGET,,,NOT_PHASE4_DE12_TARGET,,,NOT_PHASE5_GA11_TARGET,,,NOT_PHASE6_M26_TARGET,,,FROZEN_V1,high,Canonical identity frozen in MacronariaMatrix v1.0.0 after the multi-phase lineage and duplicate audit.
MC0003,MAX_BORDER_ON_NARIS_LONG,"Maxillary border of external naris, length: short, making up much less than one-fourth narial perimeter (0); long, making up more than one- third narial perimeter (1).",Wilson (2002),WIL02_REF:C3,baseline,,,,,high,5,4,4,WU09; KN10; C12; W02,yes,2009,2014,5,frozen-v1.0,NOT_YET_AUDITED,,,NOT_PHASE2_TARGET,,,,NOT_PHASE3_C12_TARGET,,,NOT_PHASE4_DE12_TARGET,,,NOT_PHASE5_GA11_TARGET,,,NOT_PHASE6_M26_TARGET,,,FROZEN_V1,high,Canonical identity frozen in MacronariaMatrix v1.0.0 after the multi-phase lineage and duplicate audit.
MC0004,PREANTORBITAL_F,Preantorbital fenestra: absent (0); present (1).,Wilson (2002),WIL02_REF:C4,baseline,,,,,high,8,7,7,WU09; KN10; GA11; C12; W02; M19; M26,yes,2009,2026,17,frozen-v1.0,NOT_YET_AUDITED,,,NOT_PHASE2_TARGET,,,,NOT_PHASE3_C12_TARGET,,,NOT_PHASE4_DE12_TARGET,,,NOT_PHASE5_GA11_TARGET,,,NOT_PHASE6_M26_TARGET,,,FROZEN_V1,high,Canonical identity frozen in MacronariaMatrix v1.0.0 after the multi-phase lineage and duplicate audit.
MC0005,AMF & SNF NARROWLY SEP'D,"Subnarial foramen and anterior maxillary fora- men, position: well distanced from one another (0); separated by narrow bony isthmus (1).",Wilson (2002),WIL02_REF:C5,baseline,,,,,high,7,6,6,WU09; KN10; C12; W02; M19; M26,yes,2009,2026,17,frozen-v1.0,NOT_YET_AUDITED,,,FROZEN_WITH_PHASE2_REDIRECT,high,Retained canonical ID gained M19/M26 occurrences through a source/definition-level Phase-2 redirect.,,NOT_PHASE3_C12_TARGET,,,NOT_PHASE4_DE12_TARGET,,,NOT_PHASE5_GA11_TARGET,,,NOT_PHASE6_M26_TARGET,,,FROZEN_V1,high,Canonical identity frozen in MacronariaMatrix v1.0.0 after the multi-phase lineage and duplicate audit.
MC0006,AOF>ORBIT,"Antorbital fenestra, maximum diameter: much shorter than (0) or subequal to (1) orbital maxi- mum diameter.",Wilson (2002),WIL02_REF:C6,baseline,,,,,high,5,4,4,WU09; KN10; C12; W02,yes,2009,2014,5,frozen-v1.0,NOT_YET_AUDITED,,,NOT_PHASE2_TARGET,,,,NOT_PHASE3_C12_TARGET,,,NOT_PHASE4_DE12_TARGET,,,NOT_PHASE5_GA11_TARGET,,,NOT_PHASE6_M26_TARGET,,,FROZEN_V1,high,Canonical identity frozen in MacronariaMatrix v1.0.0 after the multi-phase lineage and duplicate audit.
MC0007,ANTORBITAL_FOSSA_ABSENT,Antorbital fossa: present (0); absent (1).,Wilson (2002),WIL02_REF:C7,baseline,,,,,high,5,4,4,WU09; KN10; C12; W02,yes,2009,2014,5,frozen-v1.0,NOT_YET_AUDITED,,,NOT_PHASE2_TARGET,,,,NOT_PHASE3_C12_TARGET,,,NOT_PHASE4_DE12_TARGET,,,NOT_PHASE5_GA11_TARGET,,,NOT_PHASE6_M26_TARGET,,,FROZEN_V1,high,Canonical identity frozen in MacronariaMatrix v1.0.0 after the multi-phase lineage and duplicate audit.
MC0008,NARES_RETRACTED,"External nares, position: terminal (0); retracted to level of orbit (1); retracted to a position between orbits (2).",Wilson (2002),WIL02_REF:C8,baseline,,,,,high,7,6,6,WU09; KN10; C12; W02; M19; M26,yes,2009,2026,17,frozen-v1.0,NOT_YET_AUDITED,,,NOT_PHASE2_TARGET,,,,NOT_PHASE3_C12_TARGET,,,NOT_PHASE4_DE12_TARGET,,,NOT_PHASE5_GA11_TARGET,,,NOT_PHASE6_M26_TARGET,,,FROZEN_V1,high,Canonical identity frozen in MacronariaMatrix v1.0.0 after the multi-phase lineage and duplicate audit.
MC0009,LARGE_NARIS,"External nares, maximum diameter: shorter (0) or longer (1) than orbital maximum diameter.",Wilson (2002),WIL02_REF:C9,baseline,,,,,high,7,6,6,WU09; KN10; C12; W02; M19; M26,yes,2009,2026,17,frozen-v1.0,NOT_YET_AUDITED,,,NOT_PHASE2_TARGET,,,,NOT_PHASE3_C12_TARGET,,,NOT_PHASE4_DE12_TARGET,,,NOT_PHASE5_GA11_TARGET,,,NOT_PHASE6_M26_TARGET,,,FROZEN_V1,high,Canonical identity frozen in MacronariaMatrix v1.0.0 after the multi-phase lineage and duplicate audit.
MC0010,INFRAORBITAL_REGION_SHORTENED,"Orbital ventral margin, anteroposterior length: broad, with subcircular orbital margin (0); reduced, with acute orbital margin (1).",Wilson (2002),WIL02_REF:C10,baseline,,,,,high,5,4,4,WU09; KN10; C12; W02,yes,2009,2014,5,frozen-v1.0,NOT_YET_AUDITED,,,NOT_PHASE2_TARGET,,,,NOT_PHASE3_C12_TARGET,,,NOT_PHASE4_DE12_TARGET,,,NOT_PHASE5_GA11_TARGET,,,NOT_PHASE6_M26_TARGET,,,FROZEN_V1,high,Canonical identity frozen in MacronariaMatrix v1.0.0 after the multi-phase lineage and duplicate audit.
MC0011,LACRIMAL_ANTERIOR_PROCESS_ABSEN,"Lacrimal, anterior process: present (0); absent (1).",Wilson (2002),WIL02_REF:C11,baseline,,,,,high,7,6,6,WU09; KN10; C12; W02; M19; M26,yes,2009,2026,17,frozen-v1.0,NOT_YET_AUDITED,,,NOT_PHASE2_TARGET,,,,NOT_PHASE3_C12_TARGET,,,NOT_PHASE4_DE12_TARGET,,,NOT_PHASE5_GA11_TARGET,,,NOT_PHASE6_M26_TARGET,,,FROZEN_V1,high,Canonical identity frozen in MacronariaMatrix v1.0.0 after the multi-phase lineage and duplicate audit.
MC0012,J-ECT CONTACT ABSENT,Jugal-ectopterygoid contact: present (0); absent (1).,Wilson (2002),WIL02_REF:C12,baseline,,,,,high,7,6,6,WU09; KN10; C12; W02; M19; M26,yes,2009,2026,17,frozen-v1.0,NOT_YET_AUDITED,,,FROZEN_WITH_PHASE2_REDIRECT,high,Retained canonical ID gained M19/M26 occurrences through a source/definition-level Phase-2 redirect.,,NOT_PHASE3_C12_TARGET,,,NOT_PHASE4_DE12_TARGET,,,NOT_PHASE5_GA11_TARGET,,,NOT_PHASE6_M26_TARGET,,,FROZEN_V1,high,Canonical identity frozen in MacronariaMatrix v1.0.0 after the multi-phase lineage and duplicate audit.
MC0013,J_CONTR_TO_AOF,"Jugal, contribution to antorbital fenestra: very reduced or absent (0); large, bordering approxi- mately one-third its perimeter (1).",Wilson (2002),WIL02_REF:C13,baseline,,,,,high,7,6,6,WU09; KN10; C12; W02; M19; M26,yes,2009,2026,17,frozen-v1.0,NOT_YET_AUDITED,,,NOT_PHASE2_TARGET,,,,NOT_PHASE3_C12_TARGET,,,NOT_PHASE4_DE12_TARGET,,,NOT_PHASE5_GA11_TARGET,,,NOT_PHASE6_M26_TARGET,,,FROZEN_V1,high,Canonical identity frozen in MacronariaMatrix v1.0.0 after the multi-phase lineage and duplicate audit.
MC0014,PRF_ENLARGED,"Prefrontal, posterior process size: small, not pro- jecting far posterior of frontal-nasal suture (0); elongate, approaching parietal (1).",Wilson (2002),WIL02_REF:C14,baseline,,,,,high,5,4,4,WU09; KN10; C12; W02,yes,2009,2014,5,frozen-v1.0,NOT_YET_AUDITED,,,NOT_PHASE2_TARGET,,,,NOT_PHASE3_C12_TARGET,,,NOT_PHASE4_DE12_TARGET,,,NOT_PHASE5_GA11_TARGET,,,NOT_PHASE6_M26_TARGET,,,FROZEN_V1,high,Canonical identity frozen in MacronariaMatrix v1.0.0 after the multi-phase lineage and duplicate audit.
MC0015,PRF_HOOK,"Prefrontal, posterior process shape: flat (0); hooked (1).",Wilson (2002),WIL02_REF:C15,baseline,,,,,high,5,4,4,WU09; KN10; C12; W02,yes,2009,2014,5,frozen-v1.0,NOT_YET_AUDITED,,,NOT_PHASE2_TARGET,,,,NOT_PHASE3_C12_TARGET,,,NOT_PHASE4_DE12_TARGET,,,NOT_PHASE5_GA11_TARGET,,,NOT_PHASE6_M26_TARGET,,,FROZEN_V1,high,Canonical identity frozen in MacronariaMatrix v1.0.0 after the multi-phase lineage and duplicate audit.
MC0016,PO_BROAD_TRANSVERSELY,"Postorbital, ventral process shape: transversely narrow (0); broader transversely than anteropos- teriorly (1).",Wilson (2002),WIL02_REF:C16,baseline,,,,,high,7,6,6,WU09; KN10; C12; W02; M19; M26,yes,2009,2026,17,frozen-v1.0,NOT_YET_AUDITED,,,FROZEN_WITH_PHASE2_REDIRECT,high,Retained canonical ID gained M19/M26 occurrences through a source/definition-level Phase-2 redirect.,,NOT_PHASE3_C12_TARGET,,,NOT_PHASE4_DE12_TARGET,,,NOT_PHASE5_GA11_TARGET,,,NOT_PHASE6_M26_TARGET,,,FROZEN_V1,high,Canonical identity frozen in MacronariaMatrix v1.0.0 after the multi-phase lineage and duplicate audit.
MC0017,PO_LACKS_POSTERIOR_PR.,"Postorbital, posterior process: present (0); absent (1).",Wilson (2002),WIL02_REF:C17,baseline,,,,,high,7,6,6,WU09; KN10; C12; W02; M19; M26,yes,2009,2026,17,frozen-v1.0,NOT_YET_AUDITED,,,FROZEN_WITH_PHASE2_REDIRECT,high,Retained canonical ID gained M19/M26 occurrences through a source/definition-level Phase-2 redirect.,,NOT_PHASE3_C12_TARGET,,,NOT_PHASE4_DE12_TARGET,,,NOT_PHASE5_GA11_TARGET,,,NOT_PHASE6_M26_TARGET,,,FROZEN_V1,high,Canonical identity frozen in MacronariaMatrix v1.0.0 after the multi-phase lineage and duplicate audit.
MC0018,FRONTAL_EXC_FROM_STFOSSA,Frontal contribution to supratemporal fossa: present (0); absent (1).,Wilson (2002),WIL02_REF:C18,baseline,,,,,high,8,7,7,WU09; KN10; GA11; C12; W02; M19; M26,yes,2009,2026,17,frozen-v1.0,NOT_YET_AUDITED,,,FROZEN_WITH_PHASE2_REDIRECT,high,Retained canonical ID gained M19/M26 occurrences through a source/definition-level Phase-2 redirect.,,NOT_PHASE3_C12_TARGET,,,NOT_PHASE4_DE12_TARGET,,,NOT_PHASE5_GA11_TARGET,,,NOT_PHASE6_M26_TARGET,,,FROZEN_V1,high,Canonical identity frozen in MacronariaMatrix v1.0.0 after the multi-phase lineage and duplicate audit.
MC0019,FRONTALS_FUSED,"Frontals, midline contact (symphysis): sutured (0) or fused (1) in adult individuals.",Wilson (2002),WIL02_REF:C19,baseline,,,,,high,7,6,6,WU09; KN10; C12; W02; M19; M26,yes,2009,2026,17,frozen-v1.0,NOT_YET_AUDITED,,,NOT_PHASE2_TARGET,,,,NOT_PHASE3_C12_TARGET,,,NOT_PHASE4_DE12_TARGET,,,NOT_PHASE5_GA11_TARGET,,,NOT_PHASE6_M26_TARGET,,,FROZEN_V1,high,Canonical identity frozen in MacronariaMatrix v1.0.0 after the multi-phase lineage and duplicate audit.
MC0020,FRONTALS_BROAD,"Frontal, anteroposterior length: approximately twice (0) or less than (1) minimum transverse breadth.",Wilson (2002),WIL02_REF:C20,baseline,,,,,high,7,6,6,WU09; KN10; C12; W02; M19; M26,yes,2009,2026,17,frozen-v1.0,NOT_YET_AUDITED,,,FROZEN_WITH_PHASE2_REDIRECT,high,Retained canonical ID gained M19/M26 occurrences through a source/definition-level Phase-2 redirect.,,NOT_PHASE3_C12_TARGET,,,NOT_PHASE4_DE12_TARGET,,,NOT_PHASE5_GA11_TARGET,,,NOT_PHASE6_M26_TARGET,,,FROZEN_V1,high,Canonical identity frozen in MacronariaMatrix v1.0.0 after the multi-phase lineage and duplicate audit.
MC0021,PARIETAL_OCC_PR_DEEP,"Parietal occipital process, dorsoventral height: short, less than the diameter of the foramen magnum (0); deep, nearly twice the diameter of the foramen magnum (1).",Wilson (2002),WIL02_REF:C21,baseline,,,,,high,8,7,7,WU09; KN10; GA11; C12; W02; M19; M26,yes,2009,2026,17,frozen-v1.0,NOT_YET_AUDITED,,,NOT_PHASE2_TARGET,,,,NOT_PHASE3_C12_TARGET,,,NOT_PHASE4_DE12_TARGET,,,NOT_PHASE5_GA11_TARGET,,,NOT_PHASE6_M26_TARGET,,,FROZEN_V1,high,Canonical identity frozen in MacronariaMatrix v1.0.0 after the multi-phase lineage and duplicate audit.
MC0022,PA_EXCL_FROM_POSTT_FEN,"Parietal, contribution to post-temporal fenestra: present (0); absent (1).",Wilson (2002),WIL02_REF:C22,baseline,,,,,high,8,7,7,WU09; KN10; GA11; C12; W02; M19; M26,yes,2009,2026,17,frozen-v1.0,NOT_YET_AUDITED,,,NOT_PHASE2_TARGET,,,,NOT_PHASE3_C12_TARGET,,,NOT_PHASE4_DE12_TARGET,,,NOT_PHASE5_GA11_TARGET,,,NOT_PHASE6_M26_TARGET,,,FROZEN_V1,high,Canonical identity frozen in MacronariaMatrix v1.0.0 after the multi-phase lineage and duplicate audit.
MC0023,POSTPARIETAL_F.,Postparietal foramen: absent (0); present (1).,Wilson (2002),WIL02_REF:C23,baseline,,,,,high,7,6,6,WU09; KN10; C12; W02; M19; M26,yes,2009,2026,17,frozen-v1.0,NOT_YET_AUDITED,,,NOT_PHASE2_TARGET,,,,NOT_PHASE3_C12_TARGET,,,NOT_PHASE4_DE12_TARGET,,,NOT_PHASE5_GA11_TARGET,,,NOT_PHASE6_M26_TARGET,,,FROZEN_V1,high,Canonical identity frozen in MacronariaMatrix v1.0.0 after the multi-phase lineage and duplicate audit.
MC0024,P_SEPARATION,"Parietal, distance separating supratemporal fenestrae: less than (0) or twice (1) the long axis of supratemporal fenestra.",Wilson (2002),WIL02_REF:C24,baseline,,,,,high,9,8,8,WU09; KN10; GA11; C12; DE12; W02; M19; M26,yes,2009,2026,17,frozen-v1.0,NOT_YET_AUDITED,,,NOT_PHASE2_TARGET,,,,NOT_PHASE3_C12_TARGET,,,NOT_PHASE4_DE12_TARGET,,,NOT_PHASE5_GA11_TARGET,,,NOT_PHASE6_M26_TARGET,,,FROZEN_V1,high,Canonical identity frozen in MacronariaMatrix v1.0.0 after the multi-phase lineage and duplicate audit.
MC0025,STF_ABSENT,Supratemporal fenestra: present (0); absent (1). 260,Wilson (2002),WIL02_REF:C25,baseline,,,,,high,6,5,5,WU09; KN10; W02; M19; M26,yes,2009,2026,17,frozen-v1.0,NOT_YET_AUDITED,,,NOT_PHASE2_TARGET,,,,NOT_PHASE3_C12_TARGET,,,NOT_PHASE4_DE12_TARGET,,,NOT_PHASE5_GA11_TARGET,,,NOT_PHASE6_M26_TARGET,,,FROZEN_V1,high,Canonical identity frozen in MacronariaMatrix v1.0.0 after the multi-phase lineage and duplicate audit.
MC0026,STF_LONG_AXIS_TRANSVERSE,"Supratemporal fenestra, long axis orientation: anteroposterior (0); transverse (1).",Wilson (2002),WIL02_REF:C26,baseline,,,,,high,5,4,4,WU09; KN10; C12; W02,yes,2009,2014,5,frozen-v1.0,NOT_YET_AUDITED,,,NOT_PHASE2_TARGET,,,,NOT_PHASE3_C12_TARGET,,,NOT_PHASE4_DE12_TARGET,,,NOT_PHASE5_GA11_TARGET,,,NOT_PHASE6_M26_TARGET,,,FROZEN_V1,high,Canonical identity frozen in MacronariaMatrix v1.0.0 after the multi-phase lineage and duplicate audit.
MC0027,STF< FMAGNUM,"Supratemporal fenestra, maximum diameter: much longer than (0) or subequal to (1) that of foramen magnum.",Wilson (2002),WIL02_REF:C27,baseline,,,,,high,5,4,4,WU09; KN10; C12; W02,yes,2009,2014,5,frozen-v1.0,NOT_YET_AUDITED,,,NOT_PHASE2_TARGET,,,,NOT_PHASE3_C12_TARGET,,,NOT_PHASE4_DE12_TARGET,,,NOT_PHASE5_GA11_TARGET,,,NOT_PHASE6_M26_TARGET,,,FROZEN_V1,high,Canonical identity frozen in MacronariaMatrix v1.0.0 after the multi-phase lineage and duplicate audit.
MC0028,SUPRATEMPORAL_REGION_SHORTENED,"Supratemporal region, anteroposterior length: temporal bar longer (0) or shorter (1) anteropos- teriorly than transversely.",Wilson (2002),WIL02_REF:C28,baseline,,,,,high,5,4,4,WU09; KN10; C12; W02,yes,2009,2014,5,frozen-v1.0,NOT_YET_AUDITED,,,NOT_PHASE2_TARGET,,,,NOT_PHASE3_C12_TARGET,,,NOT_PHASE4_DE12_TARGET,,,NOT_PHASE5_GA11_TARGET,,,NOT_PHASE6_M26_TARGET,,,FROZEN_V1,high,Canonical identity frozen in MacronariaMatrix v1.0.0 after the multi-phase lineage and duplicate audit.
MC0029,SUPTRATEMPORAL_FOSSA_EXP_LAT,"Supratemporal fossa, lateral exposure: not visible laterally, obscured by temporal bar (0); visible laterally, temporal bar shifted ventrally (1).",Wilson (2002),WIL02_REF:C29,baseline,,,,,high,7,6,6,WU09; KN10; C12; W02; M19; M26,yes,2009,2026,17,frozen-v1.0,NOT_YET_AUDITED,,,NOT_PHASE2_TARGET,,,,NOT_PHASE3_C12_TARGET,,,NOT_PHASE4_DE12_TARGET,,,NOT_PHASE5_GA11_TARGET,,,NOT_PHASE6_M26_TARGET,,,FROZEN_V1,high,Canonical identity frozen in MacronariaMatrix v1.0.0 after the multi-phase lineage and duplicate audit.
MC0030,LTF_EXTENDS_BELOW_ORBIT,"Laterotemporal fenestra, anterior extension: posterior to orbit (0); ventral to orbit (1).",Wilson (2002),WIL02_REF:C30,baseline,,,,,high,7,6,6,WU09; KN10; C12; W02; M19; M26,yes,2009,2026,17,frozen-v1.0,NOT_YET_AUDITED,,,FROZEN_WITH_PHASE2_REDIRECT,high,Retained canonical ID gained M19/M26 occurrences through a source/definition-level Phase-2 redirect.,,NOT_PHASE3_C12_TARGET,,,NOT_PHASE4_DE12_TARGET,,,NOT_PHASE5_GA11_TARGET,,,NOT_PHASE6_M26_TARGET,,,FROZEN_V1,high,Canonical identity frozen in MacronariaMatrix v1.0.0 after the multi-phase lineage and duplicate audit.
MC0031,SQ-QJ CONTACT ABSENT,Squamosal-quadratojugal contact: present (0); absent (1).,Wilson (2002),WIL02_REF:C31,baseline,,,,,high,7,6,6,WU09; KN10; C12; W02; M19; M26,yes,2009,2026,17,frozen-v1.0,NOT_YET_AUDITED,,,NOT_PHASE2_TARGET,,,,NOT_PHASE3_C12_TARGET,,,NOT_PHASE4_DE12_TARGET,,,NOT_PHASE5_GA11_TARGET,,,NOT_PHASE6_M26_TARGET,,,FROZEN_V1,high,Canonical identity frozen in MacronariaMatrix v1.0.0 after the multi-phase lineage and duplicate audit.
MC0032,QJ_ANT_RAMUS_ELONGATE,"Quadratojugal, anterior process length: short, anterior process shorter than dorsal process (0); long, anterior process more than twice as long as dorsal process (1).",Wilson (2002),WIL02_REF:C32,baseline,,,,,high,7,6,6,WU09; KN10; C12; W02; M19; M26,yes,2009,2026,17,frozen-v1.0,NOT_YET_AUDITED,,,NOT_PHASE2_TARGET,,,,NOT_PHASE3_C12_TARGET,,,NOT_PHASE4_DE12_TARGET,,,NOT_PHASE5_GA11_TARGET,,,NOT_PHASE6_M26_TARGET,,,FROZEN_V1,high,Canonical identity frozen in MacronariaMatrix v1.0.0 after the multi-phase lineage and duplicate audit.
MC0033,QUADRATE_FOSS,Quadrate fossa: absent (0); present (1).,Wilson (2002),WIL02_REF:C33,baseline,,,,,high,4,3,3,WU09; KN10; W02,yes,2009,2014,5,frozen-v1.0,NOT_YET_AUDITED,,,NOT_PHASE2_TARGET,,,,NOT_PHASE3_C12_TARGET,,,NOT_PHASE4_DE12_TARGET,,,NOT_PHASE5_GA11_TARGET,,,NOT_PHASE6_M26_TARGET,,,FROZEN_V1,high,Canonical identity frozen in MacronariaMatrix v1.0.0 after the multi-phase lineage and duplicate audit.
MC0034,Q_FOSSA_DEEP,"Quadrate fossa, depth: shallow (0); deeply invag- inated (1).",Wilson (2002),WIL02_REF:C34,baseline,,,,,high,4,3,3,WU09; KN10; W02,yes,2009,2014,5,frozen-v1.0,NOT_YET_AUDITED,,,NOT_PHASE2_TARGET,,,,NOT_PHASE3_C12_TARGET,,,NOT_PHASE4_DE12_TARGET,,,NOT_PHASE5_GA11_TARGET,,,NOT_PHASE6_M26_TARGET,,,FROZEN_V1,high,Canonical identity frozen in MacronariaMatrix v1.0.0 after the multi-phase lineage and duplicate audit.
MC0035,Q FOSSA ORIENTED POST-LAT,"Quadrate fossa, orientation: posterior (0); poste- rolateral (1).",Wilson (2002),WIL02_REF:C35,baseline,,,,,high,7,6,6,WU09; KN10; C12; W02; M19; M26,yes,2009,2026,17,frozen-v1.0,NOT_YET_AUDITED,,,NOT_PHASE2_TARGET,,,,NOT_PHASE3_C12_TARGET,,,NOT_PHASE4_DE12_TARGET,,,NOT_PHASE5_GA11_TARGET,,,NOT_PHASE6_M26_TARGET,,,FROZEN_V1,high,Canonical identity frozen in MacronariaMatrix v1.0.0 after the multi-phase lineage and duplicate audit.
MC0036,PT-BPT CONTACT (HOOK/ROCKER),"Palatobasal contact, shape: pterygoid with small facet (0), dorsomedially orientated hook (1), or rocker-like surface (2) for basipterygoid articulation.",Wilson (2002),WIL02_REF:C36,baseline,,,,,high,7,6,6,WU09; KN10; C12; W02; M19; M26,yes,2009,2026,17,frozen-v1.0,NOT_YET_AUDITED,,,NOT_PHASE2_TARGET,,,,NOT_PHASE3_C12_TARGET,,,NOT_PHASE4_DE12_TARGET,,,NOT_PHASE5_GA11_TARGET,,,NOT_PHASE6_M26_TARGET,,,FROZEN_V1,high,Canonical identity frozen in MacronariaMatrix v1.0.0 after the multi-phase lineage and duplicate audit.
MC0037,PT_HOOK_POSITION,"Pterygoid, transverse flange (i.e. ectopterygoid process) position: posterior of orbit (0); between orbit and antorbital fenestra (1); anterior to antorbital fenestra (2).",Wilson (2002),WIL02_REF:C37,baseline,,,,,high,5,4,4,WU09; KN10; C12; W02,yes,2009,2014,5,frozen-v1.0,NOT_YET_AUDITED,,,NOT_PHASE2_TARGET,,,,NOT_PHASE3_C12_TARGET,,,NOT_PHASE4_DE12_TARGET,,,NOT_PHASE5_GA11_TARGET,,,NOT_PHASE6_M26_TARGET,,,FROZEN_V1,high,Canonical identity frozen in MacronariaMatrix v1.0.0 after the multi-phase lineage and duplicate audit.
MC0038,"PT, Q FLANGE REDUCED","Pterygoid, quadrate flange size: large, palato- basal and quadrate articulations well separated (0); small, palatobasal and quadrate articula- tions approach (1).",Wilson (2002),WIL02_REF:C38,baseline,,,,,high,5,4,4,WU09; KN10; C12; W02,yes,2009,2014,5,frozen-v1.0,NOT_YET_AUDITED,,,NOT_PHASE2_TARGET,,,,NOT_PHASE3_C12_TARGET,,,NOT_PHASE4_DE12_TARGET,,,NOT_PHASE5_GA11_TARGET,,,NOT_PHASE6_M26_TARGET,,,FROZEN_V1,high,Canonical identity frozen in MacronariaMatrix v1.0.0 after the multi-phase lineage and duplicate audit.
MC0039,PT_PAL_RAMUS_SHAPE,"Pterygoid, palatine ramus shape: straight, at level of dorsal margin of quadrate ramus (0); stepped, raised above level of quadrate ramus (1).",Wilson (2002),WIL02_REF:C39,baseline,,,,,high,7,6,6,WU09; KN10; C12; W02; M19; M26,yes,2009,2026,17,frozen-v1.0,NOT_YET_AUDITED,,,NOT_PHASE2_TARGET,,,,NOT_PHASE3_C12_TARGET,,,NOT_PHASE4_DE12_TARGET,,,NOT_PHASE5_GA11_TARGET,,,NOT_PHASE6_M26_TARGET,,,FROZEN_V1,high,Canonical identity frozen in MacronariaMatrix v1.0.0 after the multi-phase lineage and duplicate audit.
MC0040,PAL_LATERAL_RAMUS_NARROW,"Palatine, lateral ramus shape: plate-shaped (long maxillary contact) (0); rod-shaped (narrow max- illary contact) (1).",Wilson (2002),WIL02_REF:C40,baseline,,,,,high,5,4,4,WU09; KN10; C12; W02,yes,2009,2014,5,frozen-v1.0,NOT_YET_AUDITED,,,NOT_PHASE2_TARGET,,,,NOT_PHASE3_C12_TARGET,,,NOT_PHASE4_DE12_TARGET,,,NOT_PHASE5_GA11_TARGET,,,NOT_PHASE6_M26_TARGET,,,FROZEN_V1,high,Canonical identity frozen in MacronariaMatrix v1.0.0 after the multi-phase lineage and duplicate audit.
MC0041,EPIPTERYGOID,Epipterygoid: present (0); absent (1).,Wilson (2002),WIL02_REF:C41,baseline,,,,,high,5,4,4,WU09; KN10; C12; W02,yes,2009,2014,5,frozen-v1.0,NOT_YET_AUDITED,,,NOT_PHASE2_TARGET,,,,NOT_PHASE3_C12_TARGET,,,NOT_PHASE4_DE12_TARGET,,,NOT_PHASE5_GA11_TARGET,,,NOT_PHASE6_M26_TARGET,,,FROZEN_V1,high,Canonical identity frozen in MacronariaMatrix v1.0.0 after the multi-phase lineage and duplicate audit.
MC0042,VOMER_ARTICULATION,"Vomer, anterior articulation: maxilla (0); premaxilla (1).",Wilson (2002),WIL02_REF:C42,baseline,,,,,high,7,6,6,WU09; KN10; C12; W02; M19; M26,yes,2009,2026,17,frozen-v1.0,NOT_YET_AUDITED,,,NOT_PHASE2_TARGET,,,,NOT_PHASE3_C12_TARGET,,,NOT_PHASE4_DE12_TARGET,,,NOT_PHASE5_GA11_TARGET,,,NOT_PHASE6_M26_TARGET,,,FROZEN_V1,high,Canonical identity frozen in MacronariaMatrix v1.0.0 after the multi-phase lineage and duplicate audit.
MC0043,SO < F.MAGNUM HEIGHT,"Supraoccipital, height: twice (0) subequal to or less than (1) height of foramen magnum.",Wilson (2002),WIL02_REF:C43,baseline,,,,,high,9,8,8,WU09; KN10; GA11; C12; DE12; W02; M19; M26,yes,2009,2026,17,frozen-v1.0,NOT_YET_AUDITED,,,NOT_PHASE2_TARGET,,,,NOT_PHASE3_C12_TARGET,,,NOT_PHASE4_DE12_TARGET,,,NOT_PHASE5_GA11_TARGET,,,NOT_PHASE6_M26_TARGET,,,FROZEN_V1,high,Canonical identity frozen in MacronariaMatrix v1.0.0 after the multi-phase lineage and duplicate audit.
MC0044,POP W/NONARTICULAR VENT PR,"Paroccipital process, ventral nonarticular pro- cess: absent (0); present (1).",Wilson (2002),WIL02_REF:C44,baseline,,,,,high,9,8,8,WU09; KN10; GA11; C12; DE12; W02; M19; M26,yes,2009,2026,17,frozen-v1.0,NOT_YET_AUDITED,,,NOT_PHASE2_TARGET,,,,NOT_PHASE3_C12_TARGET,,,NOT_PHASE4_DE12_TARGET,,,NOT_PHASE5_GA11_TARGET,,,NOT_PHASE6_M26_TARGET,,,FROZEN_V1,high,Canonical identity frozen in MacronariaMatrix v1.0.0 after the multi-phase lineage and duplicate audit.
MC0045,DORSOLATERAL_PROCESS_OF_PRO,"Crista prootica, size: rudimentary (0); expanded laterally into ‘dorsolateral process’ (1).",Wilson (2002),WIL02_REF:C45,baseline,,,,,high,5,4,4,WU09; KN10; C12; W02,yes,2009,2014,5,frozen-v1.0,NOT_YET_AUDITED,,,NOT_PHASE2_TARGET,,,,NOT_PHASE3_C12_TARGET,,,NOT_PHASE4_DE12_TARGET,,,NOT_PHASE5_GA11_TARGET,,,NOT_PHASE6_M26_TARGET,,,FROZEN_V1,high,Canonical identity frozen in MacronariaMatrix v1.0.0 after the multi-phase lineage and duplicate audit.
MC0046,BPT_LENGTH,"Basipterygoid processes, length: short, approxi- mately twice (0) or elongate, at least four times (1) basal diameter.",Wilson (2002),WIL02_REF:C46,baseline,,,,,high,7,6,6,WU09; KN10; C12; W02; M19; M26,yes,2009,2026,17,frozen-v1.0,NOT_YET_AUDITED,,,NOT_PHASE2_TARGET,,,,NOT_PHASE3_C12_TARGET,,,NOT_PHASE4_DE12_TARGET,,,NOT_PHASE5_GA11_TARGET,,,NOT_PHASE6_M26_TARGET,,,FROZEN_V1,high,Canonical identity frozen in MacronariaMatrix v1.0.0 after the multi-phase lineage and duplicate audit.
MC0047,BPT_SPREAD,"Basipterygoid processes, angle of divergence: approximately 45° (0); less than 30° (1).",Wilson (2002),WIL02_REF:C47,baseline,,,,,high,6,5,5,WU09; KN10; GA11; C12; W02,yes,2009,2014,5,frozen-v1.0,NOT_YET_AUDITED,,,NOT_PHASE2_TARGET,,,,NOT_PHASE3_C12_TARGET,,,NOT_PHASE4_DE12_TARGET,,,NOT_PHASE5_GA11_TARGET,,,NOT_PHASE6_M26_TARGET,,,FROZEN_V1,high,Canonical identity frozen in MacronariaMatrix v1.0.0 after the multi-phase lineage and duplicate audit.
MC0048,BASAL TUBERA-SHEETINLIKE,"Basal tubera, anteroposterior depth: approxi- mately half dorsoventral height (0); sheet-like, 20% dorsoventral height (1).",Wilson (2002),WIL02_REF:C48,baseline,,,,,high,8,7,7,WU09; KN10; GA11; C12; W02; M19; M26,yes,2009,2026,17,frozen-v1.0,NOT_YET_AUDITED,,,FROZEN_WITH_PHASE2_REDIRECT,high,Retained canonical ID gained M19/M26 occurrences through a source/definition-level Phase-2 redirect.,,NOT_PHASE3_C12_TARGET,,,NOT_PHASE4_DE12_TARGET,,,NOT_PHASE5_GA11_TARGET,,,NOT_PHASE6_M26_TARGET,,,FROZEN_V1,high,Canonical identity frozen in MacronariaMatrix v1.0.0 after the multi-phase lineage and duplicate audit.
MC0049,BT_NARROW,"Basal tubera, breadth: much broader than (0) or narrower than occipital condyle (1).",Wilson (2002),WIL02_REF:C49,baseline,,,,,high,8,7,7,WU09; KN10; C12; DE12; W02; M19; M26,yes,2009,2026,17,frozen-v1.0,NOT_YET_AUDITED,,,NOT_PHASE2_TARGET,,,,NOT_PHASE3_C12_TARGET,,,NOT_PHASE4_DE12_TARGET,,,NOT_PHASE5_GA11_TARGET,,,NOT_PHASE6_M26_TARGET,,,FROZEN_V1,high,Canonical identity frozen in MacronariaMatrix v1.0.0 after the multi-phase lineage and duplicate audit.
MC0050,BS_DEPRESSION,Basioccipital depression between foramen mag- num and basal tubera: absent (0); present (1).,Wilson (2002),WIL02_REF:C50,baseline,,,,,high,5,4,4,WU09; KN10; C12; W02,yes,2009,2014,5,frozen-v1.0,NOT_YET_AUDITED,,,NOT_PHASE2_TARGET,,,,NOT_PHASE3_C12_TARGET,,,NOT_PHASE4_DE12_TARGET,,,NOT_PHASE5_GA11_TARGET,,,NOT_PHASE6_M26_TARGET,,,FROZEN_V1,high,Canonical identity frozen in MacronariaMatrix v1.0.0 after the multi-phase lineage and duplicate audit.
MC0051,BS/BPT RECESS,Basisphenoid/basipterygoid recess: present (0); absent (1).,Wilson (2002),WIL02_REF:C51,baseline,,,,,high,5,4,4,WU09; KN10; C12; W02,yes,2009,2014,5,frozen-v1.0,NOT_YET_AUDITED,,,NOT_PHASE2_TARGET,,,,NOT_PHASE3_C12_TARGET,,,NOT_PHASE4_DE12_TARGET,,,NOT_PHASE5_GA11_TARGET,,,NOT_PHASE6_M26_TARGET,,,FROZEN_V1,high,Canonical identity frozen in MacronariaMatrix v1.0.0 after the multi-phase lineage and duplicate audit.
MC0052,BS-Q CONTACT,Basisphenoid-quadrate contact: absent (0); present (1).,Wilson (2002),WIL02_REF:C52,baseline,,,,,high,7,6,6,WU09; KN10; C12; W02; M19; M26,yes,2009,2026,17,frozen-v1.0,NOT_YET_AUDITED,,,NOT_PHASE2_TARGET,,,,NOT_PHASE3_C12_TARGET,,,NOT_PHASE4_DE12_TARGET,,,NOT_PHASE5_GA11_TARGET,,,NOT_PHASE6_M26_TARGET,,,FROZEN_V1,high,Canonical identity frozen in MacronariaMatrix v1.0.0 after the multi-phase lineage and duplicate audit.
MC0053,BPT_ORIENTATION,"Basipterygoid processes, orientation: perpendic- ular to (0) or angled approximately 45° to (1) skull roof.",Wilson (2002),WIL02_REF:C53,baseline,,,,,high,7,6,6,WU09; KN10; C12; W02; M19; M26,yes,2009,2026,17,frozen-v1.0,NOT_YET_AUDITED,,,FROZEN_WITH_PHASE2_REDIRECT,high,Retained canonical ID gained M19/M26 occurrences through a source/definition-level Phase-2 redirect.,,NOT_PHASE3_C12_TARGET,,,NOT_PHASE4_DE12_TARGET,,,NOT_PHASE5_GA11_TARGET,,,NOT_PHASE6_M26_TARGET,,,FROZEN_V1,high,Canonical identity frozen in MacronariaMatrix v1.0.0 after the multi-phase lineage and duplicate audit.
MC0054,OCCIPUT_FLAT,"Occipital region of skull, shape: anteroposteri- orly deep, paroccipital processes oriented posterolaterally (0); flat, paroccipital processes oriented transversely (1).",Wilson (2002),WIL02_REF:C54,baseline,,,,,high,5,4,4,WU09; KN10; C12; W02,yes,2009,2014,5,frozen-v1.0,NOT_YET_AUDITED,,,NOT_PHASE2_TARGET,,,,NOT_PHASE3_C12_TARGET,,,NOT_PHASE4_DE12_TARGET,,,NOT_PHASE5_GA11_TARGET,,,NOT_PHASE6_M26_TARGET,,,FROZEN_V1,high,Canonical identity frozen in MacronariaMatrix v1.0.0 after the multi-phase lineage and duplicate audit.
MC0055,D_DEEPENS_ANTERIORLY,"Dentary, depth of anterior end of ramus: slightly less than that of dentary at midlength (0); 150% minimum depth (1).",Wilson (2002),WIL02_REF:C55,baseline,,,,,high,7,6,6,WU09; KN10; C12; W02; M19; M26,yes,2009,2026,17,frozen-v1.0,NOT_YET_AUDITED,,,FROZEN_WITH_PHASE2_REDIRECT,high,Retained canonical ID gained M19/M26 occurrences through a source/definition-level Phase-2 redirect.,,NOT_PHASE3_C12_TARGET,,,NOT_PHASE4_DE12_TARGET,,,NOT_PHASE5_GA11_TARGET,,,NOT_PHASE6_M26_TARGET,,,FROZEN_V1,high,Canonical identity frozen in MacronariaMatrix v1.0.0 after the multi-phase lineage and duplicate audit.
MC0056,D_WITH_CHIN,"Dentary, anteroventral margin shape: gently rounded (0); sharply projecting triangular pro- cess or ‘chin’ (1).",Wilson (2002),WIL02_REF:C56,baseline,,,,,high,7,6,6,WU09; KN10; C12; W02; M19; M26,yes,2009,2026,17,frozen-v1.0,NOT_YET_AUDITED,,,NOT_PHASE2_TARGET,,,,NOT_PHASE3_C12_TARGET,,,NOT_PHASE4_DE12_TARGET,,,NOT_PHASE5_GA11_TARGET,,,NOT_PHASE6_M26_TARGET,,,FROZEN_V1,high,Canonical identity frozen in MacronariaMatrix v1.0.0 after the multi-phase lineage and duplicate audit.
MC0057,DENTARY_SYMPH_PERP_TO_RAMUS,"Dentary symphysis, orientation: angled 15° or more anteriorly to (0) or perpendicular to (1) axis of jaw ramus.",Wilson (2002),WIL02_REF:C57,baseline,,,,,high,5,4,4,WU09; KN10; C12; W02,yes,2009,2014,5,frozen-v1.0,NOT_YET_AUDITED,,,NOT_PHASE2_TARGET,,,,NOT_PHASE3_C12_TARGET,,,NOT_PHASE4_DE12_TARGET,,,NOT_PHASE5_GA11_TARGET,,,NOT_PHASE6_M26_TARGET,,,FROZEN_V1,high,Canonical identity frozen in MacronariaMatrix v1.0.0 after the multi-phase lineage and duplicate audit.
MC0058,EMF_CLOSED,External mandibular fenestra: present (0); absent (1).,Wilson (2002),WIL02_REF:C58,baseline,,,,,high,7,6,6,WU09; KN10; C12; W02; M19; M26,yes,2009,2026,17,frozen-v1.0,NOT_YET_AUDITED,,,NOT_PHASE2_TARGET,,,,NOT_PHASE3_C12_TARGET,,,NOT_PHASE4_DE12_TARGET,,,NOT_PHASE5_GA11_TARGET,,,NOT_PHASE6_M26_TARGET,,,FROZEN_V1,high,Canonical identity frozen in MacronariaMatrix v1.0.0 after the multi-phase lineage and duplicate audit.
MC0059,CORONOID,Surangular depth: less than twice (0) or more than two and one-half times (1) maximum depth of the angular.,Wilson (2002),WIL02_REF:C59,baseline,,,,,high,8,7,7,WU09; KN10; C12; DE12; W02; M19; M26,yes,2009,2026,17,frozen-v1.0,NOT_YET_AUDITED,,,NOT_PHASE2_TARGET,,,,NOT_PHASE3_C12_TARGET,,,NOT_PHASE4_DE12_TARGET,,,NOT_PHASE5_GA11_TARGET,,,NOT_PHASE6_M26_TARGET,,,FROZEN_V1,high,Canonical identity frozen in MacronariaMatrix v1.0.0 after the multi-phase lineage and duplicate audit.
MC0060,SA_RIDGE,Surangular ridge separating adductor and artic- ular fossae: absent (0); present (1).,Wilson (2002),WIL02_REF:C60,baseline,,,,,high,5,4,4,WU09; KN10; C12; W02,yes,2009,2014,5,frozen-v1.0,NOT_YET_AUDITED,,,NOT_PHASE2_TARGET,,,,NOT_PHASE3_C12_TARGET,,,NOT_PHASE4_DE12_TARGET,,,NOT_PHASE5_GA11_TARGET,,,NOT_PHASE6_M26_TARGET,,,FROZEN_V1,high,Canonical identity frozen in MacronariaMatrix v1.0.0 after the multi-phase lineage and duplicate audit.
MC0061,ADDUCTOR_F_MED_WALL_DEPTH,"Adductor fossa, medial wall depth: shallow (0); deep, prearticular expanded dorsoventrally (1).",Wilson (2002),WIL02_REF:C61,baseline,,,,,high,5,4,4,WU09; KN10; C12; W02,yes,2009,2014,5,frozen-v1.0,NOT_YET_AUDITED,,,NOT_PHASE2_TARGET,,,,NOT_PHASE3_C12_TARGET,,,NOT_PHASE4_DE12_TARGET,,,NOT_PHASE5_GA11_TARGET,,,NOT_PHASE6_M26_TARGET,,,FROZEN_V1,high,Canonical identity frozen in MacronariaMatrix v1.0.0 after the multi-phase lineage and duplicate audit.
MC0062,SPL_POST_PR_SEP_ANG_AND_PRART,"Splenial posterior process, position: overlapping angular (0); separating anterior portions of prearticular and angular (1).",Wilson (2002),WIL02_REF:C62,baseline,,,,,high,5,4,4,WU09; KN10; C12; W02,yes,2009,2014,5,frozen-v1.0,NOT_YET_AUDITED,,,NOT_PHASE2_TARGET,,,,NOT_PHASE3_C12_TARGET,,,NOT_PHASE4_DE12_TARGET,,,NOT_PHASE5_GA11_TARGET,,,NOT_PHASE6_M26_TARGET,,,FROZEN_V1,high,Canonical identity frozen in MacronariaMatrix v1.0.0 after the multi-phase lineage and duplicate audit.
MC0063,SPL W/DISTINCT ANT&D PR'S,"Splenial posterodorsal process: present, approaching margin of adductor chamber (0); absent (1).",Wilson (2002),WIL02_REF:C63,baseline,,,,,high,5,4,4,WU09; KN10; C12; W02,yes,2009,2014,5,frozen-v1.0,NOT_YET_AUDITED,,,NOT_PHASE2_TARGET,,,,NOT_PHASE3_C12_TARGET,,,NOT_PHASE4_DE12_TARGET,,,NOT_PHASE5_GA11_TARGET,,,NOT_PHASE6_M26_TARGET,,,FROZEN_V1,high,Canonical identity frozen in MacronariaMatrix v1.0.0 after the multi-phase lineage and duplicate audit.
MC0064,CORONOID_REDUCED,"Coronoid, size: extending to dorsal margin of jaw (0); reduced, not extending dorsal to splenial (1); absent (2).",Wilson (2002),WIL02_REF:C64,baseline,,,,,high,5,4,4,WU09; KN10; C12; W02,yes,2009,2014,5,frozen-v1.0,NOT_YET_AUDITED,,,NOT_PHASE2_TARGET,,,,NOT_PHASE3_C12_TARGET,,,NOT_PHASE4_DE12_TARGET,,,NOT_PHASE5_GA11_TARGET,,,NOT_PHASE6_M26_TARGET,,,FROZEN_V1,high,Canonical identity frozen in MacronariaMatrix v1.0.0 after the multi-phase lineage and duplicate audit.
MC0065,TOOTH_ROWS_ARCHED,"Tooth rows, shape of anterior portions: narrowly arched, anterior portion of tooth rows V-shaped (0); broadly arched, anterior portion of tooth rows U-shaped (1); rectangular, tooth-bearing portion of jaw perpendicular to jaw rami (2).",Wilson (2002),WIL02_REF:C65,baseline,,,,,high,5,4,4,WU09; KN10; C12; W02,yes,2009,2014,5,frozen-v1.0,NOT_YET_AUDITED,,,NOT_PHASE2_TARGET,,,,NOT_PHASE3_C12_TARGET,,,NOT_PHASE4_DE12_TARGET,,,NOT_PHASE5_GA11_TARGET,,,NOT_PHASE6_M26_TARGET,,,FROZEN_V1,high,Canonical identity frozen in MacronariaMatrix v1.0.0 after the multi-phase lineage and duplicate audit.
MC0066,TOOTH_ROWS_RESTICTED_ANTERIORLY,"Tooth rows, length: extending to orbit (0); res- tricted anterior to orbit (1); restricted anterior to subnarial foramen (2).",Wilson (2002),WIL02_REF:C66,baseline,,,,,high,7,6,6,WU09; KN10; C12; W02; M19; M26,yes,2009,2026,17,frozen-v1.0,NOT_YET_AUDITED,,,NOT_PHASE2_TARGET,,,,NOT_PHASE3_C12_TARGET,,,NOT_PHASE4_DE12_TARGET,,,NOT_PHASE5_GA11_TARGET,,,NOT_PHASE6_M26_TARGET,,,FROZEN_V1,high,Canonical identity frozen in MacronariaMatrix v1.0.0 after the multi-phase lineage and duplicate audit.
MC0067,PRECISE_OCCLUSION,Crown-to-crown occlusion: absent (0); present (1).,Wilson (2002),WIL02_REF:C67,baseline,,,,,high,4,3,3,WU09; KN10; W02,yes,2009,2014,5,frozen-v1.0,NOT_YET_AUDITED,,,NOT_PHASE2_TARGET,,,,NOT_PHASE3_C12_TARGET,,,NOT_PHASE4_DE12_TARGET,,,NOT_PHASE5_GA11_TARGET,,,NOT_PHASE6_M26_TARGET,,,FROZEN_V1,high,Canonical identity frozen in MacronariaMatrix v1.0.0 after the multi-phase lineage and duplicate audit.
MC0068,V_SHAPED_WEAR_FACETS,"Occlusal pattern: interlocking, V-shaped facets (0); high-angled planar facets (1); low-angled pla- nar facets (2).",Wilson (2002),WIL02_REF:C68,baseline,,,,,high,6,5,5,WU09; KN10; W02; M19; M26,yes,2009,2026,17,frozen-v1.0,NOT_YET_AUDITED,,,NOT_PHASE2_TARGET,,,,NOT_PHASE3_C12_TARGET,,,NOT_PHASE4_DE12_TARGET,,,NOT_PHASE5_GA11_TARGET,,,NOT_PHASE6_M26_TARGET,,,FROZEN_V1,high,Canonical identity frozen in MacronariaMatrix v1.0.0 after the multi-phase lineage and duplicate audit.
MC0069,TOOTH_CROWN_OVERLAP,"Tooth crowns, orientation: aligned along jaw axis, crowns do not overlap (0); aligned slightly anterolingually, tooth crowns overlap (1).",Wilson (2002),WIL02_REF:C69,baseline,,,,,high,8,7,7,WU09; KN10; C12; DE12; W02; M19; M26,yes,2009,2026,17,frozen-v1.0,NOT_YET_AUDITED,,,NOT_PHASE2_TARGET,,,,NOT_PHASE3_C12_TARGET,,,NOT_PHASE4_DE12_TARGET,,,NOT_PHASE5_GA11_TARGET,,,NOT_PHASE6_M26_TARGET,,,FROZEN_V1,high,Canonical identity frozen in MacronariaMatrix v1.0.0 after the multi-phase lineage and duplicate audit.
MC0070,SPATULATE_CROWNS,"Tooth crowns, cross-sectional shape at mid- crown: elliptical (0); D-shaped (1); cylindrical (2).",Wilson (2002),WIL02_REF:C70,baseline,,,,,high,8,7,7,WU09; KN10; GA11; C12; W02; M19; M26,yes,2009,2026,17,frozen-v1.0,NOT_YET_AUDITED,,,NOT_PHASE2_TARGET,,,,NOT_PHASE3_C12_TARGET,,,NOT_PHASE4_DE12_TARGET,,,NOT_PHASE5_GA11_TARGET,,,NOT_PHASE6_M26_TARGET,,,FROZEN_V1,high,Canonical identity frozen in MacronariaMatrix v1.0.0 after the multi-phase lineage and duplicate audit.
MC0071,WRINKLED_ENAMEL,Enamel surface texture: smooth (0); wrinkled (1).,Wilson (2002),WIL02_REF:C71,baseline,,,,,high,5,4,4,WU09; KN10; C12; W02,yes,2009,2014,5,frozen-v1.0,NOT_YET_AUDITED,,,NOT_PHASE2_TARGET,,,,NOT_PHASE3_C12_TARGET,,,NOT_PHASE4_DE12_TARGET,,,NOT_PHASE5_GA11_TARGET,,,NOT_PHASE6_M26_TARGET,,,FROZEN_V1,high,Canonical identity frozen in MacronariaMatrix v1.0.0 after the multi-phase lineage and duplicate audit.
MC0072,DENTICLES_ABSENT,Marginal tooth denticles: present (0); absent on posterior edge (1); absent on both anterior and posterior edges (2).,Wilson (2002),WIL02_REF:C72,baseline,,,,,high,8,7,7,WU09; KN10; C12; DE12; W02; M19; M26,yes,2009,2026,17,frozen-v1.0,NOT_YET_AUDITED,,,FROZEN_WITH_PHASE2_REDIRECT,high,Retained canonical ID gained M19/M26 occurrences through a source/definition-level Phase-2 redirect.,,NOT_PHASE3_C12_TARGET,,,NOT_PHASE4_DE12_TARGET,,,NOT_PHASE5_GA11_TARGET,,,NOT_PHASE6_M26_TARGET,,,FROZEN_V1,high,Canonical identity frozen in MacronariaMatrix v1.0.0 after the multi-phase lineage and duplicate audit.
MC0073,DENTARY_TOOTH_COUNT,"Dentary teeth, number: greater than 20 (0); 17 or fewer (1).",Wilson (2002),WIL02_REF:C73,baseline,,,,,high,8,7,7,WU09; KN10; C12; DE12; W02; M19; M26,yes,2009,2026,17,frozen-v1.0,NOT_YET_AUDITED,,,NOT_PHASE2_TARGET,,,,NOT_PHASE3_C12_TARGET,,,NOT_PHASE4_DE12_TARGET,,,NOT_PHASE5_GA11_TARGET,,,NOT_PHASE6_M26_TARGET,,,FROZEN_V1,high,Canonical identity frozen in MacronariaMatrix v1.0.0 after the multi-phase lineage and duplicate audit.
MC0074,REPLACEMENT TEETH/ALVEOLUS,"Replacement teeth per alveolus, number: two or fewer (0); more than four (1).",Wilson (2002),WIL02_REF:C74,baseline,,,,,high,7,6,6,WU09; KN10; C12; W02; M19; M26,yes,2009,2026,17,frozen-v1.0,NOT_YET_AUDITED,,,FROZEN_WITH_PHASE2_REDIRECT,high,Retained canonical ID gained M19/M26 occurrences through a source/definition-level Phase-2 redirect.,,NOT_PHASE3_C12_TARGET,,,NOT_PHASE4_DE12_TARGET,,,NOT_PHASE5_GA11_TARGET,,,NOT_PHASE6_M26_TARGET,,,FROZEN_V1,high,Canonical identity frozen in MacronariaMatrix v1.0.0 after the multi-phase lineage and duplicate audit.
MC0075,PROCUMBENT_DENTITION,"Teeth, orientation: perpendicular (0) or oriented anteriorly relative (1) to jaw margin.",Wilson (2002),WIL02_REF:C75,baseline,,,,,high,5,4,4,WU09; KN10; C12; W02,yes,2009,2014,5,frozen-v1.0,NOT_YET_AUDITED,,,NOT_PHASE2_TARGET,,,,NOT_PHASE3_C12_TARGET,,,NOT_PHASE4_DE12_TARGET,,,NOT_PHASE5_GA11_TARGET,,,NOT_PHASE6_M26_TARGET,,,FROZEN_V1,high,Canonical identity frozen in MacronariaMatrix v1.0.0 after the multi-phase lineage and duplicate audit.
MC0076,LINGUAL_CROWN_GROOVES,"Teeth, longitudinal grooves on lingual aspect: absent (0); present (1).",Wilson (2002),WIL02_REF:C76,baseline,,,,,high,5,4,4,WU09; KN10; C12; W02,yes,2009,2014,5,frozen-v1.0,NOT_YET_AUDITED,,,NOT_PHASE2_TARGET,,,,NOT_PHASE3_C12_TARGET,,,NOT_PHASE4_DE12_TARGET,,,NOT_PHASE5_GA11_TARGET,,,NOT_PHASE6_M26_TARGET,,,FROZEN_V1,high,Canonical identity frozen in MacronariaMatrix v1.0.0 after the multi-phase lineage and duplicate audit.
MC0077,SPONGY_BONE,"Presacral bone texture: solid (0); spongy, with large, open internal cells, ‘camellate’ (Britt, 1993, 1997) (1).",Wilson (2002),WIL02_REF:C77,baseline,,,,,high,6,5,5,WU09; KN10; GA11; DE12; W02,yes,2009,2014,5,frozen-v1.0,NOT_YET_AUDITED,,,NOT_PHASE2_TARGET,,,,NOT_PHASE3_C12_TARGET,,,NOT_PHASE4_DE12_TARGET,,,NOT_PHASE5_GA11_TARGET,,,NOT_PHASE6_M26_TARGET,,,FROZEN_V1,high,Canonical identity frozen in MacronariaMatrix v1.0.0 after the multi-phase lineage and duplicate audit.
MC0078,PRESAC_PLEUROCOELS,"Presacral centra, pneumatopores (pleurocoels): absent (0); present (1).",Wilson (2002),WIL02_REF:C78,baseline,,,,,high,5,4,4,WU09; KN10; DE12; W02,yes,2009,2014,5,frozen-v1.0,NOT_YET_AUDITED,,,NOT_PHASE2_TARGET,,,,NOT_PHASE3_C12_TARGET,,,NOT_PHASE4_DE12_TARGET,,,NOT_PHASE5_GA11_TARGET,,,NOT_PHASE6_M26_TARGET,,,FROZEN_V1,high,Canonical identity frozen in MacronariaMatrix v1.0.0 after the multi-phase lineage and duplicate audit.
MC0079,ATL_IC_ELONGATE,"Atlantal intercentrum, occipital facet shape: rectangular in lateral view, length of dorsal aspect subequal to that of ventral aspect (0); expanded anteroventrally in lateral view, antero- posterior length of dorsal aspect shorter than that of ventral aspect (1).",Wilson (2002),WIL02_REF:C79,baseline,,,,,high,7,6,6,WU09; KN10; C12; W02; M19; M26,yes,2009,2026,17,frozen-v1.0,NOT_YET_AUDITED,,,NOT_PHASE2_TARGET,,,,NOT_PHASE3_C12_TARGET,,,NOT_PHASE4_DE12_TARGET,,,NOT_PHASE5_GA11_TARGET,,,NOT_PHASE6_M26_TARGET,,,FROZEN_V1,high,Canonical identity frozen in MacronariaMatrix v1.0.0 after the multi-phase lineage and duplicate audit.
MC0080,#CERVICALS,"Cervical vertebrae, number: 9 or fewer (0); 10 (1); 12 (2); 13 (3); 15 or greater (4).",Wilson (2002),WIL02_REF:C80,baseline,,,,,high,9,8,8,WU09; KN10; GA11; C12; DE12; W02; M19; M26,yes,2009,2026,17,frozen-v1.0,NOT_YET_AUDITED,,,NOT_PHASE2_TARGET,,,,NOT_PHASE3_C12_TARGET,,,NOT_PHASE4_DE12_TARGET,,,NOT_PHASE5_GA11_TARGET,,,NOT_PHASE6_M26_TARGET,,,FROZEN_V1,high,Canonical identity frozen in MacronariaMatrix v1.0.0 after the multi-phase lineage and duplicate audit.
MC0081,CERVICAL_LAMINAE_RUD,"Cervical neural arch lamination: well developed, with well defined laminae and coels (0); rudimen- tary; diapophyseal laminae only feebly developed if present (1).",Wilson (2002),WIL02_REF:C81,baseline,,,,,high,5,4,4,WU09; KN10; C12; W02,yes,2009,2014,5,frozen-v1.0,NOT_YET_AUDITED,,,NOT_PHASE2_TARGET,,,,NOT_PHASE3_C12_TARGET,,,NOT_PHASE4_DE12_TARGET,,,NOT_PHASE5_GA11_TARGET,,,NOT_PHASE6_M26_TARGET,,,FROZEN_V1,high,Canonical identity frozen in MacronariaMatrix v1.0.0 after the multi-phase lineage and duplicate audit.
MC0082,CERVICALS_OPISTHOCOELOUS,"Cervical centra, articular face morphology: amphicoelous (0); opisthocoelous (1).",Wilson (2002),WIL02_REF:C82,baseline,,,,,high,5,4,4,WU09; KN10; C12; W02,yes,2009,2014,5,frozen-v1.0,NOT_YET_AUDITED,,,NOT_PHASE2_TARGET,,,,NOT_PHASE3_C12_TARGET,,,NOT_PHASE4_DE12_TARGET,,,NOT_PHASE5_GA11_TARGET,,,NOT_PHASE6_M26_TARGET,,,FROZEN_V1,high,Canonical identity frozen in MacronariaMatrix v1.0.0 after the multi-phase lineage and duplicate audit.
MC0083,DIVIDED_PLEUROCOELS,"Cervical pneumatopores (pleurocoels), shape: simple, undivided (0); complex, divided by bony septa (1).",Wilson (2002),WIL02_REF:C83,baseline,,,,,high,6,5,5,WU09; KN10; GA11; DE12; W02,yes,2009,2014,5,frozen-v1.0,NOT_YET_AUDITED,,,NOT_PHASE2_TARGET,,,,NOT_PHASE3_C12_TARGET,,,NOT_PHASE4_DE12_TARGET,,,NOT_PHASE5_GA11_TARGET,,,NOT_PHASE6_M26_TARGET,,,FROZEN_V1,high,Canonical identity frozen in MacronariaMatrix v1.0.0 after the multi-phase lineage and duplicate audit.
MC0084,ANT CV CENTRA H/W=1.25,"Anterior cervical centra, height:width ratio: less than 1 (0); approximately 1.25 (1).",Wilson (2002),WIL02_REF:C84,baseline,,,,,high,7,6,6,WU09; KN10; C12; W02; M19; M26,yes,2009,2026,17,frozen-v1.0,NOT_YET_AUDITED,,,NOT_PHASE2_TARGET,,,,NOT_PHASE3_C12_TARGET,,,NOT_PHASE4_DE12_TARGET,,,NOT_PHASE5_GA11_TARGET,,,NOT_PHASE6_M26_TARGET,,,FROZEN_V1,high,Canonical identity frozen in MacronariaMatrix v1.0.0 after the multi-phase lineage and duplicate audit.
MC0085,BIFID ANT CV NSP'S,"Anterior cervical neural spines, shape: single (0); bifid (1).",Wilson (2002),WIL02_REF:C85,baseline,,,,,high,7,6,6,WU09; KN10; GA11; C12; DE12; W02,yes,2009,2014,5,frozen-v1.0,NOT_YET_AUDITED,,,NOT_PHASE2_TARGET,,,,NOT_PHASE3_C12_TARGET,,,NOT_PHASE4_DE12_TARGET,,,NOT_PHASE5_GA11_TARGET,,,NOT_PHASE6_M26_TARGET,,,FROZEN_V1,high,Canonical identity frozen in MacronariaMatrix v1.0.0 after the multi-phase lineage and duplicate audit.
MC0086,LONG_CERVICALS,"Mid-cervical centra, anteroposterior length/ height of posterior face: 2.5-3.0 (0); > 4 (1).",Wilson (2002),WIL02_REF:C86,baseline,,,,,high,9,8,8,WU09; KN10; GA11; C12; DE12; W02; M19; M26,yes,2009,2026,17,frozen-v1.0,NOT_YET_AUDITED,,,NOT_PHASE2_TARGET,,,,NOT_PHASE3_C12_TARGET,,,NOT_PHASE4_DE12_TARGET,,,NOT_PHASE5_GA11_TARGET,,,NOT_PHASE6_M26_TARGET,,,FROZEN_V1,high,Canonical identity frozen in MacronariaMatrix v1.0.0 after the multi-phase lineage and duplicate audit.
MC0087,MID_CERV_N._ARCHES_DEEP,"Mid-cervical neural arches, height: less than that of posterior centrum face (0); greater than that of posterior centrum face (1).",Wilson (2002),WIL02_REF:C87,baseline,,,,,high,5,4,4,WU09; KN10; C12; W02,yes,2009,2014,5,frozen-v1.0,NOT_YET_AUDITED,,,NOT_PHASE2_TARGET,,,,NOT_PHASE3_C12_TARGET,,,NOT_PHASE4_DE12_TARGET,,,NOT_PHASE5_GA11_TARGET,,,NOT_PHASE6_M26_TARGET,,,FROZEN_V1,high,Canonical identity frozen in MacronariaMatrix v1.0.0 after the multi-phase lineage and duplicate audit.
MC0088,MID/POST CV DIV CPRL,"Middle and posterior cervical neural arches, cen- troprezygapophyseal lamina (cprl), shape: single (0); divided (1). Wilson [1999a: 650, 651] errone- ously lists this as characterizing dorsal neural arches.)",Wilson (2002),WIL02_REF:C88,baseline,,,,,high,7,6,6,WU09; KN10; C12; W02; M19; M26,yes,2009,2026,17,frozen-v1.0,NOT_YET_AUDITED,,,FROZEN_WITH_PHASE2_REDIRECT,high,Retained canonical ID gained M19/M26 occurrences through a source/definition-level Phase-2 redirect.,,NOT_PHASE3_C12_TARGET,,,NOT_PHASE4_DE12_TARGET,,,NOT_PHASE5_GA11_TARGET,,,NOT_PHASE6_M26_TARGET,,,FROZEN_V1,high,Canonical identity frozen in MacronariaMatrix v1.0.0 after the multi-phase lineage and duplicate audit.
MC0089,BIFID POST CV/ANT DORSAL NSP'S,"Posterior cervical and anterior dorsal neural spines, shape: single (0); bifid (1).",Wilson (2002),WIL02_REF:C89,baseline,,,,,high,7,6,6,WU09; KN10; DE12; W02; M19; M26,yes,2009,2026,17,frozen-v1.0,NOT_YET_AUDITED,,,NOT_PHASE2_TARGET,,,,NOT_PHASE3_C12_TARGET,,,NOT_PHASE4_DE12_TARGET,,,NOT_PHASE5_GA11_TARGET,,,NOT_PHASE6_M26_TARGET,,,FROZEN_V1,high,Canonical identity frozen in MacronariaMatrix v1.0.0 after the multi-phase lineage and duplicate audit.
MC0090,POST CV/ANT D W/MEDIAN TUB,"Posterior cervical and anterior dorsal bifid neu- ral spines, median tubercle: absent (0); present (1).",Wilson (2002),WIL02_REF:C90,baseline,,,,,high,6,5,5,WU09; KN10; W02; M19; M26,yes,2009,2026,17,frozen-v1.0,NOT_YET_AUDITED,,,NOT_PHASE2_TARGET,,,,NOT_PHASE3_C12_TARGET,,,NOT_PHASE4_DE12_TARGET,,,NOT_PHASE5_GA11_TARGET,,,NOT_PHASE6_M26_TARGET,,,FROZEN_V1,high,Canonical identity frozen in MacronariaMatrix v1.0.0 after the multi-phase lineage and duplicate audit.
MC0091,#_DORSALS,"Dorsal vertebrae, number: 15 (0); 14 (1); 13 (2); 12 (3); 11 (4); 10 or fewer (5).",Wilson (2002),WIL02_REF:C91,baseline,,,,,high,8,7,7,WU09; KN10; GA11; C12; W02; M19; M26,yes,2009,2026,17,frozen-v1.0,NOT_YET_AUDITED,,,NOT_PHASE2_TARGET,,,,NOT_PHASE3_C12_TARGET,,,NOT_PHASE4_DE12_TARGET,,,NOT_PHASE5_GA11_TARGET,,,NOT_PHASE6_M26_TARGET,,,FROZEN_V1,high,Canonical identity frozen in MacronariaMatrix v1.0.0 after the multi-phase lineage and duplicate audit.
MC0092,DORSAL N SP'S BROAD,"Dorsal neural spines, breadth: narrower (0) or much broader (1) transversely than anteroposteriorly.",Wilson (2002),WIL02_REF:C92,baseline,,,,,high,6,5,5,WU09; KN10; C12; DE12; W02,yes,2009,2014,5,frozen-v1.0,NOT_YET_AUDITED,,,NOT_PHASE2_TARGET,,,,NOT_PHASE3_C12_TARGET,,,NOT_PHASE4_DE12_TARGET,,,NOT_PHASE5_GA11_TARGET,,,NOT_PHASE6_M26_TARGET,,,FROZEN_V1,high,Canonical identity frozen in MacronariaMatrix v1.0.0 after the multi-phase lineage and duplicate audit.
MC0093,DORS NSP'S LONG,"Dorsal neural spines, length: approximately twice (0) or approximately four times (1) centrum length.",Wilson (2002),WIL02_REF:C93,baseline,,,,,high,4,3,3,WU09; KN10; W02,yes,2009,2014,5,frozen-v1.0,NOT_YET_AUDITED,,,NOT_PHASE2_TARGET,,,,NOT_PHASE3_C12_TARGET,,,NOT_PHASE4_DE12_TARGET,,,NOT_PHASE5_GA11_TARGET,,,NOT_PHASE6_M26_TARGET,,,FROZEN_V1,high,Canonical identity frozen in MacronariaMatrix v1.0.0 after the multi-phase lineage and duplicate audit.
MC0094,ANTERIOR_DORSALS_OPISTHOCOELOUS,"Anterior dorsal centra, articular face shape: amphicoelous (0); opisthocoelous (1).",Wilson (2002),WIL02_REF:C94,baseline,,,,,high,6,5,5,WU09; KN10; C12; DE12; W02,yes,2009,2014,5,frozen-v1.0,NOT_YET_AUDITED,,,NOT_PHASE2_TARGET,,,,NOT_PHASE3_C12_TARGET,,,NOT_PHASE4_DE12_TARGET,,,NOT_PHASE5_GA11_TARGET,,,NOT_PHASE6_M26_TARGET,,,FROZEN_V1,high,Canonical identity frozen in MacronariaMatrix v1.0.0 after the multi-phase lineage and duplicate audit.
MC0095,ANT_D_DIV_CPOL,"Middle and posterior dorsal neural arches, cen- tropostzygapophyseal lamina (cpol), shape: sin- gle (0); divided (1).",Wilson (2002),WIL02_REF:C95,baseline,,,,,high,4,3,3,WU09; KN10; W02,yes,2009,2014,5,frozen-v1.0,NOT_YET_AUDITED,,,NOT_PHASE2_TARGET,,,,NOT_PHASE3_C12_TARGET,,,NOT_PHASE4_DE12_TARGET,,,NOT_PHASE5_GA11_TARGET,,,NOT_PHASE6_M26_TARGET,,,FROZEN_V1,high,Canonical identity frozen in MacronariaMatrix v1.0.0 after the multi-phase lineage and duplicate audit.
MC0096,MID/P DV ACPL,"Middle and posterior dorsal neural arches, ante- rior centroparapophyseal lamina (acpl): absent (0); present (1).",Wilson (2002),WIL02_REF:C96,baseline,,,,,high,5,4,4,WU09; KN10; C12; W02,yes,2009,2014,5,frozen-v1.0,NOT_YET_AUDITED,,,NOT_PHASE2_TARGET,,,,NOT_PHASE3_C12_TARGET,,,NOT_PHASE4_DE12_TARGET,,,NOT_PHASE5_GA11_TARGET,,,NOT_PHASE6_M26_TARGET,,,FROZEN_V1,high,Canonical identity frozen in MacronariaMatrix v1.0.0 after the multi-phase lineage and duplicate audit.
MC0097,MID/P DV PRPL,"Middle and posterior dorsal neural arches, prezygoparapophyseal lamina (prpl): absent (0); present (1).",Wilson (2002),WIL02_REF:C97,baseline,,,,,high,7,6,6,WU09; KN10; C12; W02; M19; M26,yes,2009,2026,17,frozen-v1.0,NOT_YET_AUDITED,,,NOT_PHASE2_TARGET,,,,NOT_PHASE3_C12_TARGET,,,NOT_PHASE4_DE12_TARGET,,,NOT_PHASE5_GA11_TARGET,,,NOT_PHASE6_M26_TARGET,,,FROZEN_V1,high,Canonical identity frozen in MacronariaMatrix v1.0.0 after the multi-phase lineage and duplicate audit.
MC0098,MID/P DV PCPL,"Middle and posterior dorsal neural arches, pos- terior centroparapophyseal lamina (pcpl): absent (0); present (1).",Wilson (2002),WIL02_REF:C98,baseline,,,,,high,7,6,6,WU09; KN10; C12; W02; M19; M26,yes,2009,2026,17,frozen-v1.0,NOT_YET_AUDITED,,,NOT_PHASE2_TARGET,,,,NOT_PHASE3_C12_TARGET,,,NOT_PHASE4_DE12_TARGET,,,NOT_PHASE5_GA11_TARGET,,,NOT_PHASE6_M26_TARGET,,,FROZEN_V1,high,Canonical identity frozen in MacronariaMatrix v1.0.0 after the multi-phase lineage and duplicate audit.
MC0099,MID/P DV SPDL,"Middle and posterior dorsal neural arches, spin- odiapophyseal lamina (spdl): absent (0); present (1).",Wilson (2002),WIL02_REF:C99,baseline,,,,,high,7,6,6,WU09; KN10; C12; W02; M19; M26,yes,2009,2026,17,frozen-v1.0,NOT_YET_AUDITED,,,NOT_PHASE2_TARGET,,,,NOT_PHASE3_C12_TARGET,,,NOT_PHASE4_DE12_TARGET,,,NOT_PHASE5_GA11_TARGET,,,NOT_PHASE6_M26_TARGET,,,FROZEN_V1,high,Canonical identity frozen in MacronariaMatrix v1.0.0 after the multi-phase lineage and duplicate audit.
MC0100,MID/P DV SPOL DIV,Middle and posterior dorsal neural arches spino- postzygapophyseal lamina (spol) shape: single (0); divided (1).,Wilson (2002),WIL02_REF:C100,baseline,,,,,high,7,6,6,WU09; KN10; DE12; W02; M19; M26,yes,2009,2026,17,frozen-v1.0,NOT_YET_AUDITED,,,FROZEN_WITH_PHASE2_REDIRECT,high,Retained canonical ID gained M19/M26 occurrences through a source/definition-level Phase-2 redirect.,,NOT_PHASE3_C12_TARGET,,,NOT_PHASE4_DE12_TARGET,,,NOT_PHASE5_GA11_TARGET,,,NOT_PHASE6_M26_TARGET,,,FROZEN_V1,high,Canonical identity frozen in MacronariaMatrix v1.0.0 after the multi-phase lineage and duplicate audit.
MC0101,SPDL + SPOL,"Middle and posterior dorsal neural arches, spin- odiapophyseal lamina (spdl) and spinopostzy- gapophyseal lamina (spol) contact: absent (0); present (1).",Wilson (2002),WIL02_REF:C101,baseline,,,,,high,5,4,4,WU09; KN10; C12; W02,yes,2009,2014,5,frozen-v1.0,NOT_YET_AUDITED,,,NOT_PHASE2_TARGET,,,,NOT_PHASE3_C12_TARGET,,,NOT_PHASE4_DE12_TARGET,,,NOT_PHASE5_GA11_TARGET,,,NOT_PHASE6_M26_TARGET,,,FROZEN_V1,high,Canonical identity frozen in MacronariaMatrix v1.0.0 after the multi-phase lineage and duplicate audit.
MC0102,TRIANGULAR_N_SP_ON_DORSALS,"Middle and posterior dorsal neural spines, shape: tapering or not flaring distally (0); flared distally, with pendant, triangular lateral pro- cesses (1).",Wilson (2002),WIL02_REF:C102,baseline,,,,,high,7,6,6,WU09; KN10; C12; W02; M19; M26,yes,2009,2026,17,frozen-v1.0,NOT_YET_AUDITED,,,FROZEN_WITH_PHASE2_REDIRECT,high,Retained canonical ID gained M19/M26 occurrences through a source/definition-level Phase-2 redirect.,,NOT_PHASE3_C12_TARGET,,,NOT_PHASE4_DE12_TARGET,,,NOT_PHASE5_GA11_TARGET,,,NOT_PHASE6_M26_TARGET,,,FROZEN_V1,high,Canonical identity frozen in MacronariaMatrix v1.0.0 after the multi-phase lineage and duplicate audit.
MC0103,INFRDIAPOPHYSEAL_PNPORE,"Middle and posterior dorsal neural arches, ‘infra- diapophyseal’ pneumatopore between acdl and pcdl: absent (0); present (1).",Wilson (2002),WIL02_REF:C103,baseline,,,,,high,5,4,4,WU09; KN10; C12; W02,yes,2009,2014,5,frozen-v1.0,NOT_YET_AUDITED,,,NOT_PHASE2_TARGET,,,,NOT_PHASE3_C12_TARGET,,,NOT_PHASE4_DE12_TARGET,,,NOT_PHASE5_GA11_TARGET,,,NOT_PHASE6_M26_TARGET,,,FROZEN_V1,high,Canonical identity frozen in MacronariaMatrix v1.0.0 after the multi-phase lineage and duplicate audit.
MC0104,POSTERODORSALLY_INCLINED_N_SP,"Middle and posterior dorsal neural spines, orien- tation: vertical (0); posterior, neural spine sum- mit approaches level of diapophyses (1).",Wilson (2002),WIL02_REF:C104,baseline,,,,,high,6,5,5,WU09; KN10; C12; DE12; W02,yes,2009,2014,5,frozen-v1.0,NOT_YET_AUDITED,,,NOT_PHASE2_TARGET,,,,NOT_PHASE3_C12_TARGET,,,NOT_PHASE4_DE12_TARGET,,,NOT_PHASE5_GA11_TARGET,,,NOT_PHASE6_M26_TARGET,,,FROZEN_V1,high,Canonical identity frozen in MacronariaMatrix v1.0.0 after the multi-phase lineage and duplicate audit.
MC0105,POST_DV_OPISTHOCOELOUS,"Posterior dorsal centra, articular face shape: amphicoelous (0); opisthocoelous (1).",Wilson (2002),WIL02_REF:C105,baseline,,,,,high,6,5,5,WU09; KN10; C12; DE12; W02,yes,2009,2014,5,frozen-v1.0,NOT_YET_AUDITED,,,NOT_PHASE2_TARGET,,,,NOT_PHASE3_C12_TARGET,,,NOT_PHASE4_DE12_TARGET,,,NOT_PHASE5_GA11_TARGET,,,NOT_PHASE6_M26_TARGET,,,FROZEN_V1,high,Canonical identity frozen in MacronariaMatrix v1.0.0 after the multi-phase lineage and duplicate audit.
MC0106,POST DV HYP-HYP,"Posterior dorsal neural arches, hyposphene- hypantrum articulations: present (0); absent (1).",Wilson (2002),WIL02_REF:C106,baseline,,,,,high,9,8,8,WU09; KN10; GA11; C12; DE12; W02; M19; M26,yes,2009,2026,17,frozen-v1.0,NOT_YET_AUDITED,,,NOT_PHASE2_TARGET,,,,NOT_PHASE3_C12_TARGET,,,NOT_PHASE4_DE12_TARGET,,,NOT_PHASE5_GA11_TARGET,,,NOT_PHASE6_M26_TARGET,,,FROZEN_V1,high,Canonical identity frozen in MacronariaMatrix v1.0.0 after the multi-phase lineage and duplicate audit.
MC0107,PETAL D NSP'S,"Posterior dorsal neural spines, shape: rectangu- lar through most of length (0); ‘petal’ shaped, 262 expanding transversely through 75% of its length and then tapering (1).",Wilson (2002),WIL02_REF:C107,baseline,,,,,high,7,6,6,WU09; KN10; C12; W02; M19; M26,yes,2009,2026,17,frozen-v1.0,NOT_YET_AUDITED,,,NOT_PHASE2_TARGET,,,,NOT_PHASE3_C12_TARGET,,,NOT_PHASE4_DE12_TARGET,,,NOT_PHASE5_GA11_TARGET,,,NOT_PHASE6_M26_TARGET,,,FROZEN_V1,high,Canonical identity frozen in MacronariaMatrix v1.0.0 after the multi-phase lineage and duplicate audit.
MC0108,SACRAL_#,"Sacral vertebrae, number: 3 or fewer (0); 4 (1); 5 (2); 6 (3).",Wilson (2002),WIL02_REF:C108,baseline,,,,,high,9,8,8,WU09; KN10; GA11; C12; DE12; W02; M19; M26,yes,2009,2026,17,frozen-v1.0,NOT_YET_AUDITED,,,NOT_PHASE2_TARGET,,,,NOT_PHASE3_C12_TARGET,,,NOT_PHASE4_DE12_TARGET,,,NOT_PHASE5_GA11_TARGET,,,NOT_PHASE6_M26_TARGET,,,FROZEN_V1,high,Canonical identity frozen in MacronariaMatrix v1.0.0 after the multi-phase lineage and duplicate audit.
MC0109,SACRICOSTAL_YOKE,"Sacrum, sacricostal yoke: absent (0); present (1).",Wilson (2002),WIL02_REF:C109,baseline,,,,,high,6,5,5,WU09; KN10; C12; DE12; W02,yes,2009,2014,5,frozen-v1.0,NOT_YET_AUDITED,,,NOT_PHASE2_TARGET,,,,NOT_PHASE3_C12_TARGET,,,NOT_PHASE4_DE12_TARGET,,,NOT_PHASE5_GA11_TARGET,,,NOT_PHASE6_M26_TARGET,,,FROZEN_V1,high,Canonical identity frozen in MacronariaMatrix v1.0.0 after the multi-phase lineage and duplicate audit.
MC0110,SV_CONTR_TO_ACET,Sacral vertebrae contributing to acetabulum: numbers 1-3 (0); numbers 2-4 (1).,Wilson (2002),WIL02_REF:C110,baseline,,,,,high,4,3,3,WU09; KN10; W02,yes,2009,2014,5,frozen-v1.0,NOT_YET_AUDITED,,,NOT_PHASE2_TARGET,,,,NOT_PHASE3_C12_TARGET,,,NOT_PHASE4_DE12_TARGET,,,NOT_PHASE5_GA11_TARGET,,,NOT_PHASE6_M26_TARGET,,,FROZEN_V1,high,Canonical identity frozen in MacronariaMatrix v1.0.0 after the multi-phase lineage and duplicate audit.
MC0111,S NSP'S LONG,"Sacral neural spines, length: approximately twice (0) or four times (1) length of centrum.",Wilson (2002),WIL02_REF:C111,baseline,,,,,high,7,6,6,WU09; KN10; C12; W02; M19; M26,yes,2009,2026,17,frozen-v1.0,NOT_YET_AUDITED,,,NOT_PHASE2_TARGET,,,,NOT_PHASE3_C12_TARGET,,,NOT_PHASE4_DE12_TARGET,,,NOT_PHASE5_GA11_TARGET,,,NOT_PHASE6_M26_TARGET,,,FROZEN_WITH_FINAL_REDIRECT,high,Retained canonical ID receives final residual occurrence(s) via redirect: MC0855
MC0112,S_RIBS_ABOVE_ILIUM,"Sacral ribs, dorsoventral length: low, not project- ing beyond dorsal margin of ilium (0); high extending beyond dorsal margin of ilium (1).",Wilson (2002),WIL02_REF:C112,baseline,,,,,high,5,4,4,WU09; KN10; C12; W02,yes,2009,2014,5,frozen-v1.0,NOT_YET_AUDITED,,,NOT_PHASE2_TARGET,,,,NOT_PHASE3_C12_TARGET,,,NOT_PHASE4_DE12_TARGET,,,NOT_PHASE5_GA11_TARGET,,,NOT_PHASE6_M26_TARGET,,,FROZEN_V1,high,Canonical identity frozen in MacronariaMatrix v1.0.0 after the multi-phase lineage and duplicate audit.
MC0113,SPONGY CA'S,"Caudal bone texture: solid (0); spongy, with large internal cells (1).",Wilson (2002),WIL02_REF:C113,baseline,,,,,high,5,4,4,WU09; KN10; C12; W02,yes,2009,2014,5,frozen-v1.0,NOT_YET_AUDITED,,,NOT_PHASE2_TARGET,,,,NOT_PHASE3_C12_TARGET,,,NOT_PHASE4_DE12_TARGET,,,NOT_PHASE5_GA11_TARGET,,,NOT_PHASE6_M26_TARGET,,,FROZEN_V1,high,Canonical identity frozen in MacronariaMatrix v1.0.0 after the multi-phase lineage and duplicate audit.
MC0114,SHORT_TAIL,"Caudal vertebrae, number: more than 45 (0); 35 or fewer (1).",Wilson (2002),WIL02_REF:C114,baseline,,,,,high,8,7,7,WU09; KN10; C12; DE12; W02; M19; M26,yes,2009,2026,17,frozen-v1.0,NOT_YET_AUDITED,,,NOT_PHASE2_TARGET,,,,NOT_PHASE3_C12_TARGET,,,NOT_PHASE4_DE12_TARGET,,,NOT_PHASE5_GA11_TARGET,,,NOT_PHASE6_M26_TARGET,,,FROZEN_V1,high,Canonical identity frozen in MacronariaMatrix v1.0.0 after the multi-phase lineage and duplicate audit.
MC0115,TR PR'S DISAPPEAR BY CA 15,Caudal transverse processes: persist through caudal 20 or more posteriorly (0); disappear by caudal 15 (1); disappear by caudal 10 (2).,Wilson (2002),WIL02_REF:C115,baseline,,,,,high,6,5,5,WU09; KN10; GA11; C12; W02,yes,2009,2014,5,frozen-v1.0,NOT_YET_AUDITED,,,NOT_PHASE2_TARGET,,,,NOT_PHASE3_C12_TARGET,,,NOT_PHASE4_DE12_TARGET,,,NOT_PHASE5_GA11_TARGET,,,NOT_PHASE6_M26_TARGET,,,FROZEN_V1,high,Canonical identity frozen in MacronariaMatrix v1.0.0 after the multi-phase lineage and duplicate audit.
MC0116,CA_1_BICONVEX,"First caudal centrum, articular face shape: flat (0); procoelous (1); opisthocoelous (2); biconvex (3).",Wilson (2002),WIL02_REF:C116,baseline,,,,,high,6,5,5,WU09; KN10; GA11; C12; W02,yes,2009,2014,5,frozen-v1.0,NOT_YET_AUDITED,,,NOT_PHASE2_TARGET,,,,NOT_PHASE3_C12_TARGET,,,NOT_PHASE4_DE12_TARGET,,,NOT_PHASE5_GA11_TARGET,,,NOT_PHASE6_M26_TARGET,,,FROZEN_V1,high,Canonical identity frozen in MacronariaMatrix v1.0.0 after the multi-phase lineage and duplicate audit.
MC0117,CA_1_WITH_COEL_IN_N_ARCH,"First caudal neural arch, coel on lateral aspect of neural spine: absent (0); present (1).",Wilson (2002),WIL02_REF:C117,baseline,,,,,high,4,3,3,WU09; KN10; W02,yes,2009,2014,5,frozen-v1.0,NOT_YET_AUDITED,,,NOT_PHASE2_TARGET,,,,NOT_PHASE3_C12_TARGET,,,NOT_PHASE4_DE12_TARGET,,,NOT_PHASE5_GA11_TARGET,,,NOT_PHASE6_M26_TARGET,,,FROZEN_V1,high,Canonical identity frozen in MacronariaMatrix v1.0.0 after the multi-phase lineage and duplicate audit.
MC0118,PROCOELOUS ANT CA'S,"Anterior caudal centra (excluding the first), articular face shape: amphiplatyan or platy- coelous (0); procoelous (1); opisthocoelous (2).",Wilson (2002),WIL02_REF:C118,baseline,,,,,high,9,8,8,WU09; KN10; GA11; C12; DE12; W02; M19; M26,yes,2009,2026,17,frozen-v1.0,NOT_YET_AUDITED,,,NOT_PHASE2_TARGET,,,,NOT_PHASE3_C12_TARGET,,,NOT_PHASE4_DE12_TARGET,,,NOT_PHASE5_GA11_TARGET,,,NOT_PHASE6_M26_TARGET,,,FROZEN_V1,high,Canonical identity frozen in MacronariaMatrix v1.0.0 after the multi-phase lineage and duplicate audit.
MC0119,ANT CA C W/PLEUROCOEL,"Anterior caudal centra, pneumatopores (pleuro- coels): absent (0); present (1).",Wilson (2002),WIL02_REF:C119,baseline,,,,,high,5,4,4,WU09; KN10; C12; W02,yes,2009,2014,5,frozen-v1.0,NOT_YET_AUDITED,,,NOT_PHASE2_TARGET,,,,NOT_PHASE3_C12_TARGET,,,NOT_PHASE4_DE12_TARGET,,,NOT_PHASE5_GA11_TARGET,,,NOT_PHASE6_M26_TARGET,,,FROZEN_V1,high,Canonical identity frozen in MacronariaMatrix v1.0.0 after the multi-phase lineage and duplicate audit.
MC0120,CA_LENTHENING_POSTERIORLY,"Anterior caudal centra, length: approximately the same (0) or doubling (1) over the first 20 vertebrae.",Wilson (2002),WIL02_REF:C120,baseline,,,,,high,7,6,6,WU09; KN10; C12; W02; M19; M26,yes,2009,2026,17,frozen-v1.0,NOT_YET_AUDITED,,,NOT_PHASE2_TARGET,,,,NOT_PHASE3_C12_TARGET,,,NOT_PHASE4_DE12_TARGET,,,NOT_PHASE5_GA11_TARGET,,,NOT_PHASE6_M26_TARGET,,,FROZEN_V1,high,Canonical identity frozen in MacronariaMatrix v1.0.0 after the multi-phase lineage and duplicate audit.
MC0121,ANT CA W/SPRL,"Anterior caudal neural arches, spinoprezygapo- physeal lamina (sprl): absent (0); present and extending onto lateral aspect of neural spine (1).",Wilson (2002),WIL02_REF:C121,baseline,,,,,high,7,6,6,WU09; KN10; C12; W02; M19; M26,yes,2009,2026,17,frozen-v1.0,NOT_YET_AUDITED,,,FROZEN_WITH_PHASE2_REDIRECT,high,Retained canonical ID gained M19/M26 occurrences through a source/definition-level Phase-2 redirect.,,NOT_PHASE3_C12_TARGET,,,NOT_PHASE4_DE12_TARGET,,,NOT_PHASE5_GA11_TARGET,,,NOT_PHASE6_M26_TARGET,,,FROZEN_V1,high,Canonical identity frozen in MacronariaMatrix v1.0.0 after the multi-phase lineage and duplicate audit.
MC0122,ANT CA W/SPRL+SPOL,"Anterior caudal neural arches, spinoprezygapo- physeal lamina (sprl)-spinopostzygapophyseal lamina (spol) contact: absent (0); present, form- ing a prominent lamina on lateral aspect of neu- ral spine (1).",Wilson (2002),WIL02_REF:C122,baseline,,,,,high,7,6,6,WU09; KN10; C12; W02; M19; M26,yes,2009,2026,17,frozen-v1.0,NOT_YET_AUDITED,,,FROZEN_WITH_PHASE2_REDIRECT,high,Retained canonical ID gained M19/M26 occurrences through a source/definition-level Phase-2 redirect.,,NOT_PHASE3_C12_TARGET,,,NOT_PHASE4_DE12_TARGET,,,NOT_PHASE5_GA11_TARGET,,,NOT_PHASE6_M26_TARGET,,,FROZEN_V1,high,Canonical identity frozen in MacronariaMatrix v1.0.0 after the multi-phase lineage and duplicate audit.
MC0123,ANT CA W/ PRSL,"Anterior caudal neural arches, prespinal lamina (prsl): absent (0); present (1).",Wilson (2002),WIL02_REF:C123,baseline,,,,,high,5,4,4,WU09; KN10; C12; W02,yes,2009,2014,5,frozen-v1.0,NOT_YET_AUDITED,,,NOT_PHASE2_TARGET,,,,NOT_PHASE3_C12_TARGET,,,NOT_PHASE4_DE12_TARGET,,,NOT_PHASE5_GA11_TARGET,,,NOT_PHASE6_M26_TARGET,,,FROZEN_V1,high,Canonical identity frozen in MacronariaMatrix v1.0.0 after the multi-phase lineage and duplicate audit.
MC0124,ANT CA W/ POSL,"Anterior caudal neural arches, postspinal lamina (posl): absent (0); present (1).",Wilson (2002),WIL02_REF:C124,baseline,,,,,high,5,4,4,WU09; KN10; C12; W02,yes,2009,2014,5,frozen-v1.0,NOT_YET_AUDITED,,,NOT_PHASE2_TARGET,,,,NOT_PHASE3_C12_TARGET,,,NOT_PHASE4_DE12_TARGET,,,NOT_PHASE5_GA11_TARGET,,,NOT_PHASE6_M26_TARGET,,,FROZEN_V1,high,Canonical identity frozen in MacronariaMatrix v1.0.0 after the multi-phase lineage and duplicate audit.
MC0125,ANT CA'S W/POSTSPINAL FOSSA,"Anterior caudal neural arches, postspinal fossa: absent (0); present (1).",Wilson (2002),WIL02_REF:C125,baseline,,,,,high,5,4,4,WU09; KN10; C12; W02,yes,2009,2014,5,frozen-v1.0,NOT_YET_AUDITED,,,NOT_PHASE2_TARGET,,,,NOT_PHASE3_C12_TARGET,,,NOT_PHASE4_DE12_TARGET,,,NOT_PHASE5_GA11_TARGET,,,NOT_PHASE6_M26_TARGET,,,FROZEN_V1,high,Canonical identity frozen in MacronariaMatrix v1.0.0 after the multi-phase lineage and duplicate audit.
MC0126,ANT_CA_N_SP_BROAD,"Anterior caudal neural spines, transverse breadth: approximately 50% of (0) or greater than (1) anteroposterior length.",Wilson (2002),WIL02_REF:C126,baseline,,,,,high,8,7,7,WU09; KN10; GA11; C12; W02; M19; M26,yes,2009,2026,17,frozen-v1.0,NOT_YET_AUDITED,,,NOT_PHASE2_TARGET,,,,NOT_PHASE3_C12_TARGET,,,NOT_PHASE4_DE12_TARGET,,,NOT_PHASE5_GA11_TARGET,,,NOT_PHASE6_M26_TARGET,,,FROZEN_V1,high,Canonical identity frozen in MacronariaMatrix v1.0.0 after the multi-phase lineage and duplicate audit.
MC0127,ANT_CA_TR_PR_DEEP_DV,"Anterior caudal transverse processes, proximal depth: shallow, on centrum only (0); deep, extending from centrum to neural arch (1).",Wilson (2002),WIL02_REF:C127,baseline,,,,,high,5,4,4,WU09; KN10; C12; W02,yes,2009,2014,5,frozen-v1.0,NOT_YET_AUDITED,,,NOT_PHASE2_TARGET,,,,NOT_PHASE3_C12_TARGET,,,NOT_PHASE4_DE12_TARGET,,,NOT_PHASE5_GA11_TARGET,,,NOT_PHASE6_M26_TARGET,,,FROZEN_V1,high,Canonical identity frozen in MacronariaMatrix v1.0.0 after the multi-phase lineage and duplicate audit.
MC0128,WINGLIKE CA TR PR'S,"Anterior caudal transverse processes, shape: triangular, tapering distally (0); ‘wing-like’, not tapering distally (1).",Wilson (2002),WIL02_REF:C128,baseline,,,,,high,7,6,6,WU09; KN10; C12; W02; M19; M26,yes,2009,2026,17,frozen-v1.0,NOT_YET_AUDITED,,,FROZEN_WITH_PHASE2_REDIRECT,high,Retained canonical ID gained M19/M26 occurrences through a source/definition-level Phase-2 redirect.,,NOT_PHASE3_C12_TARGET,,,NOT_PHASE4_DE12_TARGET,,,NOT_PHASE5_GA11_TARGET,,,NOT_PHASE6_M26_TARGET,,,FROZEN_V1,high,Canonical identity frozen in MacronariaMatrix v1.0.0 after the multi-phase lineage and duplicate audit.
MC0129,ANT CA W/ DL'S,"Anterior caudal transverse processes, diapophy- seal laminae (acdl, pcdl, prdl, podl): absent (0); present (1).",Wilson (2002),WIL02_REF:C129,baseline,,,,,high,5,4,4,WU09; KN10; C12; W02,yes,2009,2014,5,frozen-v1.0,NOT_YET_AUDITED,,,NOT_PHASE2_TARGET,,,,NOT_PHASE3_C12_TARGET,,,NOT_PHASE4_DE12_TARGET,,,NOT_PHASE5_GA11_TARGET,,,NOT_PHASE6_M26_TARGET,,,FROZEN_V1,high,Canonical identity frozen in MacronariaMatrix v1.0.0 after the multi-phase lineage and duplicate audit.
MC0130,ANT CA'S W/ DIVD ACDL,"Anterior caudal transverse processes, anterior centrodiapophyseal lamina (acdl), shape: single (0); divided (1).",Wilson (2002),WIL02_REF:C130,baseline,,,,,high,7,6,6,WU09; KN10; C12; W02; M19; M26,yes,2009,2026,17,frozen-v1.0,NOT_YET_AUDITED,,,NOT_PHASE2_TARGET,,,,NOT_PHASE3_C12_TARGET,,,NOT_PHASE4_DE12_TARGET,,,NOT_PHASE5_GA11_TARGET,,,NOT_PHASE6_M26_TARGET,,,FROZEN_V1,high,Canonical identity frozen in MacronariaMatrix v1.0.0 after the multi-phase lineage and duplicate audit.
MC0131,ANT&MID_CA_CENTRA_FLAT_V_&_L,"Anterior and middle caudal centra, shape: cylin- drical (0); quadrangular, flat ventrally and later- ally (1).",Wilson (2002),WIL02_REF:C131,baseline,,,,,high,5,4,4,WU09; KN10; C12; W02,yes,2009,2014,5,frozen-v1.0,NOT_YET_AUDITED,,,NOT_PHASE2_TARGET,,,,NOT_PHASE3_C12_TARGET,,,NOT_PHASE4_DE12_TARGET,,,NOT_PHASE5_GA11_TARGET,,,NOT_PHASE6_M26_TARGET,,,FROZEN_V1,high,Canonical identity frozen in MacronariaMatrix v1.0.0 after the multi-phase lineage and duplicate audit.
MC0132,ANT&MID CA CENTRA W/MED V HOLLO,"Anterior and middle caudal centra, ventral lon- gitudinal hollow: absent (0); present (1).",Wilson (2002),WIL02_REF:C132,baseline,,,,,high,6,5,5,WU09; KN10; C12; DE12; W02,yes,2009,2014,5,frozen-v1.0,NOT_YET_AUDITED,,,NOT_PHASE2_TARGET,,,,NOT_PHASE3_C12_TARGET,,,NOT_PHASE4_DE12_TARGET,,,NOT_PHASE5_GA11_TARGET,,,NOT_PHASE6_M26_TARGET,,,FROZEN_V1,high,Canonical identity frozen in MacronariaMatrix v1.0.0 after the multi-phase lineage and duplicate audit.
MC0133,MID_CA_NSP_OVER_POST_CENTRUM,"Middle caudal neural spines, orientation: angled posterodorsally (0); vertical (1).",Wilson (2002),WIL02_REF:C133,baseline,,,,,high,6,5,5,WU09; KN10; C12; DE12; W02,yes,2009,2014,5,frozen-v1.0,NOT_YET_AUDITED,,,NOT_PHASE2_TARGET,,,,NOT_PHASE3_C12_TARGET,,,NOT_PHASE4_DE12_TARGET,,,NOT_PHASE5_GA11_TARGET,,,NOT_PHASE6_M26_TARGET,,,FROZEN_V1,high,Canonical identity frozen in MacronariaMatrix v1.0.0 after the multi-phase lineage and duplicate audit.
MC0134,MID/POST CA'S PROCOELOUS,"Middle and posterior caudal centra, anterior articular face shape: flat (0); procoelous (cone shaped) (1); opisthocoelous (2).",Wilson (2002),WIL02_REF:C134,baseline,,,,,high,7,6,6,WU09; KN10; GA11; C12; DE12; W02,yes,2009,2014,5,frozen-v1.0,NOT_YET_AUDITED,,,NOT_PHASE2_TARGET,,,,NOT_PHASE3_C12_TARGET,,,NOT_PHASE4_DE12_TARGET,,,NOT_PHASE5_GA11_TARGET,,,NOT_PHASE6_M26_TARGET,,,FROZEN_V1,high,Canonical identity frozen in MacronariaMatrix v1.0.0 after the multi-phase lineage and duplicate audit.
MC0135,POST_CA_BREADTH_2X_HEIGHT,"Posterior caudal centra, shape: cylindrical (0); dorsoventrally flattened, breadth at least twice height (1).",Wilson (2002),WIL02_REF:C135,baseline,,,,,high,6,5,5,WU09; KN10; C12; DE12; W02,yes,2009,2014,5,frozen-v1.0,NOT_YET_AUDITED,,,NOT_PHASE2_TARGET,,,,NOT_PHASE3_C12_TARGET,,,NOT_PHASE4_DE12_TARGET,,,NOT_PHASE5_GA11_TARGET,,,NOT_PHASE6_M26_TARGET,,,FROZEN_V1,high,Canonical identity frozen in MacronariaMatrix v1.0.0 after the multi-phase lineage and duplicate audit.
MC0136,BICONVEX DISTAL CA'S,"Distalmost caudal centra, articular face shape: platycoelous (0); biconvex (1).",Wilson (2002),WIL02_REF:C136,baseline,,,,,high,5,4,4,WU09; KN10; C12; W02,yes,2009,2014,5,frozen-v1.0,NOT_YET_AUDITED,,,NOT_PHASE2_TARGET,,,,NOT_PHASE3_C12_TARGET,,,NOT_PHASE4_DE12_TARGET,,,NOT_PHASE5_GA11_TARGET,,,NOT_PHASE6_M26_TARGET,,,FROZEN_V1,high,Canonical identity frozen in MacronariaMatrix v1.0.0 after the multi-phase lineage and duplicate audit.
MC0137,BICONVEX_CA_ELONGATE,"Distalmost biconvex caudal centra, length-to- height ratio: less than 4 (0); greater than 5 (1).",Wilson (2002),WIL02_REF:C137,baseline,,,,,high,5,4,4,WU09; KN10; C12; W02,yes,2009,2014,5,frozen-v1.0,NOT_YET_AUDITED,,,NOT_PHASE2_TARGET,,,,NOT_PHASE3_C12_TARGET,,,NOT_PHASE4_DE12_TARGET,,,NOT_PHASE5_GA11_TARGET,,,NOT_PHASE6_M26_TARGET,,,FROZEN_V1,high,Canonical identity frozen in MacronariaMatrix v1.0.0 after the multi-phase lineage and duplicate audit.
MC0138,BICONVEX CA >30 IN SERIES,"Distalmost biconvex caudal centra, number: 10 or fewer (0); more than 30 (1).",Wilson (2002),WIL02_REF:C138,baseline,,,,,high,5,4,4,WU09; KN10; C12; W02,yes,2009,2014,5,frozen-v1.0,NOT_YET_AUDITED,,,NOT_PHASE2_TARGET,,,,NOT_PHASE3_C12_TARGET,,,NOT_PHASE4_DE12_TARGET,,,NOT_PHASE5_GA11_TARGET,,,NOT_PHASE6_M26_TARGET,,,FROZEN_V1,high,Canonical identity frozen in MacronariaMatrix v1.0.0 after the multi-phase lineage and duplicate audit.
MC0139,CERV_RIBS_BELOW_CENTRUM,"Cervical rib, tuberculum-capitulum angle: greater than 90° (0); less than 90°, rib ventrolat- eral to centrum (1).",Wilson (2002),WIL02_REF:C139,baseline,,,,,high,5,4,4,WU09; KN10; C12; W02,yes,2009,2014,5,frozen-v1.0,NOT_YET_AUDITED,,,NOT_PHASE2_TARGET,,,,NOT_PHASE3_C12_TARGET,,,NOT_PHASE4_DE12_TARGET,,,NOT_PHASE5_GA11_TARGET,,,NOT_PHASE6_M26_TARGET,,,FROZEN_V1,high,Canonical identity frozen in MacronariaMatrix v1.0.0 after the multi-phase lineage and duplicate audit.
MC0140,SHORT_C_RIBS,"Cervical ribs, length: much longer than centrum, overlapping as many as three subsequent ver- tebrae (0); shorter than centrum, little or no overlap (1).",Wilson (2002),WIL02_REF:C140,baseline,,,,,high,5,4,4,WU09; KN10; C12; W02,yes,2009,2014,5,frozen-v1.0,NOT_YET_AUDITED,,,NOT_PHASE2_TARGET,,,,NOT_PHASE3_C12_TARGET,,,NOT_PHASE4_DE12_TARGET,,,NOT_PHASE5_GA11_TARGET,,,NOT_PHASE6_M26_TARGET,,,FROZEN_V1,high,Canonical identity frozen in MacronariaMatrix v1.0.0 after the multi-phase lineage and duplicate audit.
MC0141,PNEUMATIC_D_RIBS,"Dorsal ribs, proximal pneumatocoels: absent (0); present (1).",Wilson (2002),WIL02_REF:C141,baseline,,,,,high,8,7,7,WU09; KN10; C12; DE12; W02; M19; M26,yes,2009,2026,17,frozen-v1.0,NOT_YET_AUDITED,,,NOT_PHASE2_TARGET,,,,NOT_PHASE3_C12_TARGET,,,NOT_PHASE4_DE12_TARGET,,,NOT_PHASE5_GA11_TARGET,,,NOT_PHASE6_M26_TARGET,,,FROZEN_V1,high,Canonical identity frozen in MacronariaMatrix v1.0.0 after the multi-phase lineage and duplicate audit.
MC0142,ANT_D_RIBS_PLANKLIKE,"Anterior dorsal ribs, cross-sectional shape: sub- circular (0); plank-like, anteroposterior breadth more than three times mediolateral breadth (1).",Wilson (2002),WIL02_REF:C142,baseline,,,,,high,8,7,7,WU09; KN10; C12; DE12; W02; M19; M26,yes,2009,2026,17,frozen-v1.0,NOT_YET_AUDITED,,,NOT_PHASE2_TARGET,,,,NOT_PHASE3_C12_TARGET,,,NOT_PHASE4_DE12_TARGET,,,NOT_PHASE5_GA11_TARGET,,,NOT_PHASE6_M26_TARGET,,,FROZEN_V1,high,Canonical identity frozen in MacronariaMatrix v1.0.0 after the multi-phase lineage and duplicate audit.
MC0143,CHEVRONS W ANT POST PROJ'S,‘Forked’ chevrons with anterior and posterior projections: absent (0); present (1).,Wilson (2002),WIL02_REF:C143,baseline,,,,,high,4,3,3,WU09; KN10; W02,yes,2009,2014,5,frozen-v1.0,NOT_YET_AUDITED,,,NOT_PHASE2_TARGET,,,,NOT_PHASE3_C12_TARGET,,,NOT_PHASE4_DE12_TARGET,,,NOT_PHASE5_GA11_TARGET,,,NOT_PHASE6_M26_TARGET,,,FROZEN_V1,high,Canonical identity frozen in MacronariaMatrix v1.0.0 after the multi-phase lineage and duplicate audit.
MC0144,FORKED_CH_DIST,"‘Forked’ chevrons, distribution: distal tail only (0); throughout middle and posterior caudal ver- tebrae (1).",Wilson (2002),WIL02_REF:C144,baseline,,,,,high,4,3,3,WU09; KN10; W02,yes,2009,2014,5,frozen-v1.0,NOT_YET_AUDITED,,,NOT_PHASE2_TARGET,,,,NOT_PHASE3_C12_TARGET,,,NOT_PHASE4_DE12_TARGET,,,NOT_PHASE5_GA11_TARGET,,,NOT_PHASE6_M26_TARGET,,,FROZEN_V1,high,Canonical identity frozen in MacronariaMatrix v1.0.0 after the multi-phase lineage and duplicate audit.
MC0145,OPEN_CA_CHEVRONS,"Chevrons, ‘crus’ bridging dorsal margin of hae- mal canal: present (0); absent (1).",Wilson (2002),WIL02_REF:C145,baseline,,,,,high,6,5,5,WU09; KN10; C12; DE12; W02,yes,2009,2014,5,frozen-v1.0,NOT_YET_AUDITED,,,NOT_PHASE2_TARGET,,,,NOT_PHASE3_C12_TARGET,,,NOT_PHASE4_DE12_TARGET,,,NOT_PHASE5_GA11_TARGET,,,NOT_PHASE6_M26_TARGET,,,FROZEN_V1,high,Canonical identity frozen in MacronariaMatrix v1.0.0 after the multi-phase lineage and duplicate audit.
MC0146,CA CH'S W/DEEP HAEMAL CANAL,"Chevron haemal canal, depth: short, approxi- mately 25% (0) or long, approximately 50% (1) chevron length.",Wilson (2002),WIL02_REF:C146,baseline,,,,,high,8,7,7,WU09; KN10; C12; DE12; W02; M19; M26,yes,2009,2026,17,frozen-v1.0,NOT_YET_AUDITED,,,NOT_PHASE2_TARGET,,,,NOT_PHASE3_C12_TARGET,,,NOT_PHASE4_DE12_TARGET,,,NOT_PHASE5_GA11_TARGET,,,NOT_PHASE6_M26_TARGET,,,FROZEN_V1,high,Canonical identity frozen in MacronariaMatrix v1.0.0 after the multi-phase lineage and duplicate audit.
MC0147,CH_DISPAPPEAR_BY_CA_30,Chevrons: persisting throughout at least 80% of tail (0); disappearing by caudal 30 (1).,Wilson (2002),WIL02_REF:C147,baseline,,,,,high,5,4,4,WU09; KN10; C12; W02,yes,2009,2014,5,frozen-v1.0,NOT_YET_AUDITED,,,NOT_PHASE2_TARGET,,,,NOT_PHASE3_C12_TARGET,,,NOT_PHASE4_DE12_TARGET,,,NOT_PHASE5_GA11_TARGET,,,NOT_PHASE6_M26_TARGET,,,FROZEN_V1,high,Canonical identity frozen in MacronariaMatrix v1.0.0 after the multi-phase lineage and duplicate audit.
MC0148,POST_CA_CHEVRONS_UNFUSED,"Posterior chevrons, distal contact: fused (0); unfused (open) (1).",Wilson (2002),WIL02_REF:C148,baseline,,,,,high,5,4,4,WU09; KN10; C12; W02,yes,2009,2014,5,frozen-v1.0,NOT_YET_AUDITED,,,NOT_PHASE2_TARGET,,,,NOT_PHASE3_C12_TARGET,,,NOT_PHASE4_DE12_TARGET,,,NOT_PHASE5_GA11_TARGET,,,NOT_PHASE6_M26_TARGET,,,FROZEN_V1,high,Canonical identity frozen in MacronariaMatrix v1.0.0 after the multi-phase lineage and duplicate audit.
MC0149,QUADRUPEDAL,"Posture: bipedal (0); columnar, obligately qua- drupedal posture (1).",Wilson (2002),WIL02_REF:C149,baseline,,,,,high,4,3,3,WU09; KN10; W02,yes,2009,2014,5,frozen-v1.0,NOT_YET_AUDITED,,,NOT_PHASE2_TARGET,,,,NOT_PHASE3_C12_TARGET,,,NOT_PHASE4_DE12_TARGET,,,NOT_PHASE5_GA11_TARGET,,,NOT_PHASE6_M26_TARGET,,,FROZEN_V1,high,Canonical identity frozen in MacronariaMatrix v1.0.0 after the multi-phase lineage and duplicate audit.
MC0150,ACROMION_LARGE,"Scapular acromion process, size: narrow (0); broad, width more than 150% minimum width of blade (1).",Wilson (2002),WIL02_REF:C150,baseline,,,,,high,5,4,4,WU09; KN10; C12; W02,yes,2009,2014,5,frozen-v1.0,NOT_YET_AUDITED,,,NOT_PHASE2_TARGET,,,,NOT_PHASE3_C12_TARGET,,,NOT_PHASE4_DE12_TARGET,,,NOT_PHASE5_GA11_TARGET,,,NOT_PHASE6_M26_TARGET,,,FROZEN_V1,high,Canonical identity frozen in MacronariaMatrix v1.0.0 after the multi-phase lineage and duplicate audit.
MC0151,SCAP_BLADE_ANGLED_REL_TO_GLENOI,"Scapular blade, orientation: perpendicular to (0) or forming a 45° angle with (1) coracoid articulation.",Wilson (2002),WIL02_REF:C151,baseline,,,,,high,7,6,6,WU09; KN10; C12; W02; M19; M26,yes,2009,2026,17,frozen-v1.0,NOT_YET_AUDITED,,,FROZEN_WITH_PHASE2_REDIRECT,high,Retained canonical ID gained M19/M26 occurrences through a source/definition-level Phase-2 redirect.,,NOT_PHASE3_C12_TARGET,,,NOT_PHASE4_DE12_TARGET,,,NOT_PHASE5_GA11_TARGET,,,NOT_PHASE6_M26_TARGET,,,FROZEN_V1,high,Canonical identity frozen in MacronariaMatrix v1.0.0 after the multi-phase lineage and duplicate audit.
MC0152,SCAP BLADE EXP'D,"Scapular blade, shape: acromial edge not expanded (0); rounded expansion on acromial side (1); racquet-shaped (2).",Wilson (2002),WIL02_REF:C152,baseline,,,,,high,6,5,5,WU09; KN10; C12; DE12; W02,yes,2009,2014,5,frozen-v1.0,NOT_YET_AUDITED,,,NOT_PHASE2_TARGET,,,,NOT_PHASE3_C12_TARGET,,,NOT_PHASE4_DE12_TARGET,,,NOT_PHASE5_GA11_TARGET,,,NOT_PHASE6_M26_TARGET,,,FROZEN_V1,high,Canonical identity frozen in MacronariaMatrix v1.0.0 after the multi-phase lineage and duplicate audit.
MC0153,SCAP_GLENOID_BEVELLED_MEDIALL,"Scapular glenoid, orientation: relatively flat or laterally facing (0); strongly bevelled medially (1).",Wilson (2002),WIL02_REF:C153,baseline,,,,,high,9,8,8,WU09; KN10; GA11; C12; DE12; W02; M19; M26,yes,2009,2026,17,frozen-v1.0,NOT_YET_AUDITED,,,FROZEN_WITH_PHASE2_REDIRECT,high,Retained canonical ID gained M19/M26 occurrences through a source/definition-level Phase-2 redirect.,,NOT_PHASE3_C12_TARGET,,,NOT_PHASE4_DE12_TARGET,,,NOT_PHASE5_GA11_TARGET,,,NOT_PHASE6_M26_TARGET,,,FROZEN_V1,high,Canonical identity frozen in MacronariaMatrix v1.0.0 after the multi-phase lineage and duplicate audit.
MC0154,D-SHAPED SCAP BLADE SHAFT,"Scapular blade, cross-sectional shape at base: flat or rectangular (0); D-shaped (1).",Wilson (2002),WIL02_REF:C154,baseline,,,,,high,8,7,7,WU09; KN10; C12; DE12; W02; M19; M26,yes,2009,2026,17,frozen-v1.0,NOT_YET_AUDITED,,,NOT_PHASE2_TARGET,,,,NOT_PHASE3_C12_TARGET,,,NOT_PHASE4_DE12_TARGET,,,NOT_PHASE5_GA11_TARGET,,,NOT_PHASE6_M26_TARGET,,,FROZEN_V1,high,Canonical identity frozen in MacronariaMatrix v1.0.0 after the multi-phase lineage and duplicate audit.
MC0155,CORACOID_DEEP,"Coracoid, proximodistal length: less than (0) or approximately twice (1) length of scapular articulation.",Wilson (2002),WIL02_REF:C155,baseline,,,,,high,7,6,6,WU09; KN10; C12; W02; M19; M26,yes,2009,2026,17,frozen-v1.0,NOT_YET_AUDITED,,,NOT_PHASE2_TARGET,,,,NOT_PHASE3_C12_TARGET,,,NOT_PHASE4_DE12_TARGET,,,NOT_PHASE5_GA11_TARGET,,,NOT_PHASE6_M26_TARGET,,,FROZEN_V1,high,Canonical identity frozen in MacronariaMatrix v1.0.0 after the multi-phase lineage and duplicate audit.
MC0156,CORACOID_W_SQ_AV_CORNER,"Coracoid, anteroventral margin shape: rounded (0); rectangular (1).",Wilson (2002),WIL02_REF:C156,baseline,,,,,high,6,5,5,WU09; KN10; C12; DE12; W02,yes,2009,2014,5,frozen-v1.0,NOT_YET_AUDITED,,,NOT_PHASE2_TARGET,,,,NOT_PHASE3_C12_TARGET,,,NOT_PHASE4_DE12_TARGET,,,NOT_PHASE5_GA11_TARGET,,,NOT_PHASE6_M26_TARGET,,,FROZEN_V1,high,Canonical identity frozen in MacronariaMatrix v1.0.0 after the multi-phase lineage and duplicate audit.
MC0157,INFRAGLENOID_LIP,"Coracoid, infraglenoid lip: absent (0); present (1).",Wilson (2002),WIL02_REF:C157,baseline,,,,,high,5,4,4,WU09; KN10; C12; W02,yes,2009,2014,5,frozen-v1.0,NOT_YET_AUDITED,,,NOT_PHASE2_TARGET,,,,NOT_PHASE3_C12_TARGET,,,NOT_PHASE4_DE12_TARGET,,,NOT_PHASE5_GA11_TARGET,,,NOT_PHASE6_M26_TARGET,,,FROZEN_V1,high,Canonical identity frozen in MacronariaMatrix v1.0.0 after the multi-phase lineage and duplicate audit.
MC0158,ST_PL_SHAPE,"Sternal plate, shape: oval (0); crescentic (1).",Wilson (2002),WIL02_REF:C158,baseline,,,,,high,9,8,8,WU09; KN10; GA11; C12; DE12; W02; M19; M26,yes,2009,2026,17,frozen-v1.0,NOT_YET_AUDITED,,,FROZEN_WITH_PHASE2_REDIRECT,high,Retained canonical ID gained M19/M26 occurrences through a source/definition-level Phase-2 redirect.,,NOT_PHASE3_C12_TARGET,,,NOT_PHASE4_DE12_TARGET,,,NOT_PHASE5_GA11_TARGET,,,NOT_PHASE6_M26_TARGET,,,FROZEN_V1,high,Canonical identity frozen in MacronariaMatrix v1.0.0 after the multi-phase lineage and duplicate audit.
MC0159,HUM PR-LAT CORNER,"Humeral proximolateral corner, shape: rounded (0); square (1).",Wilson (2002),WIL02_REF:C159,baseline,,,,,high,8,7,7,WU09; KN10; C12; DE12; W02; M19; M26,yes,2009,2026,17,frozen-v1.0,NOT_YET_AUDITED,,,NOT_PHASE2_TARGET,,,,NOT_PHASE3_C12_TARGET,,,NOT_PHASE4_DE12_TARGET,,,NOT_PHASE5_GA11_TARGET,,,NOT_PHASE6_M26_TARGET,,,FROZEN_V1,high,Canonical identity frozen in MacronariaMatrix v1.0.0 after the multi-phase lineage and duplicate audit.
MC0160,DELTOPECTORAL_CREST_REDUCED,"Humeral deltopectoral attachment, develop- ment: prominent (0); reduced to a low crest or ridge (1).",Wilson (2002),WIL02_REF:C160,baseline,,,,,high,5,4,4,WU09; KN10; C12; W02,yes,2009,2014,5,frozen-v1.0,NOT_YET_AUDITED,,,NOT_PHASE2_TARGET,,,,NOT_PHASE3_C12_TARGET,,,NOT_PHASE4_DE12_TARGET,,,NOT_PHASE5_GA11_TARGET,,,NOT_PHASE6_M26_TARGET,,,FROZEN_V1,high,Canonical identity frozen in MacronariaMatrix v1.0.0 after the multi-phase lineage and duplicate audit.
MC0161,D-P CREST THICK TRANSVERSELY,"Humeral deltopectoral crest, shape: relatively narrow throughout length (0); markedly expanded distally (1).",Wilson (2002),WIL02_REF:C161,baseline,,,,,high,6,5,5,WU09; KN10; C12; DE12; W02,yes,2009,2014,5,frozen-v1.0,NOT_YET_AUDITED,,,NOT_PHASE2_TARGET,,,,NOT_PHASE3_C12_TARGET,,,NOT_PHASE4_DE12_TARGET,,,NOT_PHASE5_GA11_TARGET,,,NOT_PHASE6_M26_TARGET,,,FROZEN_V1,high,Canonical identity frozen in MacronariaMatrix v1.0.0 after the multi-phase lineage and duplicate audit.
MC0162,HUM_MIDSH_CIRCULAR_XS,"Humeral midshaft cross-section, shape: circular (0); elliptical, with long axis orientated trans- versely (1).",Wilson (2002),WIL02_REF:C162,baseline,,,,,high,5,4,4,WU09; KN10; C12; W02,yes,2009,2014,5,frozen-v1.0,NOT_YET_AUDITED,,,NOT_PHASE2_TARGET,,,,NOT_PHASE3_C12_TARGET,,,NOT_PHASE4_DE12_TARGET,,,NOT_PHASE5_GA11_TARGET,,,NOT_PHASE6_M26_TARGET,,,FROZEN_V1,high,Canonical identity frozen in MacronariaMatrix v1.0.0 after the multi-phase lineage and duplicate audit.
MC0163,HUM_CONDYLES_EXP_ANT,"Humeral distal condyles, articular surface shape: restricted to distal portion of humerus (0); exposed on anterior portion of humeral shaft (1).",Wilson (2002),WIL02_REF:C163,baseline,,,,,high,7,6,6,WU09; KN10; C12; W02; M19; M26,yes,2009,2026,17,frozen-v1.0,NOT_YET_AUDITED,,,FROZEN_WITH_PHASE2_REDIRECT,high,Retained canonical ID gained M19/M26 occurrences through a source/definition-level Phase-2 redirect.,,NOT_PHASE3_C12_TARGET,,,NOT_PHASE4_DE12_TARGET,,,NOT_PHASE5_GA11_TARGET,,,NOT_PHASE6_M26_TARGET,,,FROZEN_V1,high,Canonical identity frozen in MacronariaMatrix v1.0.0 after the multi-phase lineage and duplicate audit.
MC0164,HUM_CONDYLE_DIVD,"Humeral distal condyle, shape: divided (0); flat (1).",Wilson (2002),WIL02_REF:C164,baseline,,,,,high,8,7,7,WU09; KN10; C12; DE12; W02; M19; M26,yes,2009,2026,17,frozen-v1.0,NOT_YET_AUDITED,,,NOT_PHASE2_TARGET,,,,NOT_PHASE3_C12_TARGET,,,NOT_PHASE4_DE12_TARGET,,,NOT_PHASE5_GA11_TARGET,,,NOT_PHASE6_M26_TARGET,,,FROZEN_V1,high,Canonical identity frozen in MacronariaMatrix v1.0.0 after the multi-phase lineage and duplicate audit.
MC0165,ULNA (PROX) TRIRADIATE,"Ulnar proximal condyle, shape: subtriangular (0); triradiate, with deep radial fossa (1).",Wilson (2002),WIL02_REF:C165,baseline,,,,,high,5,4,4,WU09; KN10; C12; W02,yes,2009,2014,5,frozen-v1.0,NOT_YET_AUDITED,,,NOT_PHASE2_TARGET,,,,NOT_PHASE3_C12_TARGET,,,NOT_PHASE4_DE12_TARGET,,,NOT_PHASE5_GA11_TARGET,,,NOT_PHASE6_M26_TARGET,,,FROZEN_V1,high,Canonical identity frozen in MacronariaMatrix v1.0.0 after the multi-phase lineage and duplicate audit.
MC0166,ULNAR_PROX_ASYMMETRICAL,"Ulnar proximal condylar processes, relative lengths: subequal (0); unequal, anterior arm longer (1).",Wilson (2002),WIL02_REF:C166,baseline,,,,,high,6,5,5,WU09; KN10; C12; DE12; W02,yes,2009,2014,5,frozen-v1.0,NOT_YET_AUDITED,,,NOT_PHASE2_TARGET,,,,NOT_PHASE3_C12_TARGET,,,NOT_PHASE4_DE12_TARGET,,,NOT_PHASE5_GA11_TARGET,,,NOT_PHASE6_M26_TARGET,,,FROZEN_V1,high,Canonical identity frozen in MacronariaMatrix v1.0.0 after the multi-phase lineage and duplicate audit.
MC0167,OLECRANON_REDUCED,"Ulnar olecranon process, development: promi- nent, projecting above proximal articulation (0); rudimentary, level with proximal articulation (1).",Wilson (2002),WIL02_REF:C167,baseline,,,,,high,8,7,7,WU09; KN10; GA11; C12; W02; M19; M26,yes,2009,2026,17,frozen-v1.0,NOT_YET_AUDITED,,,NOT_PHASE2_TARGET,,,,NOT_PHASE3_C12_TARGET,,,NOT_PHASE4_DE12_TARGET,,,NOT_PHASE5_GA11_TARGET,,,NOT_PHASE6_M26_TARGET,,,FROZEN_V1,high,Canonical identity frozen in MacronariaMatrix v1.0.0 after the multi-phase lineage and duplicate audit.
MC0168,UL L/PR BR STOUT,"Ulna, length-to-proximal breadth ratio: gracile (0); stout (1).",Wilson (2002),WIL02_REF:C168,baseline,,,,,high,7,6,6,WU09; KN10; C12; W02; M19; M26,yes,2009,2026,17,frozen-v1.0,NOT_YET_AUDITED,,,NOT_PHASE2_TARGET,,,,NOT_PHASE3_C12_TARGET,,,NOT_PHASE4_DE12_TARGET,,,NOT_PHASE5_GA11_TARGET,,,NOT_PHASE6_M26_TARGET,,,FROZEN_V1,high,Canonical identity frozen in MacronariaMatrix v1.0.0 after the multi-phase lineage and duplicate audit.
MC0169,RADIUS (DISTAL) SUBRECTANGULAR,"Radial distal condyle, shape: round (0); subrect- angular, flattened posteriorly and articulating in front of ulna (1).",Wilson (2002),WIL02_REF:C169,baseline,,,,,high,5,4,4,WU09; KN10; C12; W02,yes,2009,2014,5,frozen-v1.0,NOT_YET_AUDITED,,,NOT_PHASE2_TARGET,,,,NOT_PHASE3_C12_TARGET,,,NOT_PHASE4_DE12_TARGET,,,NOT_PHASE5_GA11_TARGET,,,NOT_PHASE6_M26_TARGET,,,FROZEN_V1,high,Canonical identity frozen in MacronariaMatrix v1.0.0 after the multi-phase lineage and duplicate audit.
MC0170,RAD DISTAL BR>MIDSHAFT BREADTH,"Radius, distal breadth: slightly larger than (0) or approximately twice (1) midshaft breadth.",Wilson (2002),WIL02_REF:C170,baseline,,,,,high,5,4,4,WU09; KN10; C12; W02,yes,2009,2014,5,frozen-v1.0,NOT_YET_AUDITED,,,NOT_PHASE2_TARGET,,,,NOT_PHASE3_C12_TARGET,,,NOT_PHASE4_DE12_TARGET,,,NOT_PHASE5_GA11_TARGET,,,NOT_PHASE6_M26_TARGET,,,FROZEN_V1,high,Canonical identity frozen in MacronariaMatrix v1.0.0 after the multi-phase lineage and duplicate audit.
MC0171,DISTAL RAD BEVELED PROX-LAT,"Radius, distal condyle orientation: perpendicular to (0) or bevelled approximately 20° proximolat- erally (1) relative to long axis of shaft.",Wilson (2002),WIL02_REF:C171,baseline,,,,,high,8,7,7,WU09; KN10; C12; DE12; W02; M19; M26,yes,2009,2026,17,frozen-v1.0,NOT_YET_AUDITED,,,NOT_PHASE2_TARGET,,,,NOT_PHASE3_C12_TARGET,,,NOT_PHASE4_DE12_TARGET,,,NOT_PHASE5_GA11_TARGET,,,NOT_PHASE6_M26_TARGET,,,FROZEN_V1,high,Canonical identity frozen in MacronariaMatrix v1.0.0 after the multi-phase lineage and duplicate audit.
MC0172,FORELIMB:HINDLIMB,Humerus-to-femur ratio: less than 0.60 (0); 0.60 or more (1).,Wilson (2002),WIL02_REF:C172,baseline,,,,,high,9,8,8,WU09; KN10; GA11; C12; DE12; W02; M19; M26,yes,2009,2026,17,frozen-v1.0,NOT_YET_AUDITED,,,NOT_PHASE2_TARGET,,,,NOT_PHASE3_C12_TARGET,,,NOT_PHASE4_DE12_TARGET,,,NOT_PHASE5_GA11_TARGET,,,NOT_PHASE6_M26_TARGET,,,FROZEN_V1,high,Canonical identity frozen in MacronariaMatrix v1.0.0 after the multi-phase lineage and duplicate audit.
MC0173,CARPAL_#,"Carpal bones, number: 3 or more (0); 2 or fewer (1).",Wilson (2002),WIL02_REF:C173,baseline,,,,,high,8,7,7,WU09; KN10; C12; DE12; W02; M19; M26,yes,2009,2026,17,frozen-v1.0,NOT_YET_AUDITED,,,NOT_PHASE2_TARGET,,,,NOT_PHASE3_C12_TARGET,,,NOT_PHASE4_DE12_TARGET,,,NOT_PHASE5_GA11_TARGET,,,NOT_PHASE6_M26_TARGET,,,FROZEN_V1,high,Canonical identity frozen in MacronariaMatrix v1.0.0 after the multi-phase lineage and duplicate audit.
MC0174,BLOCK_SHAPED_CARPALS,"Carpal bones, shape: round (0); block-shaped, with flattened proximal and distal surfaces (1).",Wilson (2002),WIL02_REF:C174,baseline,,,,,high,5,4,4,WU09; KN10; C12; W02,yes,2009,2014,5,frozen-v1.0,NOT_YET_AUDITED,,,NOT_PHASE2_TARGET,,,,NOT_PHASE3_C12_TARGET,,,NOT_PHASE4_DE12_TARGET,,,NOT_PHASE5_GA11_TARGET,,,NOT_PHASE6_M26_TARGET,,,FROZEN_V1,high,Canonical identity frozen in MacronariaMatrix v1.0.0 after the multi-phase lineage and duplicate audit.
MC0175,DIGITIGRADE_MANUS,"Metacarpus, shape: spreading (0); bound, with subparallel shafts and articular surfaces that extend half their length (1).",Wilson (2002),WIL02_REF:C175,baseline,,,,,high,6,5,5,WU09; KN10; C12; DE12; W02,yes,2009,2014,5,frozen-v1.0,NOT_YET_AUDITED,,,NOT_PHASE2_TARGET,,,,NOT_PHASE3_C12_TARGET,,,NOT_PHASE4_DE12_TARGET,,,NOT_PHASE5_GA11_TARGET,,,NOT_PHASE6_M26_TARGET,,,FROZEN_V1,high,Canonical identity frozen in MacronariaMatrix v1.0.0 after the multi-phase lineage and duplicate audit.
MC0176,USHAPED_MANUS,"Metacarpals, shape of proximal surface in artic- ulation: gently curving, forming a 90° arc (0); U- shaped, subtending a 270° arc (1).",Wilson (2002),WIL02_REF:C176,baseline,,,,,high,5,4,4,WU09; KN10; C12; W02,yes,2009,2014,5,frozen-v1.0,NOT_YET_AUDITED,,,NOT_PHASE2_TARGET,,,,NOT_PHASE3_C12_TARGET,,,NOT_PHASE4_DE12_TARGET,,,NOT_PHASE5_GA11_TARGET,,,NOT_PHASE6_M26_TARGET,,,FROZEN_V1,high,Canonical identity frozen in MacronariaMatrix v1.0.0 after the multi-phase lineage and duplicate audit.
MC0177,MC_45%_RAD,Longest metacarpal-to-radius ratio: close to 0.3 (0); 0.45 or more (1).,Wilson (2002),WIL02_REF:C177,baseline,,,,,high,8,7,7,WU09; KN10; C12; DE12; W02; M19; M26,yes,2009,2026,17,frozen-v1.0,NOT_YET_AUDITED,,,FROZEN_WITH_PHASE2_REDIRECT,high,Retained canonical ID gained M19/M26 occurrences through a source/definition-level Phase-2 redirect.,,NOT_PHASE3_C12_TARGET,,,NOT_PHASE4_DE12_TARGET,,,NOT_PHASE5_GA11_TARGET,,,NOT_PHASE6_M26_TARGET,,,FROZEN_V1,high,Canonical identity frozen in MacronariaMatrix v1.0.0 after the multi-phase lineage and duplicate audit.
MC0178,MC_I_SUBEQUAL_TO_IV,"Metacarpal I, length: shorter than (0) or longer than (1) metacarpal IV.",Wilson (2002),WIL02_REF:C178,baseline,,,,,high,8,7,7,WU09; KN10; C12; DE12; W02; M19; M26,yes,2009,2026,17,frozen-v1.0,NOT_YET_AUDITED,,,FROZEN_WITH_PHASE2_REDIRECT,high,Retained canonical ID gained M19/M26 occurrences through a source/definition-level Phase-2 redirect.,,NOT_PHASE3_C12_TARGET,,,NOT_PHASE4_DE12_TARGET,,,NOT_PHASE5_GA11_TARGET,,,NOT_PHASE6_M26_TARGET,,,FROZEN_V1,high,Canonical identity frozen in MacronariaMatrix v1.0.0 after the multi-phase lineage and duplicate audit.
MC0179,MC_I_DISTAL_CONDYLE_UNDIVIDED,"Metacarpal I, distal condyle shape: divided (0); undivided (1).",Wilson (2002),WIL02_REF:C179,baseline,,,,,high,6,5,5,WU09; KN10; C12; DE12; W02,yes,2009,2014,5,frozen-v1.0,NOT_YET_AUDITED,,,NOT_PHASE2_TARGET,,,,NOT_PHASE3_C12_TARGET,,,NOT_PHASE4_DE12_TARGET,,,NOT_PHASE5_GA11_TARGET,,,NOT_PHASE6_M26_TARGET,,,FROZEN_V1,high,Canonical identity frozen in MacronariaMatrix v1.0.0 after the multi-phase lineage and duplicate audit.
MC0180,MC_I_DISTAL_CONDYLE_BEVELLED,"Metacarpal I distal condyle, transverse axis ori- entation: bevelled approximately 20° proximo- distally (0) or perpendicular (1) with respect to axis of shaft.",Wilson (2002),WIL02_REF:C180,baseline,,,,,high,8,7,7,WU09; KN10; C12; DE12; W02; M19; M26,yes,2009,2026,17,frozen-v1.0,NOT_YET_AUDITED,,,NOT_PHASE2_TARGET,,,,NOT_PHASE3_C12_TARGET,,,NOT_PHASE4_DE12_TARGET,,,NOT_PHASE5_GA11_TARGET,,,NOT_PHASE6_M26_TARGET,,,FROZEN_V1,high,Canonical identity frozen in MacronariaMatrix v1.0.0 after the multi-phase lineage and duplicate audit.
MC0181,MANUAL_FORM_22222_LOWER,"Manual digits II and III, phalangeal number: 2- 3-4-3-2 or more (0); reduced, 2-2-2-2-2 or less (1); absent or unossified (2).",Wilson (2002),WIL02_REF:C181,baseline,,,,,high,5,4,4,WU09; KN10; C12; W02,yes,2009,2014,5,frozen-v1.0,NOT_YET_AUDITED,,,NOT_PHASE2_TARGET,,,,NOT_PHASE3_C12_TARGET,,,NOT_PHASE4_DE12_TARGET,,,NOT_PHASE5_GA11_TARGET,,,NOT_PHASE6_M26_TARGET,,,FROZEN_V1,high,Canonical identity frozen in MacronariaMatrix v1.0.0 after the multi-phase lineage and duplicate audit.
MC0182,MANUAL_PH_I.1_WEDGE_SHAPED,"Manual phalanx I.1, shape: rectangular (0); wedge-shaped (1).",Wilson (2002),WIL02_REF:C182,baseline,,,,,high,7,6,6,WU09; KN10; C12; W02; M19; M26,yes,2009,2026,17,frozen-v1.0,NOT_YET_AUDITED,,,NOT_PHASE2_TARGET,,,,NOT_PHASE3_C12_TARGET,,,NOT_PHASE4_DE12_TARGET,,,NOT_PHASE5_GA11_TARGET,,,NOT_PHASE6_M26_TARGET,,,FROZEN_V1,high,Canonical identity frozen in MacronariaMatrix v1.0.0 after the multi-phase lineage and duplicate audit.
MC0183,MANUAL_PH_BROAD,"Manual nonungual phalanges, shape: longer proximodistally than broad transversely (0); broader transversely than long proximodistally (1).",Wilson (2002),WIL02_REF:C183,baseline,,,,,high,5,4,4,WU09; KN10; C12; W02,yes,2009,2014,5,frozen-v1.0,NOT_YET_AUDITED,,,NOT_PHASE2_TARGET,,,,NOT_PHASE3_C12_TARGET,,,NOT_PHASE4_DE12_TARGET,,,NOT_PHASE5_GA11_TARGET,,,NOT_PHASE6_M26_TARGET,,,FROZEN_V1,high,Canonical identity frozen in MacronariaMatrix v1.0.0 after the multi-phase lineage and duplicate audit.
MC0184,DIVERGENT_PREAC_BLADE,"Pelvis, anterior breadth: narrow, ilia longer anteroposteriorly than distance separating preacetabular processes (0); broad, distance between preacetabular processes exceeds antero- posterior length of ilia (1).",Wilson (2002),WIL02_REF:C184,baseline,,,,,high,5,4,4,WU09; KN10; C12; W02,yes,2009,2014,5,frozen-v1.0,NOT_YET_AUDITED,,,NOT_PHASE2_TARGET,,,,NOT_PHASE3_C12_TARGET,,,NOT_PHASE4_DE12_TARGET,,,NOT_PHASE5_GA11_TARGET,,,NOT_PHASE6_M26_TARGET,,,FROZEN_V1,high,Canonical identity frozen in MacronariaMatrix v1.0.0 after the multi-phase lineage and duplicate audit.
MC0185,ILIUM W/ISCHIAL PED REDUCED,"Ilium, ischial peduncle size: large, prominent (0); low, rounded (1).",Wilson (2002),WIL02_REF:C185,baseline,,,,,high,5,4,4,WU09; KN10; C12; W02,yes,2009,2014,5,frozen-v1.0,NOT_YET_AUDITED,,,NOT_PHASE2_TARGET,,,,NOT_PHASE3_C12_TARGET,,,NOT_PHASE4_DE12_TARGET,,,NOT_PHASE5_GA11_TARGET,,,NOT_PHASE6_M26_TARGET,,,FROZEN_V1,high,Canonical identity frozen in MacronariaMatrix v1.0.0 after the multi-phase lineage and duplicate audit.
MC0186,ILIAC_BLADE_SEMICIRCULAR,"Iliac blade dorsal margin, shape: flat (0); semi- circular (1).",Wilson (2002),WIL02_REF:C186,baseline,,,,,high,5,4,4,WU09; KN10; C12; W02,yes,2009,2014,5,frozen-v1.0,NOT_YET_AUDITED,,,NOT_PHASE2_TARGET,,,,NOT_PHASE3_C12_TARGET,,,NOT_PHASE4_DE12_TARGET,,,NOT_PHASE5_GA11_TARGET,,,NOT_PHASE6_M26_TARGET,,,FROZEN_V1,high,Canonical identity frozen in MacronariaMatrix v1.0.0 after the multi-phase lineage and duplicate audit.
MC0187,ILIAC_BLADE_ORIENTATION,"Iliac preacetabular process, orientation: antero- lateral to (0) or perpendicular to (1) body axis.",Wilson (2002),WIL02_REF:C187,baseline,,,,,high,6,5,5,WU09; KN10; C12; DE12; W02,yes,2009,2014,5,frozen-v1.0,NOT_YET_AUDITED,,,NOT_PHASE2_TARGET,,,,NOT_PHASE3_C12_TARGET,,,NOT_PHASE4_DE12_TARGET,,,NOT_PHASE5_GA11_TARGET,,,NOT_PHASE6_M26_TARGET,,,FROZEN_V1,high,Canonical identity frozen in MacronariaMatrix v1.0.0 after the multi-phase lineage and duplicate audit.
MC0188,SEMICIRCULAR_PREAC_PR,"Iliac preacetabular process, shape: pointed, arch- ing ventrally (0); semicircular, with posteroven- tral excursion of cartilage cap (1).",Wilson (2002),WIL02_REF:C188,baseline,,,,,high,6,5,5,WU09; KN10; C12; DE12; W02,yes,2009,2014,5,frozen-v1.0,NOT_YET_AUDITED,,,NOT_PHASE2_TARGET,,,,NOT_PHASE3_C12_TARGET,,,NOT_PHASE4_DE12_TARGET,,,NOT_PHASE5_GA11_TARGET,,,NOT_PHASE6_M26_TARGET,,,FROZEN_V1,high,Canonical identity frozen in MacronariaMatrix v1.0.0 after the multi-phase lineage and duplicate audit.
MC0189,PUBIS_W_AMBIENS,"Pubis, ambiens process development: small, con- fluent with (0) or prominent, projecting anteri- orly from (1) anterior margin of pubis.",Wilson (2002),WIL02_REF:C189,baseline,,,,,high,7,6,6,WU09; KN10; C12; W02; M19; M26,yes,2009,2026,17,frozen-v1.0,NOT_YET_AUDITED,,,FROZEN_WITH_PHASE2_REDIRECT,high,Retained canonical ID gained M19/M26 occurrences through a source/definition-level Phase-2 redirect.,,NOT_PHASE3_C12_TARGET,,,NOT_PHASE4_DE12_TARGET,,,NOT_PHASE5_GA11_TARGET,,,NOT_PHASE6_M26_TARGET,,,FROZEN_V1,high,Canonical identity frozen in MacronariaMatrix v1.0.0 after the multi-phase lineage and duplicate audit.
MC0190,PUBIC_APRON_CANTED,"Pubic apron, shape: flat (straight symphysis) (0); canted anteromedially (gentle S-shaped symphy- sis) (1).",Wilson (2002),WIL02_REF:C190,baseline,,,,,high,5,4,4,WU09; KN10; C12; W02,yes,2009,2014,5,frozen-v1.0,NOT_YET_AUDITED,,,NOT_PHASE2_TARGET,,,,NOT_PHASE3_C12_TARGET,,,NOT_PHASE4_DE12_TARGET,,,NOT_PHASE5_GA11_TARGET,,,NOT_PHASE6_M26_TARGET,,,FROZEN_V1,high,Canonical identity frozen in MacronariaMatrix v1.0.0 after the multi-phase lineage and duplicate audit.
MC0191,PUBOSCHIAL_CONTACT_DEEP,"Puboischial contact, length: approximately one- third (0) or one-half (1) total length of pubis.",Wilson (2002),WIL02_REF:C191,baseline,,,,,high,6,5,5,WU09; KN10; C12; DE12; W02,yes,2009,2014,5,frozen-v1.0,NOT_YET_AUDITED,,,NOT_PHASE2_TARGET,,,,NOT_PHASE3_C12_TARGET,,,NOT_PHASE4_DE12_TARGET,,,NOT_PHASE5_GA11_TARGET,,,NOT_PHASE6_M26_TARGET,,,FROZEN_V1,high,Canonical identity frozen in MacronariaMatrix v1.0.0 after the multi-phase lineage and duplicate audit.
MC0192,ISCHIUM_LONGER_THAN_PUBIS,"Ischial blade, length: much shorter than (0) or equal to or longer than (1) pubic blade.",Wilson (2002),WIL02_REF:C192,baseline,,,,,high,7,6,6,WU09; KN10; GA11; C12; DE12; W02,yes,2009,2014,5,frozen-v1.0,NOT_YET_AUDITED,,,NOT_PHASE2_TARGET,,,,NOT_PHASE3_C12_TARGET,,,NOT_PHASE4_DE12_TARGET,,,NOT_PHASE5_GA11_TARGET,,,NOT_PHASE6_M26_TARGET,,,FROZEN_V1,high,Canonical identity frozen in MacronariaMatrix v1.0.0 after the multi-phase lineage and duplicate audit.
MC0193,ISCHIAL_BL_SHALLOW,"Ischial blade, shape: emarginate distal to pubic peduncle (0); no emargination distal to pubic peduncle (1). 264",Wilson (2002),WIL02_REF:C193,baseline,,,,,high,8,7,7,WU09; KN10; C12; DE12; W02; M19; M26,yes,2009,2026,17,frozen-v1.0,NOT_YET_AUDITED,,,FROZEN_WITH_PHASE2_REDIRECT,high,Retained canonical ID gained M19/M26 occurrences through a source/definition-level Phase-2 redirect.,,NOT_PHASE3_C12_TARGET,,,NOT_PHASE4_DE12_TARGET,,,NOT_PHASE5_GA11_TARGET,,,NOT_PHASE6_M26_TARGET,,,FROZEN_V1,high,Canonical identity frozen in MacronariaMatrix v1.0.0 after the multi-phase lineage and duplicate audit.
MC0194,ISCHIUM_FLATTENED_DV,"Ischial distal shaft, shape: triangular, depth of ischial shaft increases medially (0); bladelike, medial and lateral depths subequal (1).",Wilson (2002),WIL02_REF:C194,baseline,,,,,high,7,6,6,WU09; KN10; C12; W02; M19; M26,yes,2009,2026,17,frozen-v1.0,NOT_YET_AUDITED,,,FROZEN_WITH_PHASE2_REDIRECT,high,Retained canonical ID gained M19/M26 occurrences through a source/definition-level Phase-2 redirect.,,NOT_PHASE3_C12_TARGET,,,NOT_PHASE4_DE12_TARGET,,,NOT_PHASE5_GA11_TARGET,,,NOT_PHASE6_M26_TARGET,,,FROZEN_V1,high,Canonical identity frozen in MacronariaMatrix v1.0.0 after the multi-phase lineage and duplicate audit.
MC0195,ISCHIAL_SHAFTS_COPLANAR,"Ischial distal shafts, cross-sectional shape: V- shaped, forming an angle of nearly 50° with each other (0); flat, nearly coplanar (1).",Wilson (2002),WIL02_REF:C195,baseline,,,,,high,7,6,6,WU09; KN10; C12; W02; M19; M26,yes,2009,2026,17,frozen-v1.0,NOT_YET_AUDITED,,,FROZEN_WITH_PHASE2_REDIRECT,high,Retained canonical ID gained M19/M26 occurrences through a source/definition-level Phase-2 redirect.,,NOT_PHASE3_C12_TARGET,,,NOT_PHASE4_DE12_TARGET,,,NOT_PHASE5_GA11_TARGET,,,NOT_PHASE6_M26_TARGET,,,FROZEN_V1,high,Canonical identity frozen in MacronariaMatrix v1.0.0 after the multi-phase lineage and duplicate audit.
MC0196,FOURTH_TROCHANTER_REDUCED,"Femoral fourth trochanter, development: promi- nent (0); reduced to crest or ridge (1).",Wilson (2002),WIL02_REF:C196,baseline,,,,,high,6,5,5,WU09; KN10; C12; DE12; W02,yes,2009,2014,5,frozen-v1.0,NOT_YET_AUDITED,,,NOT_PHASE2_TARGET,,,,NOT_PHASE3_C12_TARGET,,,NOT_PHASE4_DE12_TARGET,,,NOT_PHASE5_GA11_TARGET,,,NOT_PHASE6_M26_TARGET,,,FROZEN_V1,high,Canonical identity frozen in MacronariaMatrix v1.0.0 after the multi-phase lineage and duplicate audit.
MC0197,LESSER_TROCHANTER,Femoral lesser trochanter: present (0); absent (1).,Wilson (2002),WIL02_REF:C197,baseline,,,,,high,5,4,4,WU09; KN10; C12; W02,yes,2009,2014,5,frozen-v1.0,NOT_YET_AUDITED,,,NOT_PHASE2_TARGET,,,,NOT_PHASE3_C12_TARGET,,,NOT_PHASE4_DE12_TARGET,,,NOT_PHASE5_GA11_TARGET,,,NOT_PHASE6_M26_TARGET,,,FROZEN_V1,high,Canonical identity frozen in MacronariaMatrix v1.0.0 after the multi-phase lineage and duplicate audit.
MC0198,FEMORAL_SHAFT_ELLIPTICAL,"Femoral midshaft, transverse diameter: sub- equal to (0), 125-150%, or (1) at least 185% (2) anteroposterior diameter.",Wilson (2002),WIL02_REF:C198,baseline,,,,,high,5,4,4,WU09; KN10; C12; W02,yes,2009,2014,5,frozen-v1.0,NOT_YET_AUDITED,,,NOT_PHASE2_TARGET,,,,NOT_PHASE3_C12_TARGET,,,NOT_PHASE4_DE12_TARGET,,,NOT_PHASE5_GA11_TARGET,,,NOT_PHASE6_M26_TARGET,,,FROZEN_V1,high,Canonical identity frozen in MacronariaMatrix v1.0.0 after the multi-phase lineage and duplicate audit.
MC0199,FEMUR_BULGE,"Femoral shaft, lateral margin shape: straight (0); proximal one-third deflected medially (1).",Wilson (2002),WIL02_REF:C199,baseline,,,,,high,7,6,6,WU09; KN10; GA11; C12; DE12; W02,yes,2009,2014,5,frozen-v1.0,NOT_YET_AUDITED,,,NOT_PHASE2_TARGET,,,,NOT_PHASE3_C12_TARGET,,,NOT_PHASE4_DE12_TARGET,,,NOT_PHASE5_GA11_TARGET,,,NOT_PHASE6_M26_TARGET,,,FROZEN_V1,high,Canonical identity frozen in MacronariaMatrix v1.0.0 after the multi-phase lineage and duplicate audit.
MC0200,FEM_DIST_CONDYLES_ASYMMETRICAL,"Femoral distal condyles, relative transverse breadth: subequal (0); tibial much broader than fibular (1).",Wilson (2002),WIL02_REF:C200,baseline,,,,,high,5,4,4,WU09; KN10; C12; W02,yes,2009,2014,5,frozen-v1.0,NOT_YET_AUDITED,,,NOT_PHASE2_TARGET,,,,NOT_PHASE3_C12_TARGET,,,NOT_PHASE4_DE12_TARGET,,,NOT_PHASE5_GA11_TARGET,,,NOT_PHASE6_M26_TARGET,,,FROZEN_V1,high,Canonical identity frozen in MacronariaMatrix v1.0.0 after the multi-phase lineage and duplicate audit.
MC0201,FEM_DIST_CON_BEVELLED,"Femoral distal condyles, orientation: perpendic- ular or slightly bevelled dorsolaterally (0) or bevelled dorsomedially approximately 10° (1) relative to femoral shaft.",Wilson (2002),WIL02_REF:C201,baseline,,,,,high,8,7,7,WU09; KN10; C12; DE12; W02; M19; M26,yes,2009,2026,17,frozen-v1.0,NOT_YET_AUDITED,,,FROZEN_WITH_PHASE2_REDIRECT,high,Retained canonical ID gained M19/M26 occurrences through a source/definition-level Phase-2 redirect.,,NOT_PHASE3_C12_TARGET,,,NOT_PHASE4_DE12_TARGET,,,NOT_PHASE5_GA11_TARGET,,,NOT_PHASE6_M26_TARGET,,,FROZEN_V1,high,Canonical identity frozen in MacronariaMatrix v1.0.0 after the multi-phase lineage and duplicate audit.
MC0202,FEM_DIS_CON_EXPOSED_ANT,"Femoral distal condyles, articular surface shape: restricted to distal portion of femur (0); expanded onto anterior portion of femoral shaft (1).",Wilson (2002),WIL02_REF:C202,baseline,,,,,high,7,6,6,WU09; KN10; C12; W02; M19; M26,yes,2009,2026,17,frozen-v1.0,NOT_YET_AUDITED,,,NOT_PHASE2_TARGET,,,,NOT_PHASE3_C12_TARGET,,,NOT_PHASE4_DE12_TARGET,,,NOT_PHASE5_GA11_TARGET,,,NOT_PHASE6_M26_TARGET,,,FROZEN_V1,high,Canonical identity frozen in MacronariaMatrix v1.0.0 after the multi-phase lineage and duplicate audit.
MC0203,TIBIA_PROX_SUBCIRCULAR,"Tibial proximal condyle, shape: narrow, long axis anteroposterior (0); expanded transversely, condyle subcircular (1).",Wilson (2002),WIL02_REF:C203,baseline,,,,,high,5,4,4,WU09; KN10; C12; W02,yes,2009,2014,5,frozen-v1.0,NOT_YET_AUDITED,,,NOT_PHASE2_TARGET,,,,NOT_PHASE3_C12_TARGET,,,NOT_PHASE4_DE12_TARGET,,,NOT_PHASE5_GA11_TARGET,,,NOT_PHASE6_M26_TARGET,,,FROZEN_V1,high,Canonical identity frozen in MacronariaMatrix v1.0.0 after the multi-phase lineage and duplicate audit.
MC0204,CNEMIAL CR PROJ'S LATERALLY,"Tibial cnemial crest, orientation: projecting ante- riorly (0) or laterally (1).",Wilson (2002),WIL02_REF:C204,baseline,,,,,high,7,6,6,WU09; KN10; C12; W02; M19; M26,yes,2009,2026,17,frozen-v1.0,NOT_YET_AUDITED,,,NOT_PHASE2_TARGET,,,,NOT_PHASE3_C12_TARGET,,,NOT_PHASE4_DE12_TARGET,,,NOT_PHASE5_GA11_TARGET,,,NOT_PHASE6_M26_TARGET,,,FROZEN_V1,high,Canonical identity frozen in MacronariaMatrix v1.0.0 after the multi-phase lineage and duplicate audit.
MC0205,TIB_DIS_BR_2X_MIDSH_BR,"Tibia, distal breadth: approximately 125% (0) or more than twice (1) midshaft breadth.",Wilson (2002),WIL02_REF:C205,baseline,,,,,high,5,4,4,WU09; KN10; C12; W02,yes,2009,2014,5,frozen-v1.0,NOT_YET_AUDITED,,,NOT_PHASE2_TARGET,,,,NOT_PHASE3_C12_TARGET,,,NOT_PHASE4_DE12_TARGET,,,NOT_PHASE5_GA11_TARGET,,,NOT_PHASE6_M26_TARGET,,,FROZEN_V1,high,Canonical identity frozen in MacronariaMatrix v1.0.0 after the multi-phase lineage and duplicate audit.
MC0206,TIB_PV_CORNER_REDUCED,"Tibial distal posteroventral process, size: broad transversely, covering posterior fossa of astraga- lus (0); shortened transversely, posterior fossa of astragalus visible posteriorly (1).",Wilson (2002),WIL02_REF:C206,baseline,,,,,high,5,4,4,WU09; KN10; C12; W02,yes,2009,2014,5,frozen-v1.0,NOT_YET_AUDITED,,,NOT_PHASE2_TARGET,,,,NOT_PHASE3_C12_TARGET,,,NOT_PHASE4_DE12_TARGET,,,NOT_PHASE5_GA11_TARGET,,,NOT_PHASE6_M26_TARGET,,,FROZEN_V1,high,Canonical identity frozen in MacronariaMatrix v1.0.0 after the multi-phase lineage and duplicate audit.
MC0207,FIB_WITH_BROAD_TIBIAL_SCAR,"Fibula, proximal tibial scar, development: not well-marked (0); well-marked and deepening anteriorly (1).",Wilson (2002),WIL02_REF:C207,baseline,,,,,high,5,4,4,WU09; KN10; C12; W02,yes,2009,2014,5,frozen-v1.0,NOT_YET_AUDITED,,,NOT_PHASE2_TARGET,,,,NOT_PHASE3_C12_TARGET,,,NOT_PHASE4_DE12_TARGET,,,NOT_PHASE5_GA11_TARGET,,,NOT_PHASE6_M26_TARGET,,,FROZEN_V1,high,Canonical identity frozen in MacronariaMatrix v1.0.0 after the multi-phase lineage and duplicate audit.
MC0208,FIBULAR_LATERAL_TROCH,"Fibula, lateral trochanter: absent (0); present (1).",Wilson (2002),WIL02_REF:C208,baseline,,,,,high,5,4,4,WU09; KN10; C12; W02,yes,2009,2014,5,frozen-v1.0,NOT_YET_AUDITED,,,NOT_PHASE2_TARGET,,,,NOT_PHASE3_C12_TARGET,,,NOT_PHASE4_DE12_TARGET,,,NOT_PHASE5_GA11_TARGET,,,NOT_PHASE6_M26_TARGET,,,FROZEN_V1,high,Canonical identity frozen in MacronariaMatrix v1.0.0 after the multi-phase lineage and duplicate audit.
MC0209,FIB_DI_CON_EXP_TR,"Fibular distal condyle, size: subequal to shaft (0); expanded transversely, more than twice mid- shaft breadth (1).",Wilson (2002),WIL02_REF:C209,baseline,,,,,high,5,4,4,WU09; KN10; C12; W02,yes,2009,2014,5,frozen-v1.0,NOT_YET_AUDITED,,,NOT_PHASE2_TARGET,,,,NOT_PHASE3_C12_TARGET,,,NOT_PHASE4_DE12_TARGET,,,NOT_PHASE5_GA11_TARGET,,,NOT_PHASE6_M26_TARGET,,,FROZEN_V1,high,Canonical identity frozen in MacronariaMatrix v1.0.0 after the multi-phase lineage and duplicate audit.
MC0210,ASTRAGALUS_WEDGE_SHAPED,"Astragalus, shape: rectangular (0); wedge- shaped, with reduced anteromedial corner (1).",Wilson (2002),WIL02_REF:C210,baseline,,,,,high,5,4,4,WU09; KN10; C12; W02,yes,2009,2014,5,frozen-v1.0,NOT_YET_AUDITED,,,NOT_PHASE2_TARGET,,,,NOT_PHASE3_C12_TARGET,,,NOT_PHASE4_DE12_TARGET,,,NOT_PHASE5_GA11_TARGET,,,NOT_PHASE6_M26_TARGET,,,FROZEN_V1,high,Canonical identity frozen in MacronariaMatrix v1.0.0 after the multi-phase lineage and duplicate audit.
MC0211,ASTRAGALAR FOSSA/FORAMINA ABSEN,"Astragalus, foramina at base of ascending pro- cess: present (0); absent (1).",Wilson (2002),WIL02_REF:C211,baseline,,,,,high,5,4,4,WU09; KN10; C12; W02,yes,2009,2014,5,frozen-v1.0,NOT_YET_AUDITED,,,NOT_PHASE2_TARGET,,,,NOT_PHASE3_C12_TARGET,,,NOT_PHASE4_DE12_TARGET,,,NOT_PHASE5_GA11_TARGET,,,NOT_PHASE6_M26_TARGET,,,FROZEN_V1,high,Canonical identity frozen in MacronariaMatrix v1.0.0 after the multi-phase lineage and duplicate audit.
MC0212,ASTR_ASC_PR_ROTATED,"Astragalus, ascending process length: limited to anterior two-thirds of astragalus (0); extending to posterior margin of astragalus (1).",Wilson (2002),WIL02_REF:C212,baseline,,,,,high,7,6,6,WU09; KN10; C12; W02; M19; M26,yes,2009,2026,17,frozen-v1.0,NOT_YET_AUDITED,,,NOT_PHASE2_TARGET,,,,NOT_PHASE3_C12_TARGET,,,NOT_PHASE4_DE12_TARGET,,,NOT_PHASE5_GA11_TARGET,,,NOT_PHASE6_M26_TARGET,,,FROZEN_V1,high,Canonical identity frozen in MacronariaMatrix v1.0.0 after the multi-phase lineage and duplicate audit.
MC0213,ASTRAGALAR_POST_FOSSA_DIVIDED,"Astragalus, posterior fossa shape: undivided (0); divided by vertical crest (1).",Wilson (2002),WIL02_REF:C213,baseline,,,,,high,6,5,5,WU09; KN10; C12; W02; M26,yes,2009,2026,17,frozen-v1.0,NOT_YET_AUDITED,,,NOT_PHASE2_TARGET,,,,NOT_PHASE3_C12_TARGET,,,NOT_PHASE4_DE12_TARGET,,,NOT_PHASE5_GA11_TARGET,,,NOT_PHASE6_M26_TARGET,,,FROZEN_V1,high,Canonical identity frozen in MacronariaMatrix v1.0.0 after the multi-phase lineage and duplicate audit.
MC0214,ASTRAGALAR H=L,"Astragalus, transverse length: 50% more than (0) or subequal to (1) proximodistal height.",Wilson (2002),WIL02_REF:C214,baseline,,,,,high,7,6,6,WU09; KN10; C12; W02; M19; M26,yes,2009,2026,17,frozen-v1.0,NOT_YET_AUDITED,,,FROZEN_WITH_PHASE2_REDIRECT,high,Retained canonical ID gained M19/M26 occurrences through a source/definition-level Phase-2 redirect.,,NOT_PHASE3_C12_TARGET,,,NOT_PHASE4_DE12_TARGET,,,NOT_PHASE5_GA11_TARGET,,,NOT_PHASE6_M26_TARGET,,,FROZEN_V1,high,Canonical identity frozen in MacronariaMatrix v1.0.0 after the multi-phase lineage and duplicate audit.
MC0215,CALCANEUM_UNOSSIFIED,Calcaneum: present (0); absent or unossified (1).,Wilson (2002),WIL02_REF:C215,baseline,,,,,high,7,6,6,WU09; KN10; C12; W02; M19; M26,yes,2009,2026,17,frozen-v1.0,NOT_YET_AUDITED,,,NOT_PHASE2_TARGET,,,,NOT_PHASE3_C12_TARGET,,,NOT_PHASE4_DE12_TARGET,,,NOT_PHASE5_GA11_TARGET,,,NOT_PHASE6_M26_TARGET,,,FROZEN_V1,high,Canonical identity frozen in MacronariaMatrix v1.0.0 after the multi-phase lineage and duplicate audit.
MC0216,DISTAL_TARSALS_3&4_UNOSSIFIED,Distal tarsals 3 and 4: present (0); absent or unossified (1).,Wilson (2002),WIL02_REF:C216,baseline,,,,,high,5,4,4,WU09; KN10; C12; W02,yes,2009,2014,5,frozen-v1.0,NOT_YET_AUDITED,,,NOT_PHASE2_TARGET,,,,NOT_PHASE3_C12_TARGET,,,NOT_PHASE4_DE12_TARGET,,,NOT_PHASE5_GA11_TARGET,,,NOT_PHASE6_M26_TARGET,,,FROZEN_V1,high,Canonical identity frozen in MacronariaMatrix v1.0.0 after the multi-phase lineage and duplicate audit.
MC0217,PLANTIGRADE_PES,"Metatarsus, posture: bound (0); spreading (1).",Wilson (2002),WIL02_REF:C217,baseline,,,,,high,5,4,4,WU09; KN10; C12; W02,yes,2009,2014,5,frozen-v1.0,NOT_YET_AUDITED,,,NOT_PHASE2_TARGET,,,,NOT_PHASE3_C12_TARGET,,,NOT_PHASE4_DE12_TARGET,,,NOT_PHASE5_GA11_TARGET,,,NOT_PHASE6_M26_TARGET,,,FROZEN_V1,high,Canonical identity frozen in MacronariaMatrix v1.0.0 after the multi-phase lineage and duplicate audit.
MC0218,MT_I_PR_CON_BEVELLED,"Metatarsal I proximal condyle, transverse axis orientation: perpendicular to (0) or angled ven- tromedially approximately 15° to (1) axis of shaft.",Wilson (2002),WIL02_REF:C218,baseline,,,,,high,5,4,4,WU09; KN10; C12; W02,yes,2009,2014,5,frozen-v1.0,NOT_YET_AUDITED,,,NOT_PHASE2_TARGET,,,,NOT_PHASE3_C12_TARGET,,,NOT_PHASE4_DE12_TARGET,,,NOT_PHASE5_GA11_TARGET,,,NOT_PHASE6_M26_TARGET,,,FROZEN_V1,high,Canonical identity frozen in MacronariaMatrix v1.0.0 after the multi-phase lineage and duplicate audit.
MC0219,MT_I_DIS_CON_BEVELLED,"Metatarsal I distal condyle, transverse axis ori- entation: perpendicular to (0) or angled dorsome- dially to (1) axis of shaft.",Wilson (2002),WIL02_REF:C219,baseline,,,,,high,5,4,4,WU09; KN10; C12; W02,yes,2009,2014,5,frozen-v1.0,NOT_YET_AUDITED,,,NOT_PHASE2_TARGET,,,,NOT_PHASE3_C12_TARGET,,,NOT_PHASE4_DE12_TARGET,,,NOT_PHASE5_GA11_TARGET,,,NOT_PHASE6_M26_TARGET,,,FROZEN_V1,high,Canonical identity frozen in MacronariaMatrix v1.0.0 after the multi-phase lineage and duplicate audit.
MC0220,MT_I_DIS_POST_LAT_PROJ,"Metatarsal I distal condyle, posterolateral pro- jection: absent (0); present (1).",Wilson (2002),WIL02_REF:C220,baseline,,,,,high,5,4,4,WU09; KN10; C12; W02,yes,2009,2014,5,frozen-v1.0,NOT_YET_AUDITED,,,NOT_PHASE2_TARGET,,,,NOT_PHASE3_C12_TARGET,,,NOT_PHASE4_DE12_TARGET,,,NOT_PHASE5_GA11_TARGET,,,NOT_PHASE6_M26_TARGET,,,FROZEN_V1,high,Canonical identity frozen in MacronariaMatrix v1.0.0 after the multi-phase lineage and duplicate audit.
MC0221,MT_I_SHAFT_LARGE,"Metatarsal I, minimum shaft width: less than (0) or greater than (1) that of metatarsals II-IV.",Wilson (2002),WIL02_REF:C221,baseline,,,,,high,4,3,3,WU09; KN10; W02,yes,2009,2014,5,frozen-v1.0,NOT_YET_AUDITED,,,NOT_PHASE2_TARGET,,,,NOT_PHASE3_C12_TARGET,,,NOT_PHASE4_DE12_TARGET,,,NOT_PHASE5_GA11_TARGET,,,NOT_PHASE6_M26_TARGET,,,FROZEN_V1,high,Canonical identity frozen in MacronariaMatrix v1.0.0 after the multi-phase lineage and duplicate audit.
MC0222,MT I & V SUBEQUAL TO I & IV (PR,"Metatarsal I and V proximal condyle, size: smaller than (0) or subequal to (1) those of meta- tarsals II and IV.",Wilson (2002),WIL02_REF:C222,baseline,,,,,high,5,4,4,WU09; KN10; C12; W02,yes,2009,2014,5,frozen-v1.0,NOT_YET_AUDITED,,,NOT_PHASE2_TARGET,,,,NOT_PHASE3_C12_TARGET,,,NOT_PHASE4_DE12_TARGET,,,NOT_PHASE5_GA11_TARGET,,,NOT_PHASE6_M26_TARGET,,,FROZEN_V1,high,Canonical identity frozen in MacronariaMatrix v1.0.0 after the multi-phase lineage and duplicate audit.
MC0223,MT III/TIB 0.25,Metatarsal III length: more than 30% (0) or less than 25% (1) that of tibia.,Wilson (2002),WIL02_REF:C223,baseline,,,,,high,7,6,6,WU09; KN10; C12; W02; M19; M26,yes,2009,2026,17,frozen-v1.0,NOT_YET_AUDITED,,,NOT_PHASE2_TARGET,,,,NOT_PHASE3_C12_TARGET,,,NOT_PHASE4_DE12_TARGET,,,NOT_PHASE5_GA11_TARGET,,,NOT_PHASE6_M26_TARGET,,,FROZEN_V1,high,Canonical identity frozen in MacronariaMatrix v1.0.0 after the multi-phase lineage and duplicate audit.
MC0224,MT_III_AND_IV_SMALLER_THAN_I_II,"Metatarsals III and IV, minimum transverse shaft diameters: subequal to (0) or less than 65% (1) that of metatarsals I or II (1).",Wilson (2002),WIL02_REF:C224,baseline,,,,,high,5,4,4,WU09; KN10; C12; W02,yes,2009,2014,5,frozen-v1.0,NOT_YET_AUDITED,,,NOT_PHASE2_TARGET,,,,NOT_PHASE3_C12_TARGET,,,NOT_PHASE4_DE12_TARGET,,,NOT_PHASE5_GA11_TARGET,,,NOT_PHASE6_M26_TARGET,,,FROZEN_V1,high,Canonical identity frozen in MacronariaMatrix v1.0.0 after the multi-phase lineage and duplicate audit.
MC0225,MT_V_70%_MT_IV,"Metatarsal V, length: shorter than (0) or at least 70% (1) length of metatarsal IV.",Wilson (2002),WIL02_REF:C225,baseline,,,,,high,5,4,4,WU09; KN10; C12; W02,yes,2009,2014,5,frozen-v1.0,NOT_YET_AUDITED,,,NOT_PHASE2_TARGET,,,,NOT_PHASE3_C12_TARGET,,,NOT_PHASE4_DE12_TARGET,,,NOT_PHASE5_GA11_TARGET,,,NOT_PHASE6_M26_TARGET,,,FROZEN_V1,high,Canonical identity frozen in MacronariaMatrix v1.0.0 after the multi-phase lineage and duplicate audit.
MC0226,SHORT PEDAL PH'S,"Pedal nonungual phalanges, shape: longer prox- imodistally than broad transversely (0); broader transversely than long proximodistally (1).",Wilson (2002),WIL02_REF:C226,baseline,,,,,high,5,4,4,WU09; KN10; C12; W02,yes,2009,2014,5,frozen-v1.0,NOT_YET_AUDITED,,,NOT_PHASE2_TARGET,,,,NOT_PHASE3_C12_TARGET,,,NOT_PHASE4_DE12_TARGET,,,NOT_PHASE5_GA11_TARGET,,,NOT_PHASE6_M26_TARGET,,,FROZEN_V1,high,Canonical identity frozen in MacronariaMatrix v1.0.0 after the multi-phase lineage and duplicate audit.
MC0227,PEDAL II-IV RUD PH'S,"Pedal digits II-IV, penultimate phalanges, devel- opment: subequal in size to more proximal pha- langes (0); rudimentary or absent (1).",Wilson (2002),WIL02_REF:C227,baseline,,,,,high,5,4,4,WU09; KN10; C12; W02,yes,2009,2014,5,frozen-v1.0,NOT_YET_AUDITED,,,NOT_PHASE2_TARGET,,,,NOT_PHASE3_C12_TARGET,,,NOT_PHASE4_DE12_TARGET,,,NOT_PHASE5_GA11_TARGET,,,NOT_PHASE6_M26_TARGET,,,FROZEN_V1,high,Canonical identity frozen in MacronariaMatrix v1.0.0 after the multi-phase lineage and duplicate audit.
MC0228,PEDAL_UNGUAL_CONDLYE_ASYMMETRIC,"Pedal unguals, orientation: aligned with (0) or deflected lateral to (1) digit axis.",Wilson (2002),WIL02_REF:C228,baseline,,,,,high,5,4,4,WU09; KN10; C12; W02,yes,2009,2014,5,frozen-v1.0,NOT_YET_AUDITED,,,NOT_PHASE2_TARGET,,,,NOT_PHASE3_C12_TARGET,,,NOT_PHASE4_DE12_TARGET,,,NOT_PHASE5_GA11_TARGET,,,NOT_PHASE6_M26_TARGET,,,FROZEN_V1,high,Canonical identity frozen in MacronariaMatrix v1.0.0 after the multi-phase lineage and duplicate audit.
MC0229,PEDAL_I_UNGUAL_LONG,"Pedal digit I ungual, length relative to pedal digit II ungual: subequal (0); 25% larger than that of digit II (1).",Wilson (2002),WIL02_REF:C229,baseline,,,,,high,5,4,4,WU09; KN10; C12; W02,yes,2009,2014,5,frozen-v1.0,NOT_YET_AUDITED,,,NOT_PHASE2_TARGET,,,,NOT_PHASE3_C12_TARGET,,,NOT_PHASE4_DE12_TARGET,,,NOT_PHASE5_GA11_TARGET,,,NOT_PHASE6_M26_TARGET,,,FROZEN_V1,high,Canonical identity frozen in MacronariaMatrix v1.0.0 after the multi-phase lineage and duplicate audit.
MC0230,PEDAL_I_UNGUAL_ENLARGED,"Pedal digit I ungual, length: shorter (0) or longer (1) than metatarsal I.",Wilson (2002),WIL02_REF:C230,baseline,,,,,high,5,4,4,WU09; KN10; C12; W02,yes,2009,2014,5,frozen-v1.0,NOT_YET_AUDITED,,,NOT_PHASE2_TARGET,,,,NOT_PHASE3_C12_TARGET,,,NOT_PHASE4_DE12_TARGET,,,NOT_PHASE5_GA11_TARGET,,,NOT_PHASE6_M26_TARGET,,,FROZEN_V1,high,Canonical identity frozen in MacronariaMatrix v1.0.0 after the multi-phase lineage and duplicate audit.
MC0231,PEDAL_I_UNGUAL_SICKLE_SHAPED,"Pedal ungual I, shape: broader transversely than dorsoventrally (0); sickle-shaped, much deeper dorsoventrally than broad transversely (1).",Wilson (2002),WIL02_REF:C231,baseline,,,,,high,5,4,4,WU09; KN10; C12; W02,yes,2009,2014,5,frozen-v1.0,NOT_YET_AUDITED,,,NOT_PHASE2_TARGET,,,,NOT_PHASE3_C12_TARGET,,,NOT_PHASE4_DE12_TARGET,,,NOT_PHASE5_GA11_TARGET,,,NOT_PHASE6_M26_TARGET,,,FROZEN_V1,high,Canonical identity frozen in MacronariaMatrix v1.0.0 after the multi-phase lineage and duplicate audit.
MC0232,PEDAL_II_III_SICKLE_SHAPED_UNGU,"Pedal ungual II-III, shape: broader transversely than dorsoventrally (0); sickle-shaped, much deeper dorsoventrally than broad transversely (1).",Wilson (2002),WIL02_REF:C232,baseline,,,,,high,5,4,4,WU09; KN10; C12; W02,yes,2009,2014,5,frozen-v1.0,NOT_YET_AUDITED,,,NOT_PHASE2_TARGET,,,,NOT_PHASE3_C12_TARGET,,,NOT_PHASE4_DE12_TARGET,,,NOT_PHASE5_GA11_TARGET,,,NOT_PHASE6_M26_TARGET,,,FROZEN_V1,high,Canonical identity frozen in MacronariaMatrix v1.0.0 after the multi-phase lineage and duplicate audit.
MC0233,PEDAL_IV_UNGUAL_RUD,"Pedal digit IV ungual, development: subequal in size to unguals of pedal digits II and III (0); rudi- mentary or absent (1).",Wilson (2002),WIL02_REF:C233,baseline,,,,,high,5,4,4,WU09; KN10; C12; W02,yes,2009,2014,5,frozen-v1.0,NOT_YET_AUDITED,,,NOT_PHASE2_TARGET,,,,NOT_PHASE3_C12_TARGET,,,NOT_PHASE4_DE12_TARGET,,,NOT_PHASE5_GA11_TARGET,,,NOT_PHASE6_M26_TARGET,,,FROZEN_V1,high,Canonical identity frozen in MacronariaMatrix v1.0.0 after the multi-phase lineage and duplicate audit.
MC0234,OSTEODERMS,Osteoderms: absent (0); present (1).,Wilson (2002),WIL02_REF:C234,baseline,,,,,high,9,8,8,WU09; KN10; GA11; C12; DE12; W02; M19; M26,yes,2009,2026,17,frozen-v1.0,NOT_YET_AUDITED,,,NOT_PHASE2_TARGET,,,,NOT_PHASE3_C12_TARGET,,,NOT_PHASE4_DE12_TARGET,,,NOT_PHASE5_GA11_TARGET,,,NOT_PHASE6_M26_TARGET,,,FROZEN_V1,high,Canonical identity frozen in MacronariaMatrix v1.0.0 after the multi-phase lineage and duplicate audit.
MC0235,APCDL_LAMINA_CAUDAL_DORSALS,"Presence of an apcdl lamina in some of the caudalthoracic vertebra (Royo-Torres, 2005): absent (0); present (1).",Wilson-derived compilation source (post-Wilson addition),W02:C235,novel addition,,,,,high,1,1,1,W02,no,2014,2014,0,frozen-v1.0,NOT_YET_AUDITED,,,NOT_PHASE2_TARGET,,,,NOT_PHASE3_C12_TARGET,,,NOT_PHASE4_DE12_TARGET,,,NOT_PHASE5_GA11_TARGET,,,NOT_PHASE6_M26_TARGET,,,FROZEN_V1,high,Canonical identity frozen in MacronariaMatrix v1.0.0 after the multi-phase lineage and duplicate audit.
MC0236,PNEUMATIC_CAVITY_DORSAL_RIBS,Large pneumatic cavity in thoracic ribs: absent (0);present (1).,Wilson-derived compilation source (post-Wilson addition),W02:C236,novel addition,,,,,high,1,1,1,W02,no,2014,2014,0,frozen-v1.0,NOT_YET_AUDITED,,,NOT_PHASE2_TARGET,,,,NOT_PHASE3_C12_TARGET,,,NOT_PHASE4_DE12_TARGET,,,NOT_PHASE5_GA11_TARGET,,,NOT_PHASE6_M26_TARGET,,,FROZEN_V1,high,Canonical identity frozen in MacronariaMatrix v1.0.0 after the multi-phase lineage and duplicate audit.
MC0237,FIRST_CAUDAL_PROCOELY_CONVEXITY,"First caudal vertebral body, articular face: flat or am-phicoelous (0); procoelous with planar or weakly convex posterior side(1); procoelous with strongly convex posterior side (2).",Wilson-derived compilation source (post-Wilson addition),W02:C237,split-derived,MC0116,split_from,,,high,1,1,1,W02,no,2014,2014,0,frozen-v1.0,NOT_YET_AUDITED,,,NOT_PHASE2_TARGET,,,,NOT_PHASE3_C12_TARGET,,,NOT_PHASE4_DE12_TARGET,,,NOT_PHASE5_GA11_TARGET,,,NOT_PHASE6_M26_TARGET,,,FROZEN_V1,high,Canonical identity frozen in MacronariaMatrix v1.0.0 after the multi-phase lineage and duplicate audit.
MC0238,FIRST_CAUDAL_OPISTHOCOELY_BICONVEXITY,"First caudal vertebral body, articular face: flat or am-phicoelous (0); opisthocoelous (1) or biconvex (2).",Wilson-derived compilation source (post-Wilson addition),W02:C238,split-derived,MC0118,split_from,,,high,1,1,1,W02,no,2014,2014,0,frozen-v1.0,NOT_YET_AUDITED,,,NOT_PHASE2_TARGET,,,,NOT_PHASE3_C12_TARGET,,,NOT_PHASE4_DE12_TARGET,,,NOT_PHASE5_GA11_TARGET,,,NOT_PHASE6_M26_TARGET,,,FROZEN_V1,high,Canonical identity frozen in MacronariaMatrix v1.0.0 after the multi-phase lineage and duplicate audit.
MC0239,CLUB_SHAPED_PROXIMAL_CAUDAL_SPINE,"Club-shaped spinous process on the proximal caudalvertebrae (Royo-Torres, 2005): absent (0); present (1).",Wilson-derived compilation source (post-Wilson addition),W02:C239,novel addition,,,,,high,1,1,1,W02,no,2014,2014,0,frozen-v1.0,NOT_YET_AUDITED,,,NOT_PHASE2_TARGET,,,,NOT_PHASE3_C12_TARGET,,,NOT_PHASE4_DE12_TARGET,,,NOT_PHASE5_GA11_TARGET,,,NOT_PHASE6_M26_TARGET,,,FROZEN_V1,high,Canonical identity frozen in MacronariaMatrix v1.0.0 after the multi-phase lineage and duplicate audit.
MC0240,MID_CAUDAL_ARCH_POSITION,"Location of vertebral arches of the middle caudal ver-tebrae (Salgado et al., 1997): over the midpoint of the vertebral body (0);over the cranial half of vertebral body (1).",Wilson-derived compilation source (post-Wilson addition),W02:C240,novel addition,,,,,high,2,2,2,C12; W02,no,2012,2014,2,frozen-v1.0,NOT_YET_AUDITED,,,NOT_PHASE2_TARGET,,,,NOT_PHASE3_C12_TARGET,,,NOT_PHASE4_DE12_TARGET,,,NOT_PHASE5_GA11_TARGET,,,NOT_PHASE6_M26_TARGET,,,FROZEN_V1,high,Canonical identity frozen in MacronariaMatrix v1.0.0 after the multi-phase lineage and duplicate audit.
MC0241,ILIUM_PUBIC_PEDUNCLE_ANGLE,"Pubic peduncle of ilium angle with respect to the sacralaxis (Salgado et al., 1997): acute (0); perpendicular (1).",Wilson-derived compilation source (post-Wilson addition),W02:C241,novel addition,,,,,high,4,4,4,GA11; W02; M19; M26,no,2011,2026,15,frozen-v1.0,NOT_YET_AUDITED,,,NOT_PHASE2_TARGET,,,,NOT_PHASE3_C12_TARGET,,,NOT_PHASE4_DE12_TARGET,,,NOT_PHASE5_GA11_TARGET,,,NOT_PHASE6_M26_TARGET,,,FROZEN_V1,high,Canonical identity frozen in MacronariaMatrix v1.0.0 after the multi-phase lineage and duplicate audit.
MC0242,ISCHIUM_PUBIS_LENGTH_RATIO,"Ischium/pubis length ratio (Salgado et al., 1997, modi-fied): 1.20 (0); between 1.20 and 0.80 (1); 0.80 (2).",Wilson-derived compilation source (post-Wilson addition),W02:C242,novel addition,,,,,high,3,3,3,W02; M19; M26,no,2014,2026,12,frozen-v1.0,NOT_YET_AUDITED,,,FROZEN_WITH_PHASE2_REDIRECT,high,Retained canonical ID gained M19/M26 occurrences through a source/definition-level Phase-2 redirect.,,NOT_PHASE3_C12_TARGET,,,NOT_PHASE4_DE12_TARGET,,,NOT_PHASE5_GA11_TARGET,,,NOT_PHASE6_M26_TARGET,,,FROZEN_V1,high,Canonical identity frozen in MacronariaMatrix v1.0.0 after the multi-phase lineage and duplicate audit.
MC0243,FOURTH_TROCHANTER_POSITION,"Location of the femoral fourth trochanter (Upchurch etal., 2004): near midline (0); on caudomedial margin of the shaft (1).",Wilson-derived compilation source (post-Wilson addition),W02:C243,novel addition,,,,,high,2,2,2,C12; W02,no,2012,2014,2,frozen-v1.0,NOT_YET_AUDITED,,,NOT_PHASE2_TARGET,,,,NOT_PHASE3_C12_TARGET,,,NOT_PHASE4_DE12_TARGET,,,NOT_PHASE5_GA11_TARGET,,,NOT_PHASE6_M26_TARGET,,,FROZEN_V1,high,Canonical identity frozen in MacronariaMatrix v1.0.0 after the multi-phase lineage and duplicate audit.
MC0244,TIBIA_DISTAL_TWIST,"Tibia: almost straight (0); distal end twisted in relationto the proximal (1) (Sanz et al., 1999).",Wilson-derived compilation source (post-Wilson addition),W02:C244,novel addition,,,,,high,1,1,1,W02,no,2014,2014,0,frozen-v1.0,NOT_YET_AUDITED,,,NOT_PHASE2_TARGET,,,,NOT_PHASE3_C12_TARGET,,,NOT_PHASE4_DE12_TARGET,,,NOT_PHASE5_GA11_TARGET,,,NOT_PHASE6_M26_TARGET,,,FROZEN_V1,high,Canonical identity frozen in MacronariaMatrix v1.0.0 after the multi-phase lineage and duplicate audit.
MC0245,FIBULA_DISTAL_END_SHAPE,"Form of the distal end of the fibula: elliptical (0); rect-angular (1); triangular (2) (Royo-Torres, 2005).",Wilson-derived compilation source (post-Wilson addition),W02:C245,novel addition,,,,,high,1,1,1,W02,no,2014,2014,0,frozen-v1.0,NOT_YET_AUDITED,,,NOT_PHASE2_TARGET,,,,NOT_PHASE3_C12_TARGET,,,NOT_PHASE4_DE12_TARGET,,,NOT_PHASE5_GA11_TARGET,,,NOT_PHASE6_M26_TARGET,,,FROZEN_V1,high,Canonical identity frozen in MacronariaMatrix v1.0.0 after the multi-phase lineage and duplicate audit.
MC0246,FIBULA_LATERAL_TROCHANTER_PROJECTION,"Mediolateral development of lateral trochanter of thefibula: no projection (0); projecting (1) (Powell, 2003).",Wilson-derived compilation source (post-Wilson addition),W02:C246,novel addition,,,,,high,1,1,1,W02,no,2014,2014,0,frozen-v1.0,NOT_YET_AUDITED,,,NOT_PHASE2_TARGET,,,,NOT_PHASE3_C12_TARGET,,,NOT_PHASE4_DE12_TARGET,,,NOT_PHASE5_GA11_TARGET,,,NOT_PHASE6_M26_TARGET,,,FROZEN_V1,high,Canonical identity frozen in MacronariaMatrix v1.0.0 after the multi-phase lineage and duplicate audit.
MC0247,DENTARY_POSTEROVENTRAL_PROCESS,"Dentary, posteroventral process (Chure et al., 2010). / single forked","Ksepka & Norell (2010), Appendix 2 / matrix CHARSTATELABELS",KN10:C235,novel addition relative to Wilson (2002),,,Chure et al. (2010),,high,4,4,4,KN10; DE12; M19; M26,no,2010,2026,16,frozen-v1.0,NOT_YET_AUDITED,,,NOT_PHASE2_TARGET,,,,NOT_PHASE3_C12_TARGET,,,NOT_PHASE4_DE12_TARGET,,,NOT_PHASE5_GA11_TARGET,,,NOT_PHASE6_M26_TARGET,,,FROZEN_V1,high,Canonical identity frozen in MacronariaMatrix v1.0.0 after the multi-phase lineage and duplicate audit.
MC0248,CERVICAL_PREZYGAPOPHYSES_EXTENSION,"Cervical prezyagapopyhses (Powell, 1986) / extend_beyond_anterior_margin_of_centrum do_not_extend_beyond_anterior_margin_of_centrum","Ksepka & Norell (2010), Appendix 2 / matrix CHARSTATELABELS",KN10:C236,novel addition relative to Wilson (2002),,,Powell (1986),,high,2,2,2,KN10; GA11,no,2010,2011,1,frozen-v1.0,NOT_YET_AUDITED,,,NOT_PHASE2_TARGET,,,,NOT_PHASE3_C12_TARGET,,,NOT_PHASE4_DE12_TARGET,,,NOT_PHASE5_GA11_TARGET,,,NOT_PHASE6_M26_TARGET,,,FROZEN_V1,high,Canonical identity frozen in MacronariaMatrix v1.0.0 after the multi-phase lineage and duplicate audit.
MC0249,CERVICAL_PARAPOPHYSIS_DORSAL_EXCAVATION,"Cervical parapophyses, dorsal excavation (Upchurch et al. 2004) / absent present","Ksepka & Norell (2010), Appendix 2 / matrix CHARSTATELABELS",KN10:C237,novel addition relative to Wilson (2002),,,Upchurch et al. (2004),,high,1,1,1,KN10,no,2010,2010,0,frozen-v1.0,NOT_YET_AUDITED,,,NOT_PHASE2_TARGET,,,,NOT_PHASE3_C12_TARGET,,,NOT_PHASE4_DE12_TARGET,,,NOT_PHASE5_GA11_TARGET,,,NOT_PHASE6_M26_TARGET,,,FROZEN_V1,high,Canonical identity frozen in MacronariaMatrix v1.0.0 after the multi-phase lineage and duplicate audit.
MC0250,MID_POST_CERVICAL_VENTRAL_KEEL,"Middle and posterior cervical vertebrae, ventral keel (Upchurch et al. 2004) / absent present","Ksepka & Norell (2010), Appendix 2 / matrix CHARSTATELABELS",KN10:C238,novel addition relative to Wilson (2002),,,Upchurch et al. (2004),,high,1,1,1,KN10,no,2010,2010,0,frozen-v1.0,NOT_YET_AUDITED,,,NOT_PHASE2_TARGET,,,,NOT_PHASE3_C12_TARGET,,,NOT_PHASE4_DE12_TARGET,,,NOT_PHASE5_GA11_TARGET,,,NOT_PHASE6_M26_TARGET,,,FROZEN_V1,high,Canonical identity frozen in MacronariaMatrix v1.0.0 after the multi-phase lineage and duplicate audit.
MC0251,FIRST_CAUDAL_TRANSVERSE_PROCESS_SHAPE,"First caudal, transverse process (Chure et al. 2010) / 'blade-shaped' with_prominent_ventral_buldge","Ksepka & Norell (2010), Appendix 2 / matrix CHARSTATELABELS",KN10:C239,novel addition relative to Wilson (2002),,,Chure et al. (2010),MC0127; MC0128,high,4,4,4,KN10; DE12; M19; M26,no,2010,2026,16,frozen-v1.0,NOT_YET_AUDITED,,,NOT_PHASE2_TARGET,,,,NOT_PHASE3_C12_TARGET,,,NOT_PHASE4_DE12_TARGET,,,NOT_PHASE5_GA11_TARGET,,,NOT_PHASE6_M26_TARGET,,,FROZEN_V1,high,Canonical identity frozen in MacronariaMatrix v1.0.0 after the multi-phase lineage and duplicate audit.
MC0252,ANT_CAUDAL_PREZYGODIAPOPHYSEAL_LAMINA,"Anterior caudals, prezygodiapophyseal lamina (Chure et al. 2010) / absent present","Ksepka & Norell (2010), Appendix 2 / matrix CHARSTATELABELS",KN10:C240,split-derived,MC0129,split_from,Chure et al. (2010),MC0129,high,1,1,1,KN10,no,2010,2010,0,frozen-v1.0,NOT_YET_AUDITED,,,NOT_PHASE2_TARGET,,,,NOT_PHASE3_C12_TARGET,,,NOT_PHASE4_DE12_TARGET,,,NOT_PHASE5_GA11_TARGET,,,NOT_PHASE6_M26_TARGET,,,FROZEN_V1,high,Canonical identity frozen in MacronariaMatrix v1.0.0 after the multi-phase lineage and duplicate audit.
MC0253,ILIUM_DORSAL_MARGIN_HIGHEST_POINT,"Ilium, highest point on dorsal margin (Upchurch et al. 2004) / occurs_posterior_to_base_of_pubic_process occurs_anterior_to_base_of_pubic_process","Ksepka & Norell (2010), Appendix 2 / matrix CHARSTATELABELS",KN10:C241,novel addition relative to Wilson (2002),,,Upchurch et al. (2004),MC0186,high,4,4,4,KN10; C12; M19; M26,no,2010,2026,16,frozen-v1.0,NOT_YET_AUDITED,,,NOT_PHASE2_TARGET,,,,NOT_PHASE3_C12_TARGET,,,NOT_PHASE4_DE12_TARGET,,,NOT_PHASE5_GA11_TARGET,,,NOT_PHASE6_M26_TARGET,,,FROZEN_V1,high,Canonical identity frozen in MacronariaMatrix v1.0.0 after the multi-phase lineage and duplicate audit.
MC0254,ISCHIUM_DISTAL_SHAFT_WIDTH_LENGTH,"Ishium, distal shaft width vs length (Upchurch et al. 2004) / 'narrow, less than 15% of shaft length' 'wide, more than 15% of shaft length'","Ksepka & Norell (2010), Appendix 2 / matrix CHARSTATELABELS",KN10:C242,novel addition relative to Wilson (2002),,,Upchurch et al. (2004),MC0194,high,2,2,2,KN10; C12,no,2010,2012,2,frozen-v1.0,NOT_YET_AUDITED,,,NOT_PHASE2_TARGET,,,,NOT_PHASE3_C12_TARGET,,,NOT_PHASE4_DE12_TARGET,,,NOT_PHASE5_GA11_TARGET,,,NOT_PHASE6_M26_TARGET,,,FROZEN_V1,high,Canonical identity frozen in MacronariaMatrix v1.0.0 after the multi-phase lineage and duplicate audit.
MC0255,ASTRAGALUS_TIBIAL_CAPPING_EXTENT,"Astragalus (after Upchurch and Wilson, 2009) / caps_most_or_all_of_the_distal_end_of_the_tibia reduced_so_that_medial_edge_of_tibia_is_uncapped","Ksepka & Norell (2010), Appendix 2 / matrix CHARSTATELABELS",KN10:C243,novel addition relative to Wilson (2002),,,Upchurch & Wilson (2009),MC0210; MC0212; MC0214,high,3,3,3,KN10; M19; M26,no,2010,2026,16,frozen-v1.0,NOT_YET_AUDITED,,,NOT_PHASE2_TARGET,,,,NOT_PHASE3_C12_TARGET,,,NOT_PHASE4_DE12_TARGET,,,NOT_PHASE5_GA11_TARGET,,,NOT_PHASE6_M26_TARGET,,,FROZEN_V1,high,Canonical identity frozen in MacronariaMatrix v1.0.0 after the multi-phase lineage and duplicate audit.
MC0256,SHORT_DEEP_SNOUT,Short deep snout: present (0); absent (1) (modified from Upchurch 1998 by Curry Rogers 2005).,Gallina & Apesteguía (2011) character list,GA11:C1,provisional distinct concept,,,,MC0010,moderate,1,1,1,GA11,no,2011,2011,0,frozen-v1.0,NOT_YET_AUDITED,,,NOT_PHASE2_TARGET,,,,NOT_PHASE3_C12_TARGET,,,NOT_PHASE4_DE12_TARGET,,,HOLD_SOURCE_REVIEW,moderate,"GA11 'short deep snout' is probably related to MC0465 (short versus elongate premaxillary muzzle), but GA11 includes a depth component and lacks the explicit skull-length metric. Keep separate until the Upchurch/Curry Rogers transformation is checked.",NOT_PHASE6_M26_TARGET,,,FROZEN_CONSERVATIVE,moderate,GA11's 'short deep snout' is a composite gross-morphology character and is not collapsed into the later quantitative premaxillary muzzle-length character.
MC0257,FRONTAL_DORSAL_TEXTURE,"Frontal, dorsal texture: smooth (0); rugose (1).",Gallina & Apesteguía (2011) character list,GA11:C3,provisional distinct concept,,,,,high,1,1,1,GA11,no,2011,2011,0,frozen-v1.0,NOT_YET_AUDITED,,,NOT_PHASE2_TARGET,,,,NOT_PHASE3_C12_TARGET,,,NOT_PHASE4_DE12_TARGET,,,FROZEN_CURRENT_ID,high,GA11 defines a distinct anatomical proposition and no sufficiently supported equivalent exists in the consolidated inventory. Retain the current canonical ID and preserve the GA11 source definition.,NOT_PHASE6_M26_TARGET,,,FROZEN_V1,high,Canonical identity frozen in MacronariaMatrix v1.0.0 after the multi-phase lineage and duplicate audit.
MC0258,PARIETAL_ELONGATE_LATERAL_PROCESS,"Parietal, elongate lateral process: absent (0); present (1) (Curry Rogers 2005).",Gallina & Apesteguía (2011) character list,GA11:C5,provisional distinct concept,,,,,high,1,1,1,GA11,no,2011,2011,0,frozen-v1.0,NOT_YET_AUDITED,,,NOT_PHASE2_TARGET,,,,NOT_PHASE3_C12_TARGET,,,NOT_PHASE4_DE12_TARGET,,,FROZEN_CURRENT_ID,high,GA11 defines a distinct anatomical proposition and no sufficiently supported equivalent exists in the consolidated inventory. Retain the current canonical ID and preserve the GA11 source definition.,NOT_PHASE6_M26_TARGET,,,FROZEN_V1,high,Canonical identity frozen in MacronariaMatrix v1.0.0 after the multi-phase lineage and duplicate audit.
MC0259,PARIETAL_CRANIAL_INCLINATION_CREST,"Parietal, cranial inclination with wide caudodorsal exposure of crest: absent (0); present (1) (Salgado and Calvo 1997).",Gallina & Apesteguía (2011) character list,GA11:C6,provisional distinct concept,,,,,high,1,1,1,GA11,no,2011,2011,0,frozen-v1.0,NOT_YET_AUDITED,,,NOT_PHASE2_TARGET,,,,NOT_PHASE3_C12_TARGET,,,NOT_PHASE4_DE12_TARGET,,,FROZEN_CURRENT_ID,high,GA11 defines a distinct anatomical proposition and no sufficiently supported equivalent exists in the consolidated inventory. Retain the current canonical ID and preserve the GA11 source definition.,NOT_PHASE6_M26_TARGET,,,FROZEN_V1,high,Canonical identity frozen in MacronariaMatrix v1.0.0 after the multi-phase lineage and duplicate audit.
MC0260,PREMAXILLA_ASCENDING_PROCESS_ORIENTATION,Ascending process of premaxilia: directed dorsally (0); directed caudo dorsally (1) (Gauthier 1986).,Gallina & Apesteguía (2011) character list,GA11:C9,provisional distinct concept,,,,,high,1,1,1,GA11,no,2011,2011,0,frozen-v1.0,NOT_YET_AUDITED,,,NOT_PHASE2_TARGET,,,,NOT_PHASE3_C12_TARGET,,,NOT_PHASE4_DE12_TARGET,,,HOLD_SOURCE_REVIEW,moderate,"GA11 scores orientation of the premaxillary ascending process (dorsal versus caudodorsal), whereas MC0673 combines process shape and posterodorsal direction in a three-state character. They may share ancestry but are not safely identical.",NOT_PHASE6_M26_TARGET,,,FROZEN_CONSERVATIVE,moderate,"GA11 scores orientation of the premaxillary ascending process, whereas the later Whitlock character combines process shape and orientation in a three-state formulation."
MC0261,NARIAL_LATERAL_MARGIN_LACRIMAL,"External nares, configuration of lateral margin: lacrimal excluded, maxilla-nasal contact (0); lacrimal participates, separates maxilla and nasal (1)",Gallina & Apesteguía (2011) character list,GA11:C10,provisional distinct concept,,,,MC0008; MC0009,high,1,1,1,GA11,no,2011,2011,0,frozen-v1.0,NOT_YET_AUDITED,,,NOT_PHASE2_TARGET,,,,NOT_PHASE3_C12_TARGET,,,NOT_PHASE4_DE12_TARGET,,,FROZEN_CURRENT_ID,high,GA11 defines a distinct anatomical proposition and no sufficiently supported equivalent exists in the consolidated inventory. Retain the current canonical ID and preserve the GA11 source definition.,NOT_PHASE6_M26_TARGET,,,FROZEN_V1,high,Canonical identity frozen in MacronariaMatrix v1.0.0 after the multi-phase lineage and duplicate audit.
MC0262,SUPRAOCCIPITAL_LONGITUDINAL_GROOVE,Longitudinal groove on the supraoccipital: absent (0); present (1) (Curry Rogers 2005).,Gallina & Apesteguía (2011) character list,GA11:C14,provisional distinct concept,,,,,high,3,3,3,GA11; M19; M26,no,2011,2026,15,frozen-v1.0,FROZEN,high,"Same supraoccipital longitudinal-groove presence/absence character in GA11, M19 and M26.",NOT_PHASE2_TARGET,,,,NOT_PHASE3_C12_TARGET,,,NOT_PHASE4_DE12_TARGET,,,NOT_PHASE5_GA11_TARGET,,,NOT_PHASE6_M26_TARGET,,,FROZEN_REAFFIRMED,high,"Accepted during Phase 1. Residual review status was a metadata carryover, not unresolved biological equivalence. The canonical identity is reaffirmed for v1.0."
MC0263,MANDIBLE_U_L_SHAPE,Mandible shape: U shape (0); L shape (1).,Gallina & Apesteguía (2011) character list,GA11:C17,provisional distinct concept,,,,MC0065,high,1,1,1,GA11,no,2011,2011,0,frozen-v1.0,NOT_YET_AUDITED,,,NOT_PHASE2_TARGET,,,,NOT_PHASE3_C12_TARGET,,,NOT_PHASE4_DE12_TARGET,,,FROZEN_CURRENT_ID,high,GA11 defines a distinct anatomical proposition and no sufficiently supported equivalent exists in the consolidated inventory. Retain the current canonical ID and preserve the GA11 source definition.,NOT_PHASE6_M26_TARGET,,,FROZEN_V1,high,Canonical identity frozen in MacronariaMatrix v1.0.0 after the multi-phase lineage and duplicate audit.
MC0264,TOOTH_OVERALL_SHAPE,Tooth shape: spoon-like (0); compressed cone chisel-like (1); pen- cil chisel-like (2) (modified from Calvo 1994 by Calvo and Gon- zález Riga 2003).,Gallina & Apesteguía (2011) character list,GA11:C18,provisional distinct concept,,,,MC0070,moderate,3,3,3,GA11; M19; M26,no,2011,2026,15,frozen-v1.0,NOT_YET_AUDITED,,,NOT_PHASE2_TARGET,,,,NOT_PHASE3_C12_TARGET,,,NOT_PHASE4_DE12_TARGET,,,FROZEN_WITH_LATER_REDIRECT,moderate,"Both descend from the Calvo tooth-crown shape lineage. GA11 separates spoon-like, compressed chisel-like and pencil chisel-like states; M19/M26 collapse the non-spatulate conditions.",NOT_PHASE6_M26_TARGET,,,FROZEN_V1,moderate,Canonical identity frozen in MacronariaMatrix v1.0.0 after the multi-phase lineage and duplicate audit.
MC0265,TOOTH_WEAR_FACET_INCLINATION,Wear facets of teeth sharply inclined: absent (0); present (1) (Sal- gado and Calvo 1997).,Gallina & Apesteguía (2011) character list,GA11:C20,provisional distinct concept,,,,MC0068,high,1,1,1,GA11,no,2011,2011,0,frozen-v1.0,NOT_YET_AUDITED,,,NOT_PHASE2_TARGET,,,,NOT_PHASE3_C12_TARGET,,,NOT_PHASE4_DE12_TARGET,,,FROZEN_CURRENT_ID,high,GA11 defines a distinct anatomical proposition and no sufficiently supported equivalent exists in the consolidated inventory. Retain the current canonical ID and preserve the GA11 source definition.,NOT_PHASE6_M26_TARGET,,,FROZEN_V1,high,Canonical identity frozen in MacronariaMatrix v1.0.0 after the multi-phase lineage and duplicate audit.
MC0266,CERVICAL_PLEUROCOEL_PRESENCE,Pleurocoels in anterior and middle cervical vertebrae: present (0); absent (1) (modified from Calvo and Salgado1995).,Gallina & Apesteguía (2011) character list,GA11:C22,split-derived,MC0078,split_from,,MC0078,high,1,1,1,GA11,no,2011,2011,0,frozen-v1.0,NOT_YET_AUDITED,,,NOT_PHASE2_TARGET,,,,NOT_PHASE3_C12_TARGET,,,NOT_PHASE4_DE12_TARGET,,,FROZEN_SPLIT_DESCENDANT,high,GA11 isolates pleurocoel presence in anterior/middle cervicals from Wilson's broader presacral pneumatopore character.,NOT_PHASE6_M26_TARGET,,,FROZEN_V1,high,Canonical identity frozen in MacronariaMatrix v1.0.0 after the multi-phase lineage and duplicate audit.
MC0267,POST_CERVICAL_NEURAL_SPINE_LATERAL_EXPANSION,Posterior cervical neural spines lateraly expanded and wider than the centra: absent (0); present (1) (González Riga 2005).,Gallina & Apesteguía (2011) character list,GA11:C25,provisional distinct concept,,,,,high,3,3,3,GA11; M19; M26,no,2011,2026,15,frozen-v1.0,NOT_YET_AUDITED,,,NOT_PHASE2_TARGET,,,,NOT_PHASE3_C12_TARGET,,,NOT_PHASE4_DE12_TARGET,,,FROZEN_WITH_LATER_REDIRECT,high,Same posterior-cervical neural-spine lateral expansion described by González Riga (2005); M19/M26 explicitly cite Gallina (2011) among the lineage sources.,NOT_PHASE6_M26_TARGET,,,FROZEN_V1,high,Canonical identity frozen in MacronariaMatrix v1.0.0 after the multi-phase lineage and duplicate audit.
MC0268,CERVICAL_NEURAL_SPINE_HEIGHT,Neural spines in cervical vertebrae: tall (0); small (1) (modified from Calvo and Salgado 1995).,Gallina & Apesteguía (2011) character list,GA11:C26,provisional distinct concept,,,,MC0087,moderate,2,2,2,GA11; C12,no,2011,2012,1,frozen-v1.0,FROZEN,high,Same cervical neural-spine height variable; GA11 and C12 use opposite state polarity/wording.,NOT_PHASE2_TARGET,,,,NOT_PHASE3_C12_TARGET,,,NOT_PHASE4_DE12_TARGET,,,NOT_PHASE5_GA11_TARGET,,,NOT_PHASE6_M26_TARGET,,,FROZEN_REAFFIRMED,high,"Accepted during Phase 1. Residual review status was a metadata carryover, not unresolved biological equivalence. The canonical identity is reaffirmed for v1.0."
MC0269,POST_CERVICAL_TOTAL_HEIGHT_CENTRUM_RATIO,"Posterior cervical vertebrae, proportions: ratio total height/ centrum length: less (0); or more (1) than 1.5 (modified from Calvo and Salgado 1995 by González Riga 2005).",Gallina & Apesteguía (2011) character list,GA11:C28,provisional distinct concept,,,,MC0086; MC0087,high,1,1,1,GA11,no,2011,2011,0,frozen-v1.0,NOT_YET_AUDITED,,,NOT_PHASE2_TARGET,,,,NOT_PHASE3_C12_TARGET,,,NOT_PHASE4_DE12_TARGET,,,FROZEN_CURRENT_ID,high,GA11 defines a distinct anatomical proposition and no sufficiently supported equivalent exists in the consolidated inventory. Retain the current canonical ID and preserve the GA11 source definition.,NOT_PHASE6_M26_TARGET,,,FROZEN_V1,high,Canonical identity frozen in MacronariaMatrix v1.0.0 after the multi-phase lineage and duplicate audit.
MC0270,POST_CERVICAL_SUPRADIAPOPHYSEAL_FOSSA,Supradiapophyseal fossa in posterior cervical vertebrae: absent (0); shallow or reduced (1); deep and extended (2) (González Riga 2005).,Gallina & Apesteguía (2011) character list,GA11:C29,provisional distinct concept,,,,,high,3,3,3,GA11; M19; M26,no,2011,2026,15,frozen-v1.0,NOT_YET_AUDITED,,,NOT_PHASE2_TARGET,,,,NOT_PHASE3_C12_TARGET,,,NOT_PHASE4_DE12_TARGET,,,FROZEN_WITH_LATER_REDIRECT,high,"Same posterior-cervical spinodiapophyseal/supradiapophyseal fossa depth variable; GA11 has absent, shallow and deep states whereas M19/M26 collapse absent+shallow.",NOT_PHASE6_M26_TARGET,,,FROZEN_V1,high,Canonical identity frozen in MacronariaMatrix v1.0.0 after the multi-phase lineage and duplicate audit.
MC0271,ANT_DORSAL_NEURAL_SPINE_BIFIDITY,"Anterior dorsal neural spines, shape: bifid (0); single (1) (McIntosh 1990).",Gallina & Apesteguía (2011) character list,GA11:C32,split-derived,MC0089,split_from,,MC0089,high,1,1,1,GA11,no,2011,2011,0,frozen-v1.0,NOT_YET_AUDITED,,,NOT_PHASE2_TARGET,,,,NOT_PHASE3_C12_TARGET,,,NOT_PHASE4_DE12_TARGET,,,FROZEN_SPLIT_DESCENDANT,high,GA11 isolates anterior-dorsal neural-spine bifidity from Wilson's combined posterior-cervical/anterior-dorsal bifidity character.,NOT_PHASE6_M26_TARGET,,,FROZEN_V1,high,Canonical identity frozen in MacronariaMatrix v1.0.0 after the multi-phase lineage and duplicate audit.
MC0272,ANT_DORSAL_INFRAPOSTZYGAPOPHYSEAL_FOSSA,"Anterior dorsal vertebrae, infrapostzygapophyseal fossa: absent (0); present not divided (1); present divided in two subtriangular fossa (2).",Gallina & Apesteguía (2011) character list,GA11:C33,provisional distinct concept,,,,,high,1,1,1,GA11,no,2011,2011,0,frozen-v1.0,NOT_YET_AUDITED,,,NOT_PHASE2_TARGET,,,,NOT_PHASE3_C12_TARGET,,,NOT_PHASE4_DE12_TARGET,,,FROZEN_CURRENT_ID,high,GA11 defines a distinct anatomical proposition and no sufficiently supported equivalent exists in the consolidated inventory. Retain the current canonical ID and preserve the GA11 source definition.,NOT_PHASE6_M26_TARGET,,,FROZEN_V1,high,Canonical identity frozen in MacronariaMatrix v1.0.0 after the multi-phase lineage and duplicate audit.
MC0273,ANT_DORSAL_NEURAL_SPINE_INCLINATION,Anterior dorsal neural spines inclined posteriorly more than 20 de- gree from vertical: absent (0); present (1) (modified from Wilson and Sereno 1998).,Gallina & Apesteguía (2011) character list,GA11:C34,provisional distinct concept,,,,MC0104,high,4,4,4,GA11; C12; M19; M26,no,2011,2026,15,frozen-v1.0,NOT_YET_AUDITED,,,NOT_PHASE2_TARGET,,,,NOT_PHASE3_C12_TARGET,,,NOT_PHASE4_DE12_TARGET,,,FROZEN_WITH_LATER_REDIRECT,high,Same anterior-dorsal neural-spine inclination variable. GA11 uses a >20° posterior-inclination threshold; M19/M26 contrast anterior/vertical with posterodorsally inclined.,NOT_PHASE6_M26_TARGET,,,FROZEN_WITH_FINAL_REDIRECT,high,Retained canonical ID receives final residual occurrence(s) via redirect: MC0351
MC0274,POST_DORSAL_NEURAL_SPINE_DORSAL_DEVELOPMENT,"Posterior dorsal neural spines, dorsal development: more (0); or less (1) than 20 percent of the total height of the vertebra (modified from Sanz et al. 1999 from González Riga 2003).",Gallina & Apesteguía (2011) character list,GA11:C35,provisional distinct concept,,,,MC0107,moderate,1,1,1,GA11,no,2011,2011,0,frozen-v1.0,NOT_YET_AUDITED,,,NOT_PHASE2_TARGET,,,,NOT_PHASE3_C12_TARGET,,,NOT_PHASE4_DE12_TARGET,,,HOLD_SOURCE_REVIEW,moderate,"GA11 expresses posterior-dorsal neural-spine dorsal development as a percentage of total vertebral height. MC0472 and MC0855 use different spine-to-centrum metrics. The biological signal is related, but the operational variables are not demonstrably identical.",NOT_PHASE6_M26_TARGET,,,FROZEN_CONSERVATIVE,moderate,GA11 measures posterior-dorsal neural-spine dorsal development as a percentage of total vertebral height; later spine-height characters use different denominators and/or serial scope.
MC0275,DORSAL_PRESPINAL_LAMINA_EXTENT,Prespinal lamina in dorsal vertebrae: absent (0); present in the distal end of neural spine (1); present all along the neural spine (2) (Salgado et al. 1997).,Gallina & Apesteguía (2011) character list,GA11:C36,provisional distinct concept,,,,MC0123,moderate,4,4,4,GA11; DE12; M19; M26,no,2011,2026,15,frozen-v1.0,HOLD_REVIEW,moderate,"All occurrences concern prespinal laminae, but serial region and whether presence versus longitudinal extent is being measured differ enough to retain review status.",NOT_PHASE2_TARGET,,,,NOT_PHASE3_C12_TARGET,,,NOT_PHASE4_DE12_TARGET,,,NOT_PHASE5_GA11_TARGET,,,NOT_PHASE6_M26_TARGET,,,FROZEN_SCOPE_VARIANT,moderate,"Prespinal-lamina development is retained as one canonical variable across GA11, DE12 and M19/M26. The occurrences differ in serial scope and whether extent or presence is emphasized, but all explicitly remain in the Salgado prespinal-lamina lineage."
MC0276,POST_DORSAL_CENTROPARAPOPHYSEAL_LAMINA,Centroparapophyseal lamina in posterior dorsal vertebrae: absent (0); present (1) (Bonaparte and Coria 1993).,Gallina & Apesteguía (2011) character list,GA11:C37,provisional distinct concept,,,,MC0096; MC0098,moderate,1,1,1,GA11,no,2011,2011,0,frozen-v1.0,NOT_YET_AUDITED,,,NOT_PHASE2_TARGET,,,,NOT_PHASE3_C12_TARGET,,,NOT_PHASE4_DE12_TARGET,,,HOLD_SOURCE_REVIEW,moderate,"GA11 uses the generic term 'centroparapophyseal lamina' in posterior dorsals, while the Wilson lineage separates anterior and posterior centroparapophyseal laminae (MC0096 and MC0098). Direct anatomical/source verification is required before deciding whether this is one lamina or a compound/generalized formulation.",NOT_PHASE6_M26_TARGET,,,FROZEN_CONSERVATIVE,moderate,"GA11's generic posterior-dorsal centroparapophyseal-lamina character is retained separately because the supplied sources do not establish whether it corresponds specifically to ACPL, PCPL, or a generalized/compound lamina."
MC0277,POST_DORSAL_CENTRODIAPOPHYSEAL_LAMINA_FORM,Ventrally widened or slightly forked centrodiapophyseal laminae in posterior dorsal vertebrae: absent (0); present (1) (Salgado et al. 1997).,Gallina & Apesteguía (2011) character list,GA11:C38,provisional distinct concept,,,,MC0099,moderate,2,2,2,GA11; DE12,no,2011,2012,1,frozen-v1.0,FROZEN,high,Same ventrally widened/forked posterior dorsal centrodiapophyseal lamina character.,NOT_PHASE2_TARGET,,,,NOT_PHASE3_C12_TARGET,,,NOT_PHASE4_DE12_TARGET,,,NOT_PHASE5_GA11_TARGET,,,NOT_PHASE6_M26_TARGET,,,FROZEN_REAFFIRMED,high,"Accepted during Phase 1. Residual review status was a metadata carryover, not unresolved biological equivalence. The canonical identity is reaffirmed for v1.0."
MC0278,DORSAL_PLEUROCOEL_SHAPE,Pleurocoels in dorsal vertebrae shape: circular or elliptical (0); pos- teriorly acuminate (1) (Salgado et al. 1997).,Gallina & Apesteguía (2011) character list,GA11:C40,provisional distinct concept,,,,,high,1,1,1,GA11,no,2011,2011,0,frozen-v1.0,NOT_YET_AUDITED,,,NOT_PHASE2_TARGET,,,,NOT_PHASE3_C12_TARGET,,,NOT_PHASE4_DE12_TARGET,,,FROZEN_CURRENT_ID,high,GA11 defines a distinct anatomical proposition and no sufficiently supported equivalent exists in the consolidated inventory. Retain the current canonical ID and preserve the GA11 source definition.,NOT_PHASE6_M26_TARGET,,,FROZEN_V1,high,Canonical identity frozen in MacronariaMatrix v1.0.0 after the multi-phase lineage and duplicate audit.
MC0279,CAUDAL_INTERZYGAPOPHYSEAL_CAVITY,Wide and deep interzygapophyseal cavity in caudal vertebrae: ab- sent (0); present (1) (Calvo et al. 2007a),Gallina & Apesteguía (2011) character list,GA11:C44,provisional distinct concept,,,,,high,1,1,1,GA11,no,2011,2011,0,frozen-v1.0,NOT_YET_AUDITED,,,NOT_PHASE2_TARGET,,,,NOT_PHASE3_C12_TARGET,,,NOT_PHASE4_DE12_TARGET,,,FROZEN_CURRENT_ID,high,GA11 defines a distinct anatomical proposition and no sufficiently supported equivalent exists in the consolidated inventory. Retain the current canonical ID and preserve the GA11 source definition.,NOT_PHASE6_M26_TARGET,,,FROZEN_V1,high,Canonical identity frozen in MacronariaMatrix v1.0.0 after the multi-phase lineage and duplicate audit.
MC0280,ANT_MID_CAUDAL_CENTRUM_DEPRESSION,"Anterior and middle caudal centra, proportions: as high as wide (0); depressed, wider than high (1) (Salgado et al. 1997).",Gallina & Apesteguía (2011) character list,GA11:C46,provisional distinct concept,,,,MC0131,high,1,1,1,GA11,no,2011,2011,0,frozen-v1.0,NOT_YET_AUDITED,,,NOT_PHASE2_TARGET,,,,NOT_PHASE3_C12_TARGET,,,NOT_PHASE4_DE12_TARGET,,,FROZEN_CURRENT_ID,high,GA11 defines a distinct anatomical proposition and no sufficiently supported equivalent exists in the consolidated inventory. Retain the current canonical ID and preserve the GA11 source definition.,NOT_PHASE6_M26_TARGET,,,FROZEN_V1,high,Canonical identity frozen in MacronariaMatrix v1.0.0 after the multi-phase lineage and duplicate audit.
MC0281,MID_CAUDAL_ANTERIOR_FACE_INCLINATION,Mid caudal centra with the anterior face strongly inclined anteri- orly: absent (0); present (1) (Franco-Rosas et al. 2004).,Gallina & Apesteguía (2011) character list,GA11:C47,provisional distinct concept,,,,,high,1,1,1,GA11,no,2011,2011,0,frozen-v1.0,NOT_YET_AUDITED,,,NOT_PHASE2_TARGET,,,,NOT_PHASE3_C12_TARGET,,,NOT_PHASE4_DE12_TARGET,,,FROZEN_CURRENT_ID,high,GA11 defines a distinct anatomical proposition and no sufficiently supported equivalent exists in the consolidated inventory. Retain the current canonical ID and preserve the GA11 source definition.,NOT_PHASE6_M26_TARGET,,,FROZEN_V1,high,Canonical identity frozen in MacronariaMatrix v1.0.0 after the multi-phase lineage and duplicate audit.
MC0282,ANT_CAUDAL_NEURAL_ARCH_POSITION,Neural arch in anterior caudal vertebrae: placed in the middle of the centrum (0); anteriorly (1); on the anterior border (2) (Salgado et al. 1997).,Gallina & Apesteguía (2011) character list,GA11:C50,provisional distinct concept,,,,MC0240,high,1,1,1,GA11,no,2011,2011,0,frozen-v1.0,NOT_YET_AUDITED,,,NOT_PHASE2_TARGET,,,,NOT_PHASE3_C12_TARGET,,,NOT_PHASE4_DE12_TARGET,,,FROZEN_AS_PARENT_OF_LATER_MERGE,high,"GA11 C50 is the anterior-caudal regional parent of later merged concept MC0437, which combines anterior and middle caudal neural-arch position.",NOT_PHASE6_M26_TARGET,,,FROZEN_V1,high,Canonical identity frozen in MacronariaMatrix v1.0.0 after the multi-phase lineage and duplicate audit.
MC0283,MID_CAUDAL_NEURAL_SPINE_POSTZYG_RELATION,Anterodorsal border of neural spine in middle caudal vertebrae lo- cated posteriorly with respect to anterior border of the postzygapo- physes: absent (0); present (1) (Salgado et al. 1997).,Gallina & Apesteguía (2011) character list,GA11:C51,provisional distinct concept,,,,,high,1,1,1,GA11,no,2011,2011,0,frozen-v1.0,NOT_YET_AUDITED,,,NOT_PHASE2_TARGET,,,,NOT_PHASE3_C12_TARGET,,,NOT_PHASE4_DE12_TARGET,,,FROZEN_CURRENT_ID,high,GA11 defines a distinct anatomical proposition and no sufficiently supported equivalent exists in the consolidated inventory. Retain the current canonical ID and preserve the GA11 source definition.,NOT_PHASE6_M26_TARGET,,,FROZEN_V1,high,Canonical identity frozen in MacronariaMatrix v1.0.0 after the multi-phase lineage and duplicate audit.
MC0284,ANT_CAUDAL_NEURAL_SPINE_ANTERIOR_INCLINATION,Anteriorly directed anterior caudal neural spine: absent (0); present (1) (Calvo et al. 2007a),Gallina & Apesteguía (2011) character list,GA11:C52,provisional distinct concept,,,,,high,1,1,1,GA11,no,2011,2011,0,frozen-v1.0,NOT_YET_AUDITED,,,NOT_PHASE2_TARGET,,,,NOT_PHASE3_C12_TARGET,,,NOT_PHASE4_DE12_TARGET,,,FROZEN_CURRENT_ID,high,GA11 defines a distinct anatomical proposition and no sufficiently supported equivalent exists in the consolidated inventory. Retain the current canonical ID and preserve the GA11 source definition.,NOT_PHASE6_M26_TARGET,,,FROZEN_V1,high,Canonical identity frozen in MacronariaMatrix v1.0.0 after the multi-phase lineage and duplicate audit.
MC0285,MID_CAUDAL_NEURAL_SPINE_AP_ELONGATION,"Neural spine in middle caudal vertebrae, shape: short anteropos- teriorly (0); laminated and anteroposteriorly elongated (1) (modified from González Riga 2003 by Bonaparte et al. 2006).",Gallina & Apesteguía (2011) character list,GA11:C54,provisional distinct concept,,,,MC0133,high,1,1,1,GA11,no,2011,2011,0,frozen-v1.0,NOT_YET_AUDITED,,,NOT_PHASE2_TARGET,,,,NOT_PHASE3_C12_TARGET,,,NOT_PHASE4_DE12_TARGET,,,FROZEN_CURRENT_ID,high,GA11 defines a distinct anatomical proposition and no sufficiently supported equivalent exists in the consolidated inventory. Retain the current canonical ID and preserve the GA11 source definition.,NOT_PHASE6_M26_TARGET,,,FROZEN_V1,high,Canonical identity frozen in MacronariaMatrix v1.0.0 after the multi-phase lineage and duplicate audit.
MC0286,MID_CAUDAL_PREZYGAPOPHYSIS_LENGTH,Length proportions of prezygapophyses with respect to the centrum length in middle caudal vertebrae: shorter than 50% (0); between 40 to 50% (1); longer than 50% (2) (modified from González Riga 2003).,Gallina & Apesteguía (2011) character list,GA11:C55,provisional distinct concept,,,,,moderate,3,3,3,GA11; M19; M26,no,2011,2026,15,frozen-v1.0,NOT_YET_AUDITED,,,NOT_PHASE2_TARGET,,,,NOT_PHASE3_C12_TARGET,,,NOT_PHASE4_DE12_TARGET,,,FROZEN_WITH_LATER_REDIRECT,moderate,Same relative length of middle-caudal prezygapophyses from the González Riga (2003) lineage; later matrices use a lower 20% threshold and extend the scope into posterior caudals.,NOT_PHASE6_M26_TARGET,,,FROZEN_V1,moderate,Canonical identity frozen in MacronariaMatrix v1.0.0 after the multi-phase lineage and duplicate audit.
MC0287,CAUDAL_VENTRAL_DEPRESSION_SEPTUM,Ventral depression divided by a longitudinal septum in anterior and middle caudal vertebrae: absent (0); present (1) (Salgado and Azpi- licueta 2000).,Gallina & Apesteguía (2011) character list,GA11:C56,provisional distinct concept,,,,MC0132,high,1,1,1,GA11,no,2011,2011,0,frozen-v1.0,NOT_YET_AUDITED,,,NOT_PHASE2_TARGET,,,,NOT_PHASE3_C12_TARGET,,,NOT_PHASE4_DE12_TARGET,,,FROZEN_CURRENT_ID,high,GA11 defines a distinct anatomical proposition and no sufficiently supported equivalent exists in the consolidated inventory. Retain the current canonical ID and preserve the GA11 source definition.,NOT_PHASE6_M26_TARGET,,,FROZEN_V1,high,Canonical identity frozen in MacronariaMatrix v1.0.0 after the multi-phase lineage and duplicate audit.
MC0288,MID_CAUDAL_POSTZYGAPOPHYSEAL_PROCESS,Postzygapophyseal process in middle caudal vertebra: absent (0); present (1) (Calvo et al. 2007a),Gallina & Apesteguía (2011) character list,GA11:C57,provisional distinct concept,,,,,high,1,1,1,GA11,no,2011,2011,0,frozen-v1.0,NOT_YET_AUDITED,,,NOT_PHASE2_TARGET,,,,NOT_PHASE3_C12_TARGET,,,NOT_PHASE4_DE12_TARGET,,,FROZEN_CURRENT_ID,high,GA11 defines a distinct anatomical proposition and no sufficiently supported equivalent exists in the consolidated inventory. Retain the current canonical ID and preserve the GA11 source definition.,NOT_PHASE6_M26_TARGET,,,FROZEN_V1,high,Canonical identity frozen in MacronariaMatrix v1.0.0 after the multi-phase lineage and duplicate audit.
MC0289,MID_CAUDAL_INTERZYGAPOPHYSEAL_LAMINA,Well developed interprezygapophyseal lamina in middle caudal vertebrae: absent (0); present (1) (Calvo et al. 2007a),Gallina & Apesteguía (2011) character list,GA11:C58,provisional distinct concept,,,,,high,1,1,1,GA11,no,2011,2011,0,frozen-v1.0,NOT_YET_AUDITED,,,NOT_PHASE2_TARGET,,,,NOT_PHASE3_C12_TARGET,,,NOT_PHASE4_DE12_TARGET,,,FROZEN_CURRENT_ID,high,GA11 defines a distinct anatomical proposition and no sufficiently supported equivalent exists in the consolidated inventory. Retain the current canonical ID and preserve the GA11 source definition.,NOT_PHASE6_M26_TARGET,,,FROZEN_V1,high,Canonical identity frozen in MacronariaMatrix v1.0.0 after the multi-phase lineage and duplicate audit.
MC0290,HUMERUS_PROXIMAL_BREADTH_RATIO,"Humerus, breadth of proximal end with respect to the total length: less (0); or more (1) than the 50% (González Riga 2003).",Gallina & Apesteguía (2011) character list,GA11:C60,provisional distinct concept,,,,,high,3,3,3,GA11; M19; M26,no,2011,2026,15,frozen-v1.0,NOT_YET_AUDITED,,,NOT_PHASE2_TARGET,,,,NOT_PHASE3_C12_TARGET,,,NOT_PHASE4_DE12_TARGET,,,FROZEN_WITH_LATER_REDIRECT,high,Same maximum proximal humeral breadth divided by humeral length; GA11 uses 0.50 and M19/M26 use 0.40.,NOT_PHASE6_M26_TARGET,,,FROZEN_V1,high,Canonical identity frozen in MacronariaMatrix v1.0.0 after the multi-phase lineage and duplicate audit.
MC0291,HUMERUS_PROXIMAL_BORDER_SHAPE,"Humerus, type of proximal border: strongly curved (0); straight or slightly curved (1); sigmoidal (2) (modified from Upchurch 1998 by González Riga 2002).",Gallina & Apesteguía (2011) character list,GA11:C61,provisional distinct concept,,,,,high,1,1,1,GA11,no,2011,2011,0,frozen-v1.0,NOT_YET_AUDITED,,,NOT_PHASE2_TARGET,,,,NOT_PHASE3_C12_TARGET,,,NOT_PHASE4_DE12_TARGET,,,FROZEN_CURRENT_ID,high,GA11 defines a distinct anatomical proposition and no sufficiently supported equivalent exists in the consolidated inventory. Retain the current canonical ID and preserve the GA11 source definition.,NOT_PHASE6_M26_TARGET,,,FROZEN_V1,high,Canonical identity frozen in MacronariaMatrix v1.0.0 after the multi-phase lineage and duplicate audit.
MC0292,STERNAL_PLATE_POSTERIOR_BORDER,Semilunar sternal plate with straight posterior border: absent (0); present (1) (González Riga 2003).,Gallina & Apesteguía (2011) character list,GA11:C64,provisional distinct concept,,,,MC0158,high,3,3,3,GA11; M19; M26,no,2011,2026,15,frozen-v1.0,NOT_YET_AUDITED,,,NOT_PHASE2_TARGET,,,,NOT_PHASE3_C12_TARGET,,,NOT_PHASE4_DE12_TARGET,,,FROZEN_WITH_LATER_REDIRECT,high,Same González Riga sternal-plate posterior-margin character: straight versus non-straight/convex.,NOT_PHASE6_M26_TARGET,,,FROZEN_V1,high,Canonical identity frozen in MacronariaMatrix v1.0.0 after the multi-phase lineage and duplicate audit.
MC0293,CORACOID_OVERALL_SHAPE,"Coracoid, shape: suboval (0); quadrangular (1) (Salgado et al. 1997).",Gallina & Apesteguía (2011) character list,GA11:C65,provisional distinct concept,,,,MC0156,high,1,1,1,GA11,no,2011,2011,0,frozen-v1.0,NOT_YET_AUDITED,,,NOT_PHASE2_TARGET,,,,NOT_PHASE3_C12_TARGET,,,NOT_PHASE4_DE12_TARGET,,,FROZEN_CURRENT_ID,high,GA11 defines a distinct anatomical proposition and no sufficiently supported equivalent exists in the consolidated inventory. Retain the current canonical ID and preserve the GA11 source definition.,NOT_PHASE6_M26_TARGET,,,FROZEN_V1,high,Canonical identity frozen in MacronariaMatrix v1.0.0 after the multi-phase lineage and duplicate audit.
MC0294,METACARPAL_DISTAL_PHALANGEAL_FACETS,"Metacarpals, distal phalangeal articular facets: present (0); absent (1) (Salgado et al. 1997).",Gallina & Apesteguía (2011) character list,GA11:C66,provisional distinct concept,,,,,high,1,1,1,GA11,no,2011,2011,0,frozen-v1.0,NOT_YET_AUDITED,,,NOT_PHASE2_TARGET,,,,NOT_PHASE3_C12_TARGET,,,NOT_PHASE4_DE12_TARGET,,,FROZEN_CURRENT_ID,high,GA11 defines a distinct anatomical proposition and no sufficiently supported equivalent exists in the consolidated inventory. Retain the current canonical ID and preserve the GA11 source definition.,NOT_PHASE6_M26_TARGET,,,FROZEN_V1,high,Canonical identity frozen in MacronariaMatrix v1.0.0 after the multi-phase lineage and duplicate audit.
MC0295,ISCHIUM_POSTERIOR_PROCESS_LENGTH,"Ischium, posterior process twice or more the length of pubis articu- lation: present (0); absent (1) (modified from Salgado et al. 1997 by Calvo and González Riga 2003).",Gallina & Apesteguía (2011) character list,GA11:C68,provisional distinct concept,,,,MC0192; MC0242,high,1,1,1,GA11,no,2011,2011,0,frozen-v1.0,NOT_YET_AUDITED,,,NOT_PHASE2_TARGET,,,,NOT_PHASE3_C12_TARGET,,,NOT_PHASE4_DE12_TARGET,,,FROZEN_CURRENT_ID,high,GA11 defines a distinct anatomical proposition and no sufficiently supported equivalent exists in the consolidated inventory. Retain the current canonical ID and preserve the GA11 source definition.,NOT_PHASE6_M26_TARGET,,,FROZEN_V1,high,Canonical identity frozen in MacronariaMatrix v1.0.0 after the multi-phase lineage and duplicate audit.
MC0296,ISCHIUM_ILIAC_PEDICEL_DEVELOPMENT,"Ischium, iliac pedicel: short and poorly developed (0); slender and well developed (1); wide and well developed(2) (Calvo and Gon- zález Riga 2003).",Gallina & Apesteguía (2011) character list,GA11:C69,provisional distinct concept,,,,,high,1,1,1,GA11,no,2011,2011,0,frozen-v1.0,NOT_YET_AUDITED,,,NOT_PHASE2_TARGET,,,,NOT_PHASE3_C12_TARGET,,,NOT_PHASE4_DE12_TARGET,,,FROZEN_CURRENT_ID,high,GA11 defines a distinct anatomical proposition and no sufficiently supported equivalent exists in the consolidated inventory. Retain the current canonical ID and preserve the GA11 source definition.,NOT_PHASE6_M26_TARGET,,,FROZEN_V1,high,Canonical identity frozen in MacronariaMatrix v1.0.0 after the multi-phase lineage and duplicate audit.
MC0297,ILIUM_PREACETABULAR_LOBE_EXPANSION,Shape of preacetabular lobe of ilium: moderately expanded (0); broadly expanded and directed upward (1) (Salgado et al. 1997).,Gallina & Apesteguía (2011) character list,GA11:C70,provisional distinct concept,,,,MC0188,high,1,1,1,GA11,no,2011,2011,0,frozen-v1.0,NOT_YET_AUDITED,,,NOT_PHASE2_TARGET,,,,NOT_PHASE3_C12_TARGET,,,NOT_PHASE4_DE12_TARGET,,,FROZEN_CURRENT_ID,high,GA11 defines a distinct anatomical proposition and no sufficiently supported equivalent exists in the consolidated inventory. Retain the current canonical ID and preserve the GA11 source definition.,NOT_PHASE6_M26_TARGET,,,FROZEN_V1,high,Canonical identity frozen in MacronariaMatrix v1.0.0 after the multi-phase lineage and duplicate audit.
MC0298,ILIUM_PREACETABULAR_LOBE_ORIENTATION,Orientation of preacetabular lobe of ilium: nearly vertical (0); nearly horizontal and laterally projected (1) (Salgado et al. 1997).,Gallina & Apesteguía (2011) character list,GA11:C71,provisional distinct concept,,,,MC0187,moderate,3,3,3,GA11; M19; M26,no,2011,2026,15,frozen-v1.0,NOT_YET_AUDITED,,,NOT_PHASE2_TARGET,,,,NOT_PHASE3_C12_TARGET,,,NOT_PHASE4_DE12_TARGET,,,FROZEN_WITH_LATER_REDIRECT,moderate,Same orientation of the iliac preacetabular process/lobe from near-vertical to laterally turned/horizontal; the later wording specifies the ventral portion more explicitly.,NOT_PHASE6_M26_TARGET,,,FROZEN_V1,moderate,Canonical identity frozen in MacronariaMatrix v1.0.0 after the multi-phase lineage and duplicate audit.
MC0299,TIBIA_DISTAL_TRANSVERSE_BREADTH,Distal end of tibia broader transversely than anteroposteriorly: ab- sent (0); present (1) (Salgado et al. 1997).,Gallina & Apesteguía (2011) character list,GA11:C75,provisional distinct concept,,,,MC0205,moderate,2,2,2,GA11; C12,no,2011,2012,1,frozen-v1.0,FROZEN,high,Same distal tibial transverse-versus-anteroposterior breadth character with reversed polarity.,NOT_PHASE2_TARGET,,,,NOT_PHASE3_C12_TARGET,,,NOT_PHASE4_DE12_TARGET,,,NOT_PHASE5_GA11_TARGET,,,NOT_PHASE6_M26_TARGET,,,FROZEN_REAFFIRMED,high,"Accepted during Phase 1. Residual review status was a metadata carryover, not unresolved biological equivalence. The canonical identity is reaffirmed for v1.0."
MC0300,METATARSAL_I_RELATIVE_LENGTH,"Metatarsal I, length: shortest metatarsal (0); metatarsal V shorter tan metatarsal I (1) (Curry Rogers 2005).",Gallina & Apesteguía (2011) character list,GA11:C76,provisional distinct concept,,,,MC0225,moderate,3,3,3,GA11; M19; M26,no,2011,2026,15,frozen-v1.0,FROZEN,high,GA11 wording and M19/M26 metatarsal I:V ratio express the same relative-length variable.,NOT_PHASE2_TARGET,,,,NOT_PHASE3_C12_TARGET,,,NOT_PHASE4_DE12_TARGET,,,NOT_PHASE5_GA11_TARGET,,,NOT_PHASE6_M26_TARGET,,,FROZEN_REAFFIRMED,high,"Accepted during Phase 1. Residual review status was a metadata carryover, not unresolved biological equivalence. The canonical identity is reaffirmed for v1.0."
MC0301,ANGLE_LATERAL_MEDIAL_MARGINS_PREMAXILLA_DORSAL_VIEW,**Angle between lateral and medial margins of premaxilla as seen in dorsal view (U12-14) / '>20º' '<= 20º',Carballido et al. (2012) C12 NEXUS CHARSTATELABELS,C12:C3,provisional_distinct,,,U12-14,,high,1,1,1,C12,no,2012,2012,0,frozen-v1.0,NOT_YET_AUDITED,,,NOT_PHASE2_TARGET,,,,FROZEN_CURRENT_ID,high,"The C12 source defines a distinct anatomical proposition, and comparison with the consolidated historical inventory did not identify a sufficiently supported equivalent. Retain the C12 canonical ID and preserve its source-reference codes.",NOT_PHASE4_DE12_TARGET,,,NOT_PHASE5_GA11_TARGET,,,NOT_PHASE6_M26_TARGET,,,FROZEN_V1,high,Canonical identity frozen in MacronariaMatrix v1.0.0 after the multi-phase lineage and duplicate audit.
MC0302,FREE_PORTION_NASAL_PROCESS_PREMAXILLA_LATERAL_VIEW,"Free portion of nasal process of premaxilla in lateral view (U11) / majority_projects_caudally_and_divides_external_nares_into_right_and_left_halves majority_projects_dorsally_and_divides_external_nares_into_right_and_left_halves 'is greatly reduced, reducing or eliminating internarial bar and creating single, confluent external narial opening'",Carballido et al. (2012) C12 NEXUS CHARSTATELABELS,C12:C5,provisional_distinct,,,U11,,high,1,1,1,C12,no,2012,2012,0,frozen-v1.0,NOT_YET_AUDITED,,,NOT_PHASE2_TARGET,,,,FROZEN_CURRENT_ID,high,"The C12 source defines a distinct anatomical proposition, and comparison with the consolidated historical inventory did not identify a sufficiently supported equivalent. Retain the C12 canonical ID and preserve its source-reference codes.",NOT_PHASE4_DE12_TARGET,,,NOT_PHASE5_GA11_TARGET,,,NOT_PHASE6_M26_TARGET,,,FROZEN_V1,high,Canonical identity frozen in MacronariaMatrix v1.0.0 after the multi-phase lineage and duplicate audit.
MC0303,THIN_PLATE_LIKE_PROCESS_DIRECTED_ROSTROMEDIALLY_EDGE_MAXILLARY,"Thin, plate-like process (flange) directed rostromedially from edge of maxillary ascending process (U17-18, C14) / absent present_but_lacking_midline_contact present_and_contacting_each_other_at_midline",Carballido et al. (2012) C12 NEXUS CHARSTATELABELS,C12:C6,provisional_distinct,,,U17-18; C14,,moderate,3,3,3,C12; M19; M26,no,2012,2026,14,frozen-v1.0,FROZEN,high,Same medial plate-like projections of the maxillary ascending process; C12 has an additional absence state while M19/M26 focus on midline contact.,NOT_PHASE2_TARGET,,,,NOT_PHASE3_C12_TARGET,,,NOT_PHASE4_DE12_TARGET,,,NOT_PHASE5_GA11_TARGET,,,NOT_PHASE6_M26_TARGET,,,FROZEN_REAFFIRMED,high,"Accepted during Phase 1. Residual review status was a metadata carryover, not unresolved biological equivalence. The canonical identity is reaffirmed for v1.0."
MC0304,DIRECTION_WHICH_SUBNARIAL_FORAMEN_FACES,Direction in which subnarial foramen faces (U6) / lateral dorsal,Carballido et al. (2012) C12 NEXUS CHARSTATELABELS,C12:C7,provisional_distinct,,,U6,,high,1,1,1,C12,no,2012,2012,0,frozen-v1.0,NOT_YET_AUDITED,,,NOT_PHASE2_TARGET,,,,FROZEN_CURRENT_ID,high,"The C12 source defines a distinct anatomical proposition, and comparison with the consolidated historical inventory did not identify a sufficiently supported equivalent. Retain the C12 canonical ID and preserve its source-reference codes.",NOT_PHASE4_DE12_TARGET,,,NOT_PHASE5_GA11_TARGET,,,NOT_PHASE6_M26_TARGET,,,FROZEN_V1,high,Canonical identity frozen in MacronariaMatrix v1.0.0 after the multi-phase lineage and duplicate audit.
MC0305,PROPORTIONS_SIZE_SUBNARIAL_FORAMEN,Proportions and size of subnarial foramen (U7) / small_and_subcircular 'elongate (at least 2x longer than wide in direction of premaxilla-maxilla suture)',Carballido et al. (2012) C12 NEXUS CHARSTATELABELS,C12:C8,provisional_distinct,,,U7,,high,1,1,1,C12,no,2012,2012,0,frozen-v1.0,NOT_YET_AUDITED,,,NOT_PHASE2_TARGET,,,,FROZEN_CURRENT_ID,high,"The C12 source defines a distinct anatomical proposition, and comparison with the consolidated historical inventory did not identify a sufficiently supported equivalent. Retain the C12 canonical ID and preserve its source-reference codes.",NOT_PHASE4_DE12_TARGET,,,NOT_PHASE5_GA11_TARGET,,,NOT_PHASE6_M26_TARGET,,,FROZEN_V1,high,Canonical identity frozen in MacronariaMatrix v1.0.0 after the multi-phase lineage and duplicate audit.
MC0306,POSITION_SUBNARIAL_FORAMEN_RESPECT_NARIAL_FOSSA,Position of subnarial foramen with respect to narial fossa (U8) / outside within,Carballido et al. (2012) C12 NEXUS CHARSTATELABELS,C12:C9,provisional_distinct,,,U8,,high,1,1,1,C12,no,2012,2012,0,frozen-v1.0,NOT_YET_AUDITED,,,NOT_PHASE2_TARGET,,,,FROZEN_CURRENT_ID,high,"The C12 source defines a distinct anatomical proposition, and comparison with the consolidated historical inventory did not identify a sufficiently supported equivalent. Retain the C12 canonical ID and preserve its source-reference codes.",NOT_PHASE4_DE12_TARGET,,,NOT_PHASE5_GA11_TARGET,,,NOT_PHASE6_M26_TARGET,,,FROZEN_V1,high,Canonical identity frozen in MacronariaMatrix v1.0.0 after the multi-phase lineage and duplicate audit.
MC0307,EXTERNAL_NARES_FACE,External nares face (U4) / laterally_or_rostrolaterally dorsally_or_rostrodorsally,Carballido et al. (2012) C12 NEXUS CHARSTATELABELS,C12:C11,provisional_distinct,,,U4,,high,1,1,1,C12,no,2012,2012,0,frozen-v1.0,NOT_YET_AUDITED,,,NOT_PHASE2_TARGET,,,,FROZEN_CURRENT_ID,high,"The C12 source defines a distinct anatomical proposition, and comparison with the consolidated historical inventory did not identify a sufficiently supported equivalent. Retain the C12 canonical ID and preserve its source-reference codes.",NOT_PHASE4_DE12_TARGET,,,NOT_PHASE5_GA11_TARGET,,,NOT_PHASE6_M26_TARGET,,,FROZEN_V1,high,Canonical identity frozen in MacronariaMatrix v1.0.0 after the multi-phase lineage and duplicate audit.
MC0308,SHELF_LIKE_AREA_FOSSA_PREMAXILLA_MAXILLA_LATERAL_EXTERNAL,"Shelf-like area or fossa (narial fossa) on premaxilla and maxilla lateral to external nares (W1, U19) / absent present",Carballido et al. (2012) C12 NEXUS CHARSTATELABELS,C12:C12,historically_derived_distinct,MC0001,historically_derived_from,W1; U19,,high,1,1,1,C12,no,2012,2012,0,frozen-v1.0,NOT_YET_AUDITED,,,NOT_PHASE2_TARGET,,,,FROZEN_CURRENT_ID,high,"The C12 source defines a distinct anatomical proposition, and comparison with the consolidated historical inventory did not identify a sufficiently supported equivalent. Retain the C12 canonical ID and preserve its source-reference codes.",NOT_PHASE4_DE12_TARGET,,,NOT_PHASE5_GA11_TARGET,,,NOT_PHASE6_M26_TARGET,,,FROZEN_V1,high,Canonical identity frozen in MacronariaMatrix v1.0.0 after the multi-phase lineage and duplicate audit.
MC0309,JUGAL_PROCESS_POSTORBITAL,Jugal (= ventral) process of postorbital (U31) / 'does not contact lacrimal (jugal intervenes)' 'contacts lacrimal (excludes jugal from margin of orbit)',Carballido et al. (2012) C12 NEXUS CHARSTATELABELS,C12:C26,provisional_distinct,,,U31,,high,1,1,1,C12,no,2012,2012,0,frozen-v1.0,NOT_YET_AUDITED,,,NOT_PHASE2_TARGET,,,,FROZEN_CURRENT_ID,high,"The C12 source defines a distinct anatomical proposition, and comparison with the consolidated historical inventory did not identify a sufficiently supported equivalent. Retain the C12 canonical ID and preserve its source-reference codes.",NOT_PHASE4_DE12_TARGET,,,NOT_PHASE5_GA11_TARGET,,,NOT_PHASE6_M26_TARGET,,,FROZEN_V1,high,Canonical identity frozen in MacronariaMatrix v1.0.0 after the multi-phase lineage and duplicate audit.
MC0310,INFRATEMPORAL_FENESTRA,"Morphology of infratemporal fenestra (C9, S6) / subrectangular subtriangular 'linear (slit-like, crescentic)'",Carballido et al. (2012) C12 NEXUS CHARSTATELABELS,C12:C34,provisional_distinct,,,C9; S6,,high,3,3,3,C12; M19; M26,no,2012,2026,14,frozen-v1.0,NOT_YET_AUDITED,,,NOT_PHASE2_TARGET,,,,FROZEN_WITH_LATER_REDIRECT,high,C12 C34 and M19/M26 score the shape of the lateral/infratemporal fenestra; the later formulation collapses the subrectangular state.,NOT_PHASE4_DE12_TARGET,,,NOT_PHASE5_GA11_TARGET,,,NOT_PHASE6_M26_TARGET,,,FROZEN_V1,high,Canonical identity frozen in MacronariaMatrix v1.0.0 after the multi-phase lineage and duplicate audit.
MC0311,SUPRATEMPORAL_FOSSA_SURROUNDS_SUPRATEMPORAL_FENESTRA,Supratemporal fossa surrounds supratemporal fenestra (U37) / present absent,Carballido et al. (2012) C12 NEXUS CHARSTATELABELS,C12:C37,provisional_distinct,,,U37,,high,1,1,1,C12,no,2012,2012,0,frozen-v1.0,NOT_YET_AUDITED,,,NOT_PHASE2_TARGET,,,,FROZEN_CURRENT_ID,high,"The C12 source defines a distinct anatomical proposition, and comparison with the consolidated historical inventory did not identify a sufficiently supported equivalent. Retain the C12 canonical ID and preserve its source-reference codes.",NOT_PHASE4_DE12_TARGET,,,NOT_PHASE5_GA11_TARGET,,,NOT_PHASE6_M26_TARGET,,,FROZEN_V1,high,Canonical identity frozen in MacronariaMatrix v1.0.0 after the multi-phase lineage and duplicate audit.
MC0312,CONTRIBUTION_SQUAMOSAL_DORSAL_MARGIN_SUPRATEMPORAL_FENESTRA,Contribution by squamosal to dorsal (dorsomedial) margin of supratemporal fenestra (U44) / present 'absent (excluded by parietal-postorbital contact)',Carballido et al. (2012) C12 NEXUS CHARSTATELABELS,C12:C39,provisional_distinct,,,U44,,moderate,2,2,2,C12; M26,no,2012,2026,14,frozen-v1.0,FROZEN,high,Same squamosal contribution to the supratemporal fenestra margin in C12 and M26.,NOT_PHASE2_TARGET,,,,NOT_PHASE3_C12_TARGET,,,NOT_PHASE4_DE12_TARGET,,,NOT_PHASE5_GA11_TARGET,,,NOT_PHASE6_M26_TARGET,,,FROZEN_REAFFIRMED,high,"Accepted during Phase 1. Residual review status was a metadata carryover, not unresolved biological equivalence. The canonical identity is reaffirmed for v1.0."
MC0313,MAXILLA_QUADRATOJUGAL_CONTACT,"Maxilla-quadratojugal contact (U24, C11, S2) / absent present",Carballido et al. (2012) C12 NEXUS CHARSTATELABELS,C12:C43,provisional_distinct,,,U24; C11; S2,,high,1,1,1,C12,no,2012,2012,0,frozen-v1.0,NOT_YET_AUDITED,,,NOT_PHASE2_TARGET,,,,FROZEN_CURRENT_ID,high,"The C12 source defines a distinct anatomical proposition, and comparison with the consolidated historical inventory did not identify a sufficiently supported equivalent. Retain the C12 canonical ID and preserve its source-reference codes.",NOT_PHASE4_DE12_TARGET,,,NOT_PHASE5_GA11_TARGET,,,NOT_PHASE6_M26_TARGET,,,FROZEN_V1,high,Canonical identity frozen in MacronariaMatrix v1.0.0 after the multi-phase lineage and duplicate audit.
MC0314,ROSTRAL_PROCESS_QUADRATOJUGAL,Rostral process of quadratojugal (U25) / tapers_to_acute_tip expands_dorsoventrally_at_tip,Carballido et al. (2012) C12 NEXUS CHARSTATELABELS,C12:C46,provisional_distinct,,,U25,,high,1,1,1,C12,no,2012,2012,0,frozen-v1.0,NOT_YET_AUDITED,,,NOT_PHASE2_TARGET,,,,FROZEN_CURRENT_ID,high,"The C12 source defines a distinct anatomical proposition, and comparison with the consolidated historical inventory did not identify a sufficiently supported equivalent. Retain the C12 canonical ID and preserve its source-reference codes.",NOT_PHASE4_DE12_TARGET,,,NOT_PHASE5_GA11_TARGET,,,NOT_PHASE6_M26_TARGET,,,FROZEN_V1,high,Canonical identity frozen in MacronariaMatrix v1.0.0 after the multi-phase lineage and duplicate audit.
MC0315,ORIENTATION_ROSTRAL_PROCESS_QUADRATOJUGAL_LATERAL_VIEW,Orientation of rostral process of quadratojugal in lateral view (U26) / straight_or_curves_slightly_dorsally_at_tip angles_ventrally_at_tip,Carballido et al. (2012) C12 NEXUS CHARSTATELABELS,C12:C47,provisional_distinct,,,U26,,high,1,1,1,C12,no,2012,2012,0,frozen-v1.0,NOT_YET_AUDITED,,,NOT_PHASE2_TARGET,,,,FROZEN_CURRENT_ID,high,"The C12 source defines a distinct anatomical proposition, and comparison with the consolidated historical inventory did not identify a sufficiently supported equivalent. Retain the C12 canonical ID and preserve its source-reference codes.",NOT_PHASE4_DE12_TARGET,,,NOT_PHASE5_GA11_TARGET,,,NOT_PHASE6_M26_TARGET,,,FROZEN_V1,high,Canonical identity frozen in MacronariaMatrix v1.0.0 after the multi-phase lineage and duplicate audit.
MC0316,ANGLE_ROSTRAL_DORSAL_PROCESSES_QUADRATOJUGAL,Angle between rostral and dorsal processes of the quadratojugal (U27) / roughly_90º '>>90º',Carballido et al. (2012) C12 NEXUS CHARSTATELABELS,C12:C48,provisional_distinct,,,U27,,high,3,3,3,C12; M19; M26,no,2012,2026,14,frozen-v1.0,NOT_YET_AUDITED,,,NOT_PHASE2_TARGET,,,,FROZEN_WITH_LATER_REDIRECT,high,Both score the angle between the anterior/rostral and dorsal processes of the quadratojugal; the later wording explicitly links the angle to quadrate-shaft orientation.,NOT_PHASE4_DE12_TARGET,,,NOT_PHASE5_GA11_TARGET,,,NOT_PHASE6_M26_TARGET,,,FROZEN_V1,high,Canonical identity frozen in MacronariaMatrix v1.0.0 after the multi-phase lineage and duplicate audit.
MC0317,ORIENTATION_LONG_AXIS_QUADRATE_RESPECT_LONG_AXIS_SKULL,"Orientation of long axis of quadrate with respect to long axis of skull (U68, C5, S5) / perpendicular 'angled caudodorsally-rostroventrally'",Carballido et al. (2012) C12 NEXUS CHARSTATELABELS,C12:C49,provisional_distinct,,,U68; C5; S5,,high,1,1,1,C12,no,2012,2012,0,frozen-v1.0,NOT_YET_AUDITED,,,NOT_PHASE2_TARGET,,,,FROZEN_CURRENT_ID,high,"The C12 source defines a distinct anatomical proposition, and comparison with the consolidated historical inventory did not identify a sufficiently supported equivalent. Retain the C12 canonical ID and preserve its source-reference codes.",NOT_PHASE4_DE12_TARGET,,,NOT_PHASE5_GA11_TARGET,,,NOT_PHASE6_M26_TARGET,,,FROZEN_V1,high,Canonical identity frozen in MacronariaMatrix v1.0.0 after the multi-phase lineage and duplicate audit.
MC0318,QUADRATE_FOSSA,"**Quadrate fossa (W33-34, U66-67, C1) / absent shallow deeply_invaginated",Carballido et al. (2012) C12 NEXUS CHARSTATELABELS,C12:C50,merged_derived,MC0033; MC0034,merged_from,W33-34; U66-67; C1,,high,1,1,1,C12,no,2012,2012,0,frozen-v1.0,NOT_YET_AUDITED,,,NOT_PHASE2_TARGET,,,,NOT_PHASE3_C12_TARGET,,,NOT_PHASE4_DE12_TARGET,,,NOT_PHASE5_GA11_TARGET,,,NOT_PHASE6_M26_TARGET,,,FROZEN_V1,high,Canonical identity frozen in MacronariaMatrix v1.0.0 after the multi-phase lineage and duplicate audit.
MC0319,ROSTRAL_END_MAXILLARY_PROCESS_PALATINE,Rostral end of maxillary process of palatine (U57) / poorly_developed_and_unexpanded mediolaterally_expanded,Carballido et al. (2012) C12 NEXUS CHARSTATELABELS,C12:C54,provisional_distinct,,,U57,,high,1,1,1,C12,no,2012,2012,0,frozen-v1.0,NOT_YET_AUDITED,,,NOT_PHASE2_TARGET,,,,FROZEN_CURRENT_ID,high,"The C12 source defines a distinct anatomical proposition, and comparison with the consolidated historical inventory did not identify a sufficiently supported equivalent. Retain the C12 canonical ID and preserve its source-reference codes.",NOT_PHASE4_DE12_TARGET,,,NOT_PHASE5_GA11_TARGET,,,NOT_PHASE6_M26_TARGET,,,FROZEN_V1,high,Canonical identity frozen in MacronariaMatrix v1.0.0 after the multi-phase lineage and duplicate audit.
MC0320,COMPOSITION_PALATINE_PROCESS_PTERYGOID,"Composition of palatine (= rostral) process of pterygoid (U61) / formed_from_two_sheets_of_bone_that_project_laterally_and_ventrally 'formed from single, flat plate'",Carballido et al. (2012) C12 NEXUS CHARSTATELABELS,C12:C55,provisional_distinct,,,U61,,high,1,1,1,C12,no,2012,2012,0,frozen-v1.0,NOT_YET_AUDITED,,,NOT_PHASE2_TARGET,,,,FROZEN_CURRENT_ID,high,"The C12 source defines a distinct anatomical proposition, and comparison with the consolidated historical inventory did not identify a sufficiently supported equivalent. Retain the C12 canonical ID and preserve its source-reference codes.",NOT_PHASE4_DE12_TARGET,,,NOT_PHASE5_GA11_TARGET,,,NOT_PHASE6_M26_TARGET,,,FROZEN_V1,high,Canonical identity frozen in MacronariaMatrix v1.0.0 after the multi-phase lineage and duplicate audit.
MC0321,WIDTH_MAIN_BODY_PTERYGOID_OVERALL_LENGTH_PTERYGOID,Ratio of width of main body of pterygoid:overall length of pterygoid (U62) / '<0.20' '>=0.20',Carballido et al. (2012) C12 NEXUS CHARSTATELABELS,C12:C56,provisional_distinct,,,U62,,high,1,1,1,C12,no,2012,2012,0,frozen-v1.0,NOT_YET_AUDITED,,,NOT_PHASE2_TARGET,,,,FROZEN_CURRENT_ID,high,"The C12 source defines a distinct anatomical proposition, and comparison with the consolidated historical inventory did not identify a sufficiently supported equivalent. Retain the C12 canonical ID and preserve its source-reference codes.",NOT_PHASE4_DE12_TARGET,,,NOT_PHASE5_GA11_TARGET,,,NOT_PHASE6_M26_TARGET,,,FROZEN_V1,high,Canonical identity frozen in MacronariaMatrix v1.0.0 after the multi-phase lineage and duplicate audit.
MC0322,DORSOVENTRAL_POSITION_ECTOPTERYGOID_PROCESS_PTERYGOID,Dorsoventral position of ectopterygoid process of pterygoid (U60) / 'projects below ventral margin of skull (usually robust)' 'does not project below ventral margin of skull (usually slender)',Carballido et al. (2012) C12 NEXUS CHARSTATELABELS,C12:C59,provisional_distinct,,,U60,,high,1,1,1,C12,no,2012,2012,0,frozen-v1.0,NOT_YET_AUDITED,,,NOT_PHASE2_TARGET,,,,FROZEN_CURRENT_ID,high,"The C12 source defines a distinct anatomical proposition, and comparison with the consolidated historical inventory did not identify a sufficiently supported equivalent. Retain the C12 canonical ID and preserve its source-reference codes.",NOT_PHASE4_DE12_TARGET,,,NOT_PHASE5_GA11_TARGET,,,NOT_PHASE6_M26_TARGET,,,FROZEN_V1,high,Canonical identity frozen in MacronariaMatrix v1.0.0 after the multi-phase lineage and duplicate audit.
MC0323,SAGITTAL_TRANSVERSE_NUCHAL_CRESTS_MERGE_SMOOTHLY_DORSAL_END,Sagittal and transverse nuchal crests merge smoothly at dorsal end of supraoccipital forming low tetrahedral process (S29) / absent present,Carballido et al. (2012) C12 NEXUS CHARSTATELABELS,C12:C64,provisional_distinct,,,S29,,high,1,1,1,C12,no,2012,2012,0,frozen-v1.0,NOT_YET_AUDITED,,,NOT_PHASE2_TARGET,,,,FROZEN_CURRENT_ID,high,"The C12 source defines a distinct anatomical proposition, and comparison with the consolidated historical inventory did not identify a sufficiently supported equivalent. Retain the C12 canonical ID and preserve its source-reference codes.",NOT_PHASE4_DE12_TARGET,,,NOT_PHASE5_GA11_TARGET,,,NOT_PHASE6_M26_TARGET,,,FROZEN_V1,high,Canonical identity frozen in MacronariaMatrix v1.0.0 after the multi-phase lineage and duplicate audit.
MC0324,DISTAL_ENDS_PAROCCIPITAL_PROCESSES,"Distal ends of paroccipital processes (U46) / flat_or_slightly_convex_laterally 'markedly convex laterally and expanded suddenly dorsally and ventrally (""tongue-like"" process present)'",Carballido et al. (2012) C12 NEXUS CHARSTATELABELS,C12:C65,provisional_distinct,,,U46,,high,1,1,1,C12,no,2012,2012,0,frozen-v1.0,NOT_YET_AUDITED,,,NOT_PHASE2_TARGET,,,,FROZEN_CURRENT_ID,high,"The C12 source defines a distinct anatomical proposition, and comparison with the consolidated historical inventory did not identify a sufficiently supported equivalent. Retain the C12 canonical ID and preserve its source-reference codes.",NOT_PHASE4_DE12_TARGET,,,NOT_PHASE5_GA11_TARGET,,,NOT_PHASE6_M26_TARGET,,,FROZEN_V1,high,Canonical identity frozen in MacronariaMatrix v1.0.0 after the multi-phase lineage and duplicate audit.
MC0325,CROSS_SECTIONAL_BASIPTERYGOID_PROCESSES,Cross-sectional morphology of basipterygoid processes (U51) / elliptical_or_subtriangular subcircular,Carballido et al. (2012) C12 NEXUS CHARSTATELABELS,C12:C77,provisional_distinct,,,U51,,moderate,3,3,3,C12; M19; M26,no,2012,2026,14,frozen-v1.0,FROZEN,high,"Same basipterygoid-process cross-sectional shape states in C12, M19 and M26.",NOT_PHASE2_TARGET,,,,NOT_PHASE3_C12_TARGET,,,NOT_PHASE4_DE12_TARGET,,,NOT_PHASE5_GA11_TARGET,,,NOT_PHASE6_M26_TARGET,,,FROZEN_REAFFIRMED,high,"Accepted during Phase 1. Residual review status was a metadata carryover, not unresolved biological equivalence. The canonical identity is reaffirmed for v1.0."
MC0326,PARASPHENOID_ROSTRUM,"Morphology of parasphenoid rostrum (U56) / broadly_triangular_in_lateral_view_and_with_groove_on_dorsal_margin 'slender, spike-like, and lacking dorsal groove'",Carballido et al. (2012) C12 NEXUS CHARSTATELABELS,C12:C78,provisional_distinct,,,U56,,high,1,1,1,C12,no,2012,2012,0,frozen-v1.0,NOT_YET_AUDITED,,,NOT_PHASE2_TARGET,,,,FROZEN_CURRENT_ID,high,"The C12 source defines a distinct anatomical proposition, and comparison with the consolidated historical inventory did not identify a sufficiently supported equivalent. Retain the C12 canonical ID and preserve its source-reference codes.",NOT_PHASE4_DE12_TARGET,,,NOT_PHASE5_GA11_TARGET,,,NOT_PHASE6_M26_TARGET,,,FROZEN_V1,high,Canonical identity frozen in MacronariaMatrix v1.0.0 after the multi-phase lineage and duplicate audit.
MC0327,POSITION_ROSTRAL_END_SPLENIAL_MANDIBULAR_SYMPHYSIS,Position of rostral end of splenial relative to mandibular symphysis (U72) / caudal_to participates_in_symphysis,Carballido et al. (2012) C12 NEXUS CHARSTATELABELS,C12:C86,provisional_distinct,,,U72,,moderate,3,3,3,C12; M19; M26,no,2012,2026,14,frozen-v1.0,FROZEN,high,Same position of the anterior/rostral splenial end relative to the mandibular symphysis.,NOT_PHASE2_TARGET,,,,NOT_PHASE3_C12_TARGET,,,NOT_PHASE4_DE12_TARGET,,,NOT_PHASE5_GA11_TARGET,,,NOT_PHASE6_M26_TARGET,,,FROZEN_REAFFIRMED,high,"Accepted during Phase 1. Residual review status was a metadata carryover, not unresolved biological equivalence. The canonical identity is reaffirmed for v1.0."
MC0328,PLATE_BONE_LYING_LATERAL_TEETH_PREMAXILLA_MAXILLA_DENTARY,"Plate of bone lying lateral to teeth on premaxilla, maxilla, and dentary (U9) / absent present",Carballido et al. (2012) C12 NEXUS CHARSTATELABELS,C12:C90,provisional_distinct,,,U9,,high,1,1,1,C12,no,2012,2012,0,frozen-v1.0,NOT_YET_AUDITED,,,NOT_PHASE2_TARGET,,,,FROZEN_CURRENT_ID,high,"The C12 source defines a distinct anatomical proposition, and comparison with the consolidated historical inventory did not identify a sufficiently supported equivalent. Retain the C12 canonical ID and preserve its source-reference codes.",NOT_PHASE4_DE12_TARGET,,,NOT_PHASE5_GA11_TARGET,,,NOT_PHASE6_M26_TARGET,,,FROZEN_V1,high,Canonical identity frozen in MacronariaMatrix v1.0.0 after the multi-phase lineage and duplicate audit.
MC0329,POSITION_TOOTH_ROW_LARGEST_TEETH,Position in tooth row of largest teeth (U78) / 'mid-length along maxilla' rostral_end_of_jaws,Carballido et al. (2012) C12 NEXUS CHARSTATELABELS,C12:C91,provisional_distinct,,,U78,,high,1,1,1,C12,no,2012,2012,0,frozen-v1.0,NOT_YET_AUDITED,,,NOT_PHASE2_TARGET,,,,FROZEN_CURRENT_ID,high,"The C12 source defines a distinct anatomical proposition, and comparison with the consolidated historical inventory did not identify a sufficiently supported equivalent. Retain the C12 canonical ID and preserve its source-reference codes.",NOT_PHASE4_DE12_TARGET,,,NOT_PHASE5_GA11_TARGET,,,NOT_PHASE6_M26_TARGET,,,FROZEN_V1,high,Canonical identity frozen in MacronariaMatrix v1.0.0 after the multi-phase lineage and duplicate audit.
MC0330,OCCLUSAL_PATTERN,**Occlusal pattern (W67-68) / absent 'interlocking (creating V-shaped facets)' 'planar facets at markedly acute angle to long axis of tooth (high-angled)' 'planar facets at roughly 90° angle to long axis of tooth (low-angled)',Carballido et al. (2012) C12 NEXUS CHARSTATELABELS,C12:C94,merged_derived,MC0067; MC0068,merged_from,W67-68,,high,1,1,1,C12,no,2012,2012,0,frozen-v1.0,NOT_YET_AUDITED,,,NOT_PHASE2_TARGET,,,,NOT_PHASE3_C12_TARGET,,,NOT_PHASE4_DE12_TARGET,,,NOT_PHASE5_GA11_TARGET,,,NOT_PHASE6_M26_TARGET,,,FROZEN_V1,high,Canonical identity frozen in MacronariaMatrix v1.0.0 after the multi-phase lineage and duplicate audit.
MC0331,CONTACT_ADJACENT_TOOTH_CROWNS,Contact between adjacent tooth crowns (U81) / present absent,Carballido et al. (2012) C12 NEXUS CHARSTATELABELS,C12:C96,provisional_distinct,,,U81,,high,1,1,1,C12,no,2012,2012,0,frozen-v1.0,NOT_YET_AUDITED,,,NOT_PHASE2_TARGET,,,,FROZEN_CURRENT_ID,high,"The C12 source defines a distinct anatomical proposition, and comparison with the consolidated historical inventory did not identify a sufficiently supported equivalent. Retain the C12 canonical ID and preserve its source-reference codes.",NOT_PHASE4_DE12_TARGET,,,NOT_PHASE5_GA11_TARGET,,,NOT_PHASE6_M26_TARGET,,,FROZEN_V1,high,Canonical identity frozen in MacronariaMatrix v1.0.0 after the multi-phase lineage and duplicate audit.
MC0332,LENGTH_WORN_TOOTH_CROWN_WIDTH_LINGUAL_FACE,"Ratio of length of worn tooth crown:width of lingual face (= ""slenderness index"") (U87-89) / '<=3.0 (crowns expanded; teeth spatulate)' '3.01-3.99' '>=4.0'",Carballido et al. (2012) C12 NEXUS CHARSTATELABELS,C12:C97,provisional_distinct,,,U87-89,,moderate,4,4,4,C12; DE12; M19; M26,no,2012,2026,14,frozen-v1.0,FROZEN,high,Same tooth slenderness-index variable; datasets use different state thresholds/bins but measure the same continuous biological proportion.,NOT_PHASE2_TARGET,,,,NOT_PHASE3_C12_TARGET,,,NOT_PHASE4_DE12_TARGET,,,NOT_PHASE5_GA11_TARGET,,,NOT_PHASE6_M26_TARGET,,,FROZEN_REAFFIRMED,high,"Accepted during Phase 1. Residual review status was a metadata carryover, not unresolved biological equivalence. The canonical identity is reaffirmed for v1.0."
MC0333,PROMINENT_GROOVES_NEAR_MESIAL_DISTAL_MARGINS_LABIAL_SURFACE,Prominent grooves near mesial and distal margins of labial surface of tooth crowns (U86) / absent present,Carballido et al. (2012) C12 NEXUS CHARSTATELABELS,C12:C104,provisional_distinct,,,U86,,moderate,3,3,3,C12; M19; M26,no,2012,2026,14,frozen-v1.0,NOT_YET_AUDITED,,,FROZEN_WITH_PHASE2_REDIRECT,high,Retained canonical ID gained M19/M26 occurrences through a source/definition-level Phase-2 redirect.,,NOT_PHASE3_C12_TARGET,,,NOT_PHASE4_DE12_TARGET,,,NOT_PHASE5_GA11_TARGET,,,NOT_PHASE6_M26_TARGET,,,FROZEN_V1,moderate,Canonical identity frozen in MacronariaMatrix v1.0.0 after the multi-phase lineage and duplicate audit.
MC0334,CERVICAL_PLEUROCOELOUS_FOSSAE,"**Morphology of cervical pleurocoelous fossae (W78, W83, U110, C15, S33) / absent 'simple, undivided' 'simple and undivided in cranial cervicals but becoming complex (divided by bony septa) in caudal cervicals, producing numerous, laterally visible foramina' 'complex (with numerous, laterally visible foramina) in all (post-axial) cervicals'",Carballido et al. (2012) C12 NEXUS CHARSTATELABELS,C12:C108,merged_derived,MC0078; MC0083,merged_from,W78; W83; U110; C15; S33,,high,1,1,1,C12,no,2012,2012,0,frozen-v1.0,NOT_YET_AUDITED,,,NOT_PHASE2_TARGET,,,,NOT_PHASE3_C12_TARGET,,,NOT_PHASE4_DE12_TARGET,,,NOT_PHASE5_GA11_TARGET,,,NOT_PHASE6_M26_TARGET,,,FROZEN_V1,high,Canonical identity frozen in MacronariaMatrix v1.0.0 after the multi-phase lineage and duplicate audit.
MC0335,VENTRAL_SURFACE_CERVICAL_VERTEBRAL_BODIES,Morphology of ventral surface of cervical vertebral bodies (U106-107) / with_prominent_sagittal_keels flat_or_mildly_convex_ventrally 'concave ventrally (longitudinal sulcus present)',Carballido et al. (2012) C12 NEXUS CHARSTATELABELS,C12:C109,provisional_distinct,,,U106-107,,high,1,1,1,C12,no,2012,2012,0,frozen-v1.0,NOT_YET_AUDITED,,,NOT_PHASE2_TARGET,,,,FROZEN_CURRENT_ID,high,"The C12 source defines a distinct anatomical proposition, and comparison with the consolidated historical inventory did not identify a sufficiently supported equivalent. Retain the C12 canonical ID and preserve its source-reference codes.",NOT_PHASE4_DE12_TARGET,,,NOT_PHASE5_GA11_TARGET,,,NOT_PHASE6_M26_TARGET,,,FROZEN_V1,high,Canonical identity frozen in MacronariaMatrix v1.0.0 after the multi-phase lineage and duplicate audit.
MC0336,FOSSAE_DORSAL_SURFACE_COSTOLATERAL_EMINENCES_CERVICAL_VERTEBRAE,Fossae on dorsal surface of costolateral eminences of cervical vertebrae (U109) / absent present_and_confluent_with_pleurocoelous_fossa present_but_separated_from_pleurocoelous_fossa_by_ridge,Carballido et al. (2012) C12 NEXUS CHARSTATELABELS,C12:C110,provisional_distinct,,,U109,,high,1,1,1,C12,no,2012,2012,0,frozen-v1.0,NOT_YET_AUDITED,,,NOT_PHASE2_TARGET,,,,FROZEN_CURRENT_ID,high,"The C12 source defines a distinct anatomical proposition, and comparison with the consolidated historical inventory did not identify a sufficiently supported equivalent. Retain the C12 canonical ID and preserve its source-reference codes.",NOT_PHASE4_DE12_TARGET,,,NOT_PHASE5_GA11_TARGET,,,NOT_PHASE6_M26_TARGET,,,FROZEN_V1,high,Canonical identity frozen in MacronariaMatrix v1.0.0 after the multi-phase lineage and duplicate audit.
MC0337,ANGULATION_SPINOUS_PROCESS_CRANIAL_CERVICAL_VERTEBRAE,Angulation of spinous process on cranial cervical vertebrae (C18) / 'dorsal (vertical) or craniodorsal' caudodorsal,Carballido et al. (2012) C12 NEXUS CHARSTATELABELS,C12:C113,provisional_distinct,,,C18,,high,1,1,1,C12,no,2012,2012,0,frozen-v1.0,NOT_YET_AUDITED,,,NOT_PHASE2_TARGET,,,,FROZEN_CURRENT_ID,high,"The C12 source defines a distinct anatomical proposition, and comparison with the consolidated historical inventory did not identify a sufficiently supported equivalent. Retain the C12 canonical ID and preserve its source-reference codes.",NOT_PHASE4_DE12_TARGET,,,NOT_PHASE5_GA11_TARGET,,,NOT_PHASE6_M26_TARGET,,,FROZEN_V1,high,Canonical identity frozen in MacronariaMatrix v1.0.0 after the multi-phase lineage and duplicate audit.
MC0338,ARTICULAR_SURFACES_CRANIAL_ZYGAPOPHYSES_MIDDLE_CAUDAL_CERVICAL_VERTEBRAE,Morphology of articular surfaces of cranial zygapophyses on middle and caudal cervical vertebrae (U114) / flat transversely_convex,Carballido et al. (2012) C12 NEXUS CHARSTATELABELS,C12:C117,provisional_distinct,,,U114,,high,1,1,1,C12,no,2012,2012,0,frozen-v1.0,NOT_YET_AUDITED,,,NOT_PHASE2_TARGET,,,,FROZEN_CURRENT_ID,high,"The C12 source defines a distinct anatomical proposition, and comparison with the consolidated historical inventory did not identify a sufficiently supported equivalent. Retain the C12 canonical ID and preserve its source-reference codes.",NOT_PHASE4_DE12_TARGET,,,NOT_PHASE5_GA11_TARGET,,,NOT_PHASE6_M26_TARGET,,,FROZEN_V1,high,Canonical identity frozen in MacronariaMatrix v1.0.0 after the multi-phase lineage and duplicate audit.
MC0339,CAUDAL_CERVICAL_CRANIAL_THORACIC_SPINOUS_PROCESSES,"**Morphology of caudal cervical and cranial thoracic spinous processes (W89-90, U118, C17) / single bifid_but_lacking_pseudospinal_tuberculum bifid_with_sagittal_pseudospinal_tuberculum",Carballido et al. (2012) C12 NEXUS CHARSTATELABELS,C12:C120,merged_derived,MC0089; MC0090,merged_from,W89-90; U118; C17,,high,1,1,1,C12,no,2012,2012,0,frozen-v1.0,NOT_YET_AUDITED,,,NOT_PHASE2_TARGET,,,,NOT_PHASE3_C12_TARGET,,,NOT_PHASE4_DE12_TARGET,,,NOT_PHASE5_GA11_TARGET,,,NOT_PHASE6_M26_TARGET,,,FROZEN_V1,high,Canonical identity frozen in MacronariaMatrix v1.0.0 after the multi-phase lineage and duplicate audit.
MC0340,ORIENTATION_CAUDAL_MARGIN_SPINOUS_PROCESSES_CAUDAL_CERVICAL_VERTEBRAE,Orientation of caudal margin of spinous processes on caudal cervical vertebrae with respect to craniocaudal axis of vertebral body (U119) / nearly_vertical 'slopes craniodorsally-caudoventrally',Carballido et al. (2012) C12 NEXUS CHARSTATELABELS,C12:C121,provisional_distinct,,,U119,,high,1,1,1,C12,no,2012,2012,0,frozen-v1.0,NOT_YET_AUDITED,,,NOT_PHASE2_TARGET,,,,FROZEN_CURRENT_ID,high,"The C12 source defines a distinct anatomical proposition, and comparison with the consolidated historical inventory did not identify a sufficiently supported equivalent. Retain the C12 canonical ID and preserve its source-reference codes.",NOT_PHASE4_DE12_TARGET,,,NOT_PHASE5_GA11_TARGET,,,NOT_PHASE6_M26_TARGET,,,FROZEN_V1,high,Canonical identity frozen in MacronariaMatrix v1.0.0 after the multi-phase lineage and duplicate audit.
MC0341,PLEUROCOELOUS_FOSSAE_MAJORITY_THORACIC_VERTEBRAL_BODIES,"Pleurocoelous fossae in majority of thoracic vertebral bodies (W78, U128-129, C22) / absent present_as_deep_but_simple_pits 'present as deep excavations that ramify into vertebral body and into base of vertebral arch (leaving only thin septum in body midline)'",Carballido et al. (2012) C12 NEXUS CHARSTATELABELS,C12:C123,split_derived,MC0078,split_from,W78; U128-129; C22,,high,1,1,1,C12,no,2012,2012,0,frozen-v1.0,NOT_YET_AUDITED,,,NOT_PHASE2_TARGET,,,,FROZEN_COMPOUND_DECOMPOSED_LATER,high,"C12 C123 is a compound three-state thoracic/dorsal pneumatic character: absence, simple/deep pits, or deeply ramifying excavation. M19/M26 later separate this information into MC0555 (presence/absence) and MC0556 (simple/shallow versus deeply ramifying pneumatization). Keep MC0341 as the earlier compound concept and record explicit decomposition relationships rather than merging it with either child.",NOT_PHASE4_DE12_TARGET,,,NOT_PHASE5_GA11_TARGET,,,NOT_PHASE6_M26_TARGET,,,FROZEN_V1,high,Canonical identity frozen in MacronariaMatrix v1.0.0 after the multi-phase lineage and duplicate audit.
MC0342,LATERAL_POSITION_PLEUROCOELOUS_FORAMINA_THORACIC_VERTEBRAL_BODIES,Lateral position of pleurocoelous foramina on thoracic vertebral bodies (U130) / absent 'flush with lateral surface (no pleurocoelous fossa)' set_within_pleurocoelous_fossa,Carballido et al. (2012) C12 NEXUS CHARSTATELABELS,C12:C124,provisional_distinct,,,U130,,high,3,3,3,C12; M19; M26,no,2012,2026,14,frozen-v1.0,NOT_YET_AUDITED,,,NOT_PHASE2_TARGET,,,,FROZEN_WITH_LATER_REDIRECT,high,Both score whether dorsal/thoracic pneumatic foramina are flush with the centrum surface or set within a lateral fossa; C12 also includes an absent state.,NOT_PHASE4_DE12_TARGET,,,NOT_PHASE5_GA11_TARGET,,,NOT_PHASE6_M26_TARGET,,,FROZEN_V1,high,Canonical identity frozen in MacronariaMatrix v1.0.0 after the multi-phase lineage and duplicate audit.
MC0343,CRANIAL_FACE_THORACIC_VERTEBRAL_ARCHES,Cranial face of thoracic vertebral arches (U136) / flat_or_shallowly_excavated deeply_excavated,Carballido et al. (2012) C12 NEXUS CHARSTATELABELS,C12:C125,provisional_distinct,,,U136,,high,1,1,1,C12,no,2012,2012,0,frozen-v1.0,NOT_YET_AUDITED,,,NOT_PHASE2_TARGET,,,,FROZEN_CURRENT_ID,high,"The C12 source defines a distinct anatomical proposition, and comparison with the consolidated historical inventory did not identify a sufficiently supported equivalent. Retain the C12 canonical ID and preserve its source-reference codes.",NOT_PHASE4_DE12_TARGET,,,NOT_PHASE5_GA11_TARGET,,,NOT_PHASE6_M26_TARGET,,,FROZEN_V1,high,Canonical identity frozen in MacronariaMatrix v1.0.0 after the multi-phase lineage and duplicate audit.
MC0344,SINGLE_MIDLINE_LAMINA_EXTENDING_VENTRALLY_HYPOSPHENE_THORACIC_VERTEBRAE,Single midline lamina extending ventrally from hyposphene in thoracic vertebrae (U146) / absent present,Carballido et al. (2012) C12 NEXUS CHARSTATELABELS,C12:C127,provisional_distinct,,,U146,,high,1,1,1,C12,no,2012,2012,0,frozen-v1.0,NOT_YET_AUDITED,,,NOT_PHASE2_TARGET,,,,FROZEN_CURRENT_ID,high,"The C12 source defines a distinct anatomical proposition, and comparison with the consolidated historical inventory did not identify a sufficiently supported equivalent. Retain the C12 canonical ID and preserve its source-reference codes.",NOT_PHASE4_DE12_TARGET,,,NOT_PHASE5_GA11_TARGET,,,NOT_PHASE6_M26_TARGET,,,FROZEN_V1,high,Canonical identity frozen in MacronariaMatrix v1.0.0 after the multi-phase lineage and duplicate audit.
MC0345,ACCESSORY_SPINODIAPOPHYSEAL_LAMINA_THORACIC_VERTEBRAE_NON_BIFID_SPINOUS,Accessory spinodiapophyseal lamina on thoracic vertebrae with non-bifid spinous processes (U151) / absent present,Carballido et al. (2012) C12 NEXUS CHARSTATELABELS,C12:C129,provisional_distinct,,,U151,,high,3,3,3,C12; M19; M26,no,2012,2026,14,frozen-v1.0,NOT_YET_AUDITED,,,NOT_PHASE2_TARGET,,,,FROZEN_WITH_LATER_REDIRECT,high,C12's accessory spinodiapophyseal lamina is the anterior SPDL/aSPDL subsequently formalized in the M19/M26 wording.,NOT_PHASE4_DE12_TARGET,,,NOT_PHASE5_GA11_TARGET,,,NOT_PHASE6_M26_TARGET,,,FROZEN_V1,high,Canonical identity frozen in MacronariaMatrix v1.0.0 after the multi-phase lineage and duplicate audit.
MC0346,POSTSPINAL_LAMINA_THORACIC_VERTEBRAE_NON_BIFID_SPINOUS_PROCESSES,"Postspinal lamina on thoracic vertebrae with non-bifid spinous processes (U149, C27) / absent present",Carballido et al. (2012) C12 NEXUS CHARSTATELABELS,C12:C130,provisional_distinct,,,U149; C27,,high,1,1,1,C12,no,2012,2012,0,frozen-v1.0,NOT_YET_AUDITED,,,NOT_PHASE2_TARGET,,,,FROZEN_CURRENT_ID,high,"The C12 source defines a distinct anatomical proposition, and comparison with the consolidated historical inventory did not identify a sufficiently supported equivalent. Retain the C12 canonical ID and preserve its source-reference codes.",NOT_PHASE4_DE12_TARGET,,,NOT_PHASE5_GA11_TARGET,,,NOT_PHASE6_M26_TARGET,,,FROZEN_V1,high,Canonical identity frozen in MacronariaMatrix v1.0.0 after the multi-phase lineage and duplicate audit.
MC0347,ORIENTATION_TRANSVERSE_PROCESSES_THORACIC_VERTEBRAE,"Orientation of transverse processes on thoracic vertebrae (U138, S35) / lateral_or_slightly_dorsal 'strongly dorsolateral (approximately 45º to horizontal)'",Carballido et al. (2012) C12 NEXUS CHARSTATELABELS,C12:C131,provisional_distinct,,,U138; S35,,moderate,2,2,2,C12; DE12,no,2012,2012,0,frozen-v1.0,FROZEN,high,Same thoracic diapophysis/transverse-process orientation character; polarity is reversed.,NOT_PHASE2_TARGET,,,,NOT_PHASE3_C12_TARGET,,,NOT_PHASE4_DE12_TARGET,,,NOT_PHASE5_GA11_TARGET,,,NOT_PHASE6_M26_TARGET,,,FROZEN_REAFFIRMED,high,"Accepted during Phase 1. Residual review status was a metadata carryover, not unresolved biological equivalence. The canonical identity is reaffirmed for v1.0."
MC0348,CAUDAL_MARGINS_PLEUROCOELOUS_FOSSAE_CRANIAL_THORACIC_VERTEBRAE,"Morphology of caudal margins of pleurocoelous fossae on cranial thoracic vertebrae (U127, C29) / rounded acute",Carballido et al. (2012) C12 NEXUS CHARSTATELABELS,C12:C133,provisional_distinct,,,U127; C29,,high,1,1,1,C12,no,2012,2012,0,frozen-v1.0,NOT_YET_AUDITED,,,NOT_PHASE2_TARGET,,,,FROZEN_CURRENT_ID,high,"The C12 source defines a distinct anatomical proposition, and comparison with the consolidated historical inventory did not identify a sufficiently supported equivalent. Retain the C12 canonical ID and preserve its source-reference codes.",NOT_PHASE4_DE12_TARGET,,,NOT_PHASE5_GA11_TARGET,,,NOT_PHASE6_M26_TARGET,,,FROZEN_V1,high,Canonical identity frozen in MacronariaMatrix v1.0.0 after the multi-phase lineage and duplicate audit.
MC0349,VENTRAL_SURFACES_CRANIAL_THORACIC_VERTEBRAL_BODIES,Morphology of ventral surfaces of cranial thoracic vertebral bodies (U126) / ventrally_convex flat 'with sagittal crest (creating two ventrolaterally-facing surfaces)' ventrally_concave_with_sagittal_crest_in_resultant_sulcus,Carballido et al. (2012) C12 NEXUS CHARSTATELABELS,C12:C134,provisional_distinct,,,U126,,high,1,1,1,C12,no,2012,2012,0,frozen-v1.0,NOT_YET_AUDITED,,,NOT_PHASE2_TARGET,,,,FROZEN_CURRENT_ID,high,"The C12 source defines a distinct anatomical proposition, and comparison with the consolidated historical inventory did not identify a sufficiently supported equivalent. Retain the C12 canonical ID and preserve its source-reference codes.",NOT_PHASE4_DE12_TARGET,,,NOT_PHASE5_GA11_TARGET,,,NOT_PHASE6_M26_TARGET,,,FROZEN_V1,high,Canonical identity frozen in MacronariaMatrix v1.0.0 after the multi-phase lineage and duplicate audit.
MC0350,CRANIAL_CORPOROZYGAPOPHYSEAL_LAMINA_CRANIAL_THORACIC_VERTEBRAE,Cranial corporozygapophyseal lamina on cranial thoracic vertebrae (U134) / consists_of_single_lamina 'bifurcate toward upper end (= cranial infrazygapophyseal fossa present)',Carballido et al. (2012) C12 NEXUS CHARSTATELABELS,C12:C135,provisional_distinct,,,U134,,high,1,1,1,C12,no,2012,2012,0,frozen-v1.0,NOT_YET_AUDITED,,,NOT_PHASE2_TARGET,,,,FROZEN_CURRENT_ID,high,"The C12 source defines a distinct anatomical proposition, and comparison with the consolidated historical inventory did not identify a sufficiently supported equivalent. Retain the C12 canonical ID and preserve its source-reference codes.",NOT_PHASE4_DE12_TARGET,,,NOT_PHASE5_GA11_TARGET,,,NOT_PHASE6_M26_TARGET,,,FROZEN_V1,high,Canonical identity frozen in MacronariaMatrix v1.0.0 after the multi-phase lineage and duplicate audit.
MC0352,DORSOVENTRAL_HEIGHT_VERTEBRAL_ARCH_DORSOVENTRAL_HEIGHT_THORACIC_VERTEBRA,"**Ratio of dorsoventral height of vertebral arch:dorsoventral height of thoracic vertebral body (W93, U132, C20, C24, C28, S9) / '<=1.0' '>1.0 '",Carballido et al. (2012) C12 NEXUS CHARSTATELABELS,C12:C137,historically_derived_distinct,MC0093,historically_derived_from,W93; U132; C20; C24; C28; S9,,high,1,1,1,C12,no,2012,2012,0,frozen-v1.0,NOT_YET_AUDITED,,,NOT_PHASE2_TARGET,,,,FROZEN_CURRENT_ID,high,"The C12 source defines a distinct anatomical proposition, and comparison with the consolidated historical inventory did not identify a sufficiently supported equivalent. Retain the C12 canonical ID and preserve its source-reference codes.",NOT_PHASE4_DE12_TARGET,,,NOT_PHASE5_GA11_TARGET,,,NOT_PHASE6_M26_TARGET,,,FROZEN_V1,high,Canonical identity frozen in MacronariaMatrix v1.0.0 after the multi-phase lineage and duplicate audit.
MC0353,CRANIAL_CORPOROZYGAPOPHYSEAL_LAMINA_MIDDLE_CAUDAL_THORACIC_VERTEBRAL_ARC,Morphology of cranial corporozygapophyseal lamina on middle and caudal thoracic vertebral arches (U135) / single 'bifurcate toward upper end (= cranial infrazygapophyseal fossa present)',Carballido et al. (2012) C12 NEXUS CHARSTATELABELS,C12:C138,provisional_distinct,,,U135,,high,1,1,1,C12,no,2012,2012,0,frozen-v1.0,NOT_YET_AUDITED,,,NOT_PHASE2_TARGET,,,,FROZEN_CURRENT_ID,high,"The C12 source defines a distinct anatomical proposition, and comparison with the consolidated historical inventory did not identify a sufficiently supported equivalent. Retain the C12 canonical ID and preserve its source-reference codes.",NOT_PHASE4_DE12_TARGET,,,NOT_PHASE5_GA11_TARGET,,,NOT_PHASE6_M26_TARGET,,,FROZEN_V1,high,Canonical identity frozen in MacronariaMatrix v1.0.0 after the multi-phase lineage and duplicate audit.
MC0354,DISTAL_ENDS_TRANSVERSE_PROCESSES_THORACIC_VERTEBRAE,"Morphology of the distal ends of the transverse processes in thoracic vertebrae (U140) / transitions_smoothly_and_uninterrupted_onto_dorsal_surface_of_transverse_process 'possesses distinctive, elevated area with its own dorsally-facing surface that is connected to the dorsal surface of the remaining process only by a sloping region'",Carballido et al. (2012) C12 NEXUS CHARSTATELABELS,C12:C142,provisional_distinct,,,U140,,moderate,2,2,2,C12; DE12,no,2012,2012,0,frozen-v1.0,FROZEN,moderate,Same distal thoracic transverse-process dorsal-surface morphology; DE12 uses 'flat with lip' while C12 describes an elevated dorsally facing area.,NOT_PHASE2_TARGET,,,,NOT_PHASE3_C12_TARGET,,,NOT_PHASE4_DE12_TARGET,,,NOT_PHASE5_GA11_TARGET,,,NOT_PHASE6_M26_TARGET,,,FROZEN_REAFFIRMED,high,"Accepted during Phase 1. Residual review status was a metadata carryover, not unresolved biological equivalence. The canonical identity is reaffirmed for v1.0."
MC0355,LAMINATION_CRANIAL_FACE_SPINOUS_PROCESS_MIDDLE_CAUDAL_THORACIC,"Lamination on cranial face of (non-bifid) spinous process of middle and caudal thoracic vertebrae (U148, C26) / none 'prespinal lamina present, cranial spinozygapophyseal laminae absent' 'prespinal lamina absent, cranial spinozygapophyseal laminae present' 'both prespinal and cranial spinozygapophyseal laminae present and connected to each other either directly (merging) or via accessory laminae' both_prespinal_and_cranial_spinozygapophyseal_laminae_present_but_unconnected_to_each_other",Carballido et al. (2012) C12 NEXUS CHARSTATELABELS,C12:C143,provisional_distinct,,,U148; C26,,high,1,1,1,C12,no,2012,2012,0,frozen-v1.0,NOT_YET_AUDITED,,,NOT_PHASE2_TARGET,,,,FROZEN_CURRENT_ID,high,"The C12 source defines a distinct anatomical proposition, and comparison with the consolidated historical inventory did not identify a sufficiently supported equivalent. Retain the C12 canonical ID and preserve its source-reference codes.",NOT_PHASE4_DE12_TARGET,,,NOT_PHASE5_GA11_TARGET,,,NOT_PHASE6_M26_TARGET,,,FROZEN_V1,high,Canonical identity frozen in MacronariaMatrix v1.0.0 after the multi-phase lineage and duplicate audit.
MC0356,CAUDAL_ZYGAPOPHYSES_MIDDLE_CAUDAL_THORACIC_VERTEBRAE_SUPPORTED_DORSALLY,"Caudal zygapophyses of middle and caudal thoracic vertebrae supported dorsally by (W100, W101, U147, U150) / caudal_margin_of_alaminar_spinous_process_only_or_no_dorsal_support separate_spinopostzygapophyseal_laminae_unconnected_to_postspinal_lamina_via_accessory_laminae separate_spinopostzygapophyseal_laminae_connected_to_postspinal_lamina_at_proximal_end_either_directly_or_via_accessory_laminae",Carballido et al. (2012) C12 NEXUS CHARSTATELABELS,C12:C144,merged_derived,MC0100; MC0101,merged_from,W100; W101; U147; U150,,high,1,1,1,C12,no,2012,2012,0,frozen-v1.0,NOT_YET_AUDITED,,,NOT_PHASE2_TARGET,,,,NOT_PHASE3_C12_TARGET,,,NOT_PHASE4_DE12_TARGET,,,NOT_PHASE5_GA11_TARGET,,,NOT_PHASE6_M26_TARGET,,,FROZEN_V1,high,Canonical identity frozen in MacronariaMatrix v1.0.0 after the multi-phase lineage and duplicate audit.
MC0357,SUPRANEURAL_PNEUMATIC_CAVITY_WITHIN_SOME_ALL_THORACIC_VERTEBRAL,**Supraneural pneumatic cavity within some or all thoracic vertebral arches (U141) / absent present_but_not_open_externally present_and_open_externally_via_foramen,Carballido et al. (2012) C12 NEXUS CHARSTATELABELS,C12:C147,provisional_distinct,,,U141,,high,1,1,1,C12,no,2012,2012,0,frozen-v1.0,NOT_YET_AUDITED,,,NOT_PHASE2_TARGET,,,,FROZEN_CURRENT_ID,high,"The C12 source defines a distinct anatomical proposition, and comparison with the consolidated historical inventory did not identify a sufficiently supported equivalent. Retain the C12 canonical ID and preserve its source-reference codes.",NOT_PHASE4_DE12_TARGET,,,NOT_PHASE5_GA11_TARGET,,,NOT_PHASE6_M26_TARGET,,,FROZEN_V1,high,Canonical identity frozen in MacronariaMatrix v1.0.0 after the multi-phase lineage and duplicate audit.
MC0358,CROSS_SECTIONAL_CAUDAL_THORACIC_VERTEBRAL_BODIES,Cross-sectional morphology of caudal thoracic vertebral bodies (U131) / subcircular dorsoventrally_compressed,Carballido et al. (2012) C12 NEXUS CHARSTATELABELS,C12:C151,provisional_distinct,,,U131,,high,3,3,3,C12; M19; M26,no,2012,2026,14,frozen-v1.0,NOT_YET_AUDITED,,,NOT_PHASE2_TARGET,,,,FROZEN_WITH_LATER_REDIRECT,high,Both score transverse-versus-dorsoventral proportions of posterior/caudal dorsal centra; M19/M26 express the C12 subcircular-versus-compressed condition as a width:height ratio.,NOT_PHASE4_DE12_TARGET,,,NOT_PHASE5_GA11_TARGET,,,NOT_PHASE6_M26_TARGET,,,FROZEN_V1,high,Canonical identity frozen in MacronariaMatrix v1.0.0 after the multi-phase lineage and duplicate audit.
MC0359,VENTRAL_END_CAUDAL_CORPORODIAPOPHYSEAL_LAMINA_CAUDAL_THORACIC_VERTEBRAE,Ventral end of caudal corporodiapophyseal lamina of caudal thoracic vertebrae (U142) / unexpanded expands_and_may_bifurcate,Carballido et al. (2012) C12 NEXUS CHARSTATELABELS,C12:C152,provisional_distinct,,,U142,,high,1,1,1,C12,no,2012,2012,0,frozen-v1.0,NOT_YET_AUDITED,,,NOT_PHASE2_TARGET,,,,FROZEN_CURRENT_ID,high,"The C12 source defines a distinct anatomical proposition, and comparison with the consolidated historical inventory did not identify a sufficiently supported equivalent. Retain the C12 canonical ID and preserve its source-reference codes.",NOT_PHASE4_DE12_TARGET,,,NOT_PHASE5_GA11_TARGET,,,NOT_PHASE6_M26_TARGET,,,FROZEN_V1,high,Canonical identity frozen in MacronariaMatrix v1.0.0 after the multi-phase lineage and duplicate audit.
MC0360,POSITION_TRANSVERSE_PROCESS_CAUDAL_THORACIC_VERTEBRAE,Position of transverse process on caudal thoracic vertebrae (U139) / caudal_or_caudodorsal_to_costolateral_eminence dorsal_to_costolateral_eminence,Carballido et al. (2012) C12 NEXUS CHARSTATELABELS,C12:C153,provisional_distinct,,,U139,,high,1,1,1,C12,no,2012,2012,0,frozen-v1.0,NOT_YET_AUDITED,,,NOT_PHASE2_TARGET,,,,FROZEN_CURRENT_ID,high,"The C12 source defines a distinct anatomical proposition, and comparison with the consolidated historical inventory did not identify a sufficiently supported equivalent. Retain the C12 canonical ID and preserve its source-reference codes.",NOT_PHASE4_DE12_TARGET,,,NOT_PHASE5_GA11_TARGET,,,NOT_PHASE6_M26_TARGET,,,FROZEN_V1,high,Canonical identity frozen in MacronariaMatrix v1.0.0 after the multi-phase lineage and duplicate audit.
MC0361,MEDIOLATERAL_WIDTH_ACROSS_SACRAL_VERTEBRAE_RIBS_AVERAGE_LENGTH,Ratio of maximum mediolateral width across sacral vertebrae and ribs:average length of sacral vertebral body (U164) / '<4.0' '>=4.0',Carballido et al. (2012) C12 NEXUS CHARSTATELABELS,C12:C158,provisional_distinct,,,U164,,high,3,3,3,C12; M19; M26,no,2012,2026,14,frozen-v1.0,NOT_YET_AUDITED,,,NOT_PHASE2_TARGET,,,,FROZEN_WITH_LATER_REDIRECT,high,"Definition is effectively identical: sacral mediolateral width across ribs divided by average sacral centrum length, threshold 4.0.",NOT_PHASE4_DE12_TARGET,,,NOT_PHASE5_GA11_TARGET,,,NOT_PHASE6_M26_TARGET,,,FROZEN_V1,high,Canonical identity frozen in MacronariaMatrix v1.0.0 after the multi-phase lineage and duplicate audit.
MC0362,PLEUROCOELOUS_FOSSAE_FORAMINA_SACRAL_VERTEBRAL_BODIES,Pleurocoelous fossae and/or foramina in sacral vertebral bodies (U165) / absent present,Carballido et al. (2012) C12 NEXUS CHARSTATELABELS,C12:C159,provisional_distinct,,,U165,,high,1,1,1,C12,no,2012,2012,0,frozen-v1.0,NOT_YET_AUDITED,,,NOT_PHASE2_TARGET,,,,FROZEN_CURRENT_ID,high,"The C12 source defines a distinct anatomical proposition, and comparison with the consolidated historical inventory did not identify a sufficiently supported equivalent. Retain the C12 canonical ID and preserve its source-reference codes.",NOT_PHASE4_DE12_TARGET,,,NOT_PHASE5_GA11_TARGET,,,NOT_PHASE6_M26_TARGET,,,FROZEN_V1,high,Canonical identity frozen in MacronariaMatrix v1.0.0 after the multi-phase lineage and duplicate audit.
MC0363,HEIGHT_SPINOUS_PROCESS_DORSOVENTRAL_HEIGHT_CAUDAL_ARTICULAR_FACET,"Ratio of height of spinous process:dorsoventral height of caudal articular facet of vertebral body in caudal thoracic, sacral and proximal caudal vertebrae (U166-167, C33, S19, S36) / '<2.0' '2.0-3.0' '>3.0'",Carballido et al. (2012) C12 NEXUS CHARSTATELABELS,C12:C164,provisional_distinct,,,U166-167; C33; S19; S36,,high,1,1,1,C12,no,2012,2012,0,frozen-v1.0,NOT_YET_AUDITED,,,NOT_PHASE2_TARGET,,,,FROZEN_CURRENT_ID,high,"The C12 source defines a distinct anatomical proposition, and comparison with the consolidated historical inventory did not identify a sufficiently supported equivalent. Retain the C12 canonical ID and preserve its source-reference codes.",NOT_PHASE4_DE12_TARGET,,,NOT_PHASE5_GA11_TARGET,,,NOT_PHASE6_M26_TARGET,,,FROZEN_V1,high,Canonical identity frozen in MacronariaMatrix v1.0.0 after the multi-phase lineage and duplicate audit.
MC0364,SPINOUS_PROCESS_FIRST_CAUDAL_VERTEBRA,"Spinous process of first caudal vertebra (W117) / simple_and_alaminar_or_single_fossa_on_lateral_aspect 'complex system of laminae, resembling spines of thoracics (""dorsalized"")'",Carballido et al. (2012) C12 NEXUS CHARSTATELABELS,C12:C167,historically_derived_distinct,MC0117,historically_derived_from,W117,,high,1,1,1,C12,no,2012,2012,0,frozen-v1.0,NOT_YET_AUDITED,,,NOT_PHASE2_TARGET,,,,FROZEN_CURRENT_ID,high,"The C12 source defines a distinct anatomical proposition, and comparison with the consolidated historical inventory did not identify a sufficiently supported equivalent. Retain the C12 canonical ID and preserve its source-reference codes.",NOT_PHASE4_DE12_TARGET,,,NOT_PHASE5_GA11_TARGET,,,NOT_PHASE6_M26_TARGET,,,FROZEN_V1,high,Canonical identity frozen in MacronariaMatrix v1.0.0 after the multi-phase lineage and duplicate audit.
MC0365,ARTICULAR_SURFACES_PROXIMAL_CAUDAL_VERTEBRAL_BODIES,Morphology of articular surfaces in proximal caudal vertebral bodies (U172) / subcircular dorsoventrally_compressed mediolaterally_compressed,Carballido et al. (2012) C12 NEXUS CHARSTATELABELS,C12:C169,provisional_distinct,,,U172,,high,3,3,3,C12; M19; M26,no,2012,2026,14,frozen-v1.0,NOT_YET_AUDITED,,,NOT_PHASE2_TARGET,,,,FROZEN_WITH_LATER_REDIRECT,high,Both score mediolateral-versus-dorsoventral proportions of the anterior/proximal caudal articular surface; the later binary ratio collapses C12's three shape states.,NOT_PHASE4_DE12_TARGET,,,NOT_PHASE5_GA11_TARGET,,,NOT_PHASE6_M26_TARGET,,,FROZEN_V1,high,Canonical identity frozen in MacronariaMatrix v1.0.0 after the multi-phase lineage and duplicate audit.
MC0366,PROXIMODISTAL_LENGTH_DORSOVENTRAL_HEIGHT_PROXIMAL_CAUDAL_VERTEBRAL_BODY,Ratio of proximodistal length:dorsoventral height of proximal caudal vertebral body (U177) / '>=0.6' '<0.6',Carballido et al. (2012) C12 NEXUS CHARSTATELABELS,C12:C172,provisional_distinct,,,U177,,moderate,3,3,3,C12; M19; M26,no,2012,2026,14,frozen-v1.0,NOT_YET_AUDITED,,,NOT_PHASE2_TARGET,,,,HOLD_SOURCE_REVIEW,moderate,"C12 C172 and M19/M26 MC0474 both quantify proximal/anteriormost caudal centrum elongation, but C12 uses length:dorsoventral height whereas the later character uses average elongation index with a different denominator. The biological variable is closely related, but direct source-level lineage confirmation is needed before merging.",NOT_PHASE4_DE12_TARGET,,,NOT_PHASE5_GA11_TARGET,,,NOT_PHASE6_M26_TARGET,,,FROZEN_WITH_LATER_REDIRECT,high,Earlier C12 proximal-caudal elongation concept retained; later M19/M26 average-elongation-index character redirects here.
MC0367,HYPOSPHENAL_RIDGE_PROXIMAL_CAUDAL_VERTEBRAE,Hyposphenal ridge on proximal caudal vertebrae (U187) / absent present,Carballido et al. (2012) C12 NEXUS CHARSTATELABELS,C12:C178,provisional_distinct,,,U187,,moderate,3,3,3,C12; M19; M26,no,2012,2026,14,frozen-v1.0,FROZEN,high,Same anterior/proximal caudal hyposphenal-ridge presence character; M19/M26 reverse the state polarity relative to C12.,NOT_PHASE2_TARGET,,,,NOT_PHASE3_C12_TARGET,,,NOT_PHASE4_DE12_TARGET,,,NOT_PHASE5_GA11_TARGET,,,NOT_PHASE6_M26_TARGET,,,FROZEN_REAFFIRMED,high,"Accepted during Phase 1. Residual review status was a metadata carryover, not unresolved biological equivalence. The canonical identity is reaffirmed for v1.0."
MC0368,VERTEBRAL_BODY_LENGTH_HEIGHT_MIDDLE_CAUDAL_VERTEBRAE,Ratio of vertebral body length:height in middle caudal vertebrae (U179) / '<2.0' '>=2.0',Carballido et al. (2012) C12 NEXUS CHARSTATELABELS,C12:C184,provisional_distinct,,,U179,,moderate,3,3,3,C12; M19; M26,no,2012,2026,14,frozen-v1.0,NOT_YET_AUDITED,,,NOT_PHASE2_TARGET,,,,HOLD_SOURCE_REVIEW,moderate,"C12 C184 and M19/M26 MC0476 both quantify middle-caudal centrum elongation and cite the Upchurch lineage, but C12 uses length:height while the later formulation uses average elongation index. Hold until the original source transformation is verified.",NOT_PHASE4_DE12_TARGET,,,NOT_PHASE5_GA11_TARGET,,,NOT_PHASE6_M26_TARGET,,,FROZEN_WITH_LATER_REDIRECT,high,Earlier C12 middle-caudal elongation concept retained; later M19/M26 average-elongation-index character redirects here.
MC0369,SHARP_RIDGE_LATERAL_SURFACE_MIDDLE_CAUDAL_VERTEBRAL_BODIES,Sharp ridge on lateral surface of middle caudal vertebral bodies at arch-body junction (U186) / absent present,Carballido et al. (2012) C12 NEXUS CHARSTATELABELS,C12:C185,provisional_distinct,,,U186,,high,1,1,1,C12,no,2012,2012,0,frozen-v1.0,NOT_YET_AUDITED,,,NOT_PHASE2_TARGET,,,,FROZEN_CURRENT_ID,high,"The C12 source defines a distinct anatomical proposition, and comparison with the consolidated historical inventory did not identify a sufficiently supported equivalent. Retain the C12 canonical ID and preserve its source-reference codes.",NOT_PHASE4_DE12_TARGET,,,NOT_PHASE5_GA11_TARGET,,,NOT_PHASE6_M26_TARGET,,,FROZEN_V1,high,Canonical identity frozen in MacronariaMatrix v1.0.0 after the multi-phase lineage and duplicate audit.
MC0370,PROXIMAL_ENDS_CRANIAL_THORACIC_RIBS,Morphology of proximal ends of cranial thoracic ribs (U159) / shallowly_concave_on_both_cranial_and_caudal_faces strongly_convex_cranially_and_deeply_concave_caudally,Carballido et al. (2012) C12 NEXUS CHARSTATELABELS,C12:C198,provisional_distinct,,,U159,,high,1,1,1,C12,no,2012,2012,0,frozen-v1.0,NOT_YET_AUDITED,,,NOT_PHASE2_TARGET,,,,FROZEN_CURRENT_ID,high,"The C12 source defines a distinct anatomical proposition, and comparison with the consolidated historical inventory did not identify a sufficiently supported equivalent. Retain the C12 canonical ID and preserve its source-reference codes.",NOT_PHASE4_DE12_TARGET,,,NOT_PHASE5_GA11_TARGET,,,NOT_PHASE6_M26_TARGET,,,FROZEN_V1,high,Canonical identity frozen in MacronariaMatrix v1.0.0 after the multi-phase lineage and duplicate audit.
MC0371,HAEMAL_ARCHES_MIDDLE_DISTAL_CAUDAL_VERTEBRAE,"**Morphology of haemal arches on middle and distal caudal vertebrae (W143-144, U197-198, S17) / 'simple or curve caudoventrally (forming caudal process)' develop_small_cranial_process 'cranial and caudal processes elongate so arch is proximodistally much longer than tall dorsoventrally (""skid-like"")'",Carballido et al. (2012) C12 NEXUS CHARSTATELABELS,C12:C201,merged_derived,MC0143; MC0144,merged_from,W143-144; U197-198; S17,,high,1,1,1,C12,no,2012,2012,0,frozen-v1.0,NOT_YET_AUDITED,,,NOT_PHASE2_TARGET,,,,NOT_PHASE3_C12_TARGET,,,NOT_PHASE4_DE12_TARGET,,,NOT_PHASE5_GA11_TARGET,,,NOT_PHASE6_M26_TARGET,,,FROZEN_V1,high,Canonical identity frozen in MacronariaMatrix v1.0.0 after the multi-phase lineage and duplicate audit.
MC0372,FORELIMB_HINDLIMB_LENGTH,"Ratio of forelimb:hindlimb length (W149, U214-215) / '<=0.6' '0.6-0.74' '>=0.75'",Carballido et al. (2012) C12 NEXUS CHARSTATELABELS,C12:C205,historically_derived_distinct,MC0149,historically_derived_from,W149; U214-215,,high,1,1,1,C12,no,2012,2012,0,frozen-v1.0,NOT_YET_AUDITED,,,NOT_PHASE2_TARGET,,,,FROZEN_CURRENT_ID,high,"The C12 source defines a distinct anatomical proposition, and comparison with the consolidated historical inventory did not identify a sufficiently supported equivalent. Retain the C12 canonical ID and preserve its source-reference codes.",NOT_PHASE4_DE12_TARGET,,,NOT_PHASE5_GA11_TARGET,,,NOT_PHASE6_M26_TARGET,,,FROZEN_V1,high,Canonical identity frozen in MacronariaMatrix v1.0.0 after the multi-phase lineage and duplicate audit.
MC0373,POSITION_DORSALMOST_POINT_ACROMION_PROCESS_SCAPULA,Position_of_dorsalmost_point_of_acromion_process_of_scapula / closer_to_level_of_glenoid_fossa_than_to_level_of_midpoint_of_scapular_body equidistant_between_or_closer_to_level_of_midpoint_of_scapular_body_than_to_level_of_glenoid_fossa,Carballido et al. (2012) C12 NEXUS CHARSTATELABELS,C12:C207,provisional_distinct,,,,,high,1,1,1,C12,no,2012,2012,0,frozen-v1.0,NOT_YET_AUDITED,,,NOT_PHASE2_TARGET,,,,FROZEN_CURRENT_ID,high,"The C12 source defines a distinct anatomical proposition, and comparison with the consolidated historical inventory did not identify a sufficiently supported equivalent. Retain the C12 canonical ID and preserve its source-reference codes.",NOT_PHASE4_DE12_TARGET,,,NOT_PHASE5_GA11_TARGET,,,NOT_PHASE6_M26_TARGET,,,FROZEN_V1,high,Canonical identity frozen in MacronariaMatrix v1.0.0 after the multi-phase lineage and duplicate audit.
MC0374,DELTOID_CREST,Deltoid crest (= crest of acromion process) (U201) / absent present,Carballido et al. (2012) C12 NEXUS CHARSTATELABELS,C12:C209,provisional_distinct,,,U201,,moderate,3,3,3,C12; M19; M26,no,2012,2026,14,frozen-v1.0,NOT_YET_AUDITED,,,NOT_PHASE2_TARGET,,,,FROZEN_WITH_LATER_REDIRECT,moderate,C12 scores the deltoid/acromial crest as absent/present; M19/M26 score the same acromial ridge as weak/absent versus well developed.,NOT_PHASE4_DE12_TARGET,,,NOT_PHASE5_GA11_TARGET,,,NOT_PHASE6_M26_TARGET,,,FROZEN_V1,moderate,Canonical identity frozen in MacronariaMatrix v1.0.0 after the multi-phase lineage and duplicate audit.
MC0375,PORTION_ACROMION_CAUDAL_DELTOID_CREST,Morphology of portion of acromion caudal to deltoid crest (U202) / flat_or_convex_and_decreases_in_mediolateral_thickness_toward_caudal_margin forms_distinct_fossa,Carballido et al. (2012) C12 NEXUS CHARSTATELABELS,C12:C210,provisional_distinct,,,U202,,high,3,3,3,C12; M19; M26,no,2012,2026,14,frozen-v1.0,NOT_YET_AUDITED,,,NOT_PHASE2_TARGET,,,,FROZEN_WITH_LATER_REDIRECT,high,Both score whether the scapular acromial area posterior to the deltoid/acromial ridge is flat/convex or forms a distinct fossa.,NOT_PHASE4_DE12_TARGET,,,NOT_PHASE5_GA11_TARGET,,,NOT_PHASE6_M26_TARGET,,,FROZEN_V1,high,Canonical identity frozen in MacronariaMatrix v1.0.0 after the multi-phase lineage and duplicate audit.
MC0376,DORSAL_RIDGE_MEDIAL_SURFACE_SCAPULAR_BODY,Dorsal ridge on medial surface of scapular body (U204) / absent present,Carballido et al. (2012) C12 NEXUS CHARSTATELABELS,C12:C215,provisional_distinct,,,U204,,high,3,3,3,C12; M19; M26,no,2012,2026,14,frozen-v1.0,NOT_YET_AUDITED,,,NOT_PHASE2_TARGET,,,,FROZEN_WITH_LATER_REDIRECT,high,Both score a dorsal-positioned ridge on the medial surface of the scapular blade.,NOT_PHASE4_DE12_TARGET,,,NOT_PHASE5_GA11_TARGET,,,NOT_PHASE6_M26_TARGET,,,FROZEN_V1,high,Canonical identity frozen in MacronariaMatrix v1.0.0 after the multi-phase lineage and duplicate audit.
MC0377,VENTRAL_RIDGE_MEDIAL_SURFACE_SCAPULAR_BODY,Ventral ridge on medial surface of scapular body (U205) / absent present,Carballido et al. (2012) C12 NEXUS CHARSTATELABELS,C12:C216,provisional_distinct,,,U205,,moderate,2,2,2,C12; M26,no,2012,2026,14,frozen-v1.0,FROZEN,moderate,Same ventrally positioned ridge/tuberosity on the medial scapular surface; M26 narrows the position to the proximal half.,NOT_PHASE2_TARGET,,,,NOT_PHASE3_C12_TARGET,,,NOT_PHASE4_DE12_TARGET,,,NOT_PHASE5_GA11_TARGET,,,NOT_PHASE6_M26_TARGET,,,FROZEN_REAFFIRMED,high,"Accepted during Phase 1. Residual review status was a metadata carryover, not unresolved biological equivalence. The canonical identity is reaffirmed for v1.0."
MC0378,POSITION_DORSAL_MARGIN_CORACOID_RESPECT_DORSAL_MARGIN_SCAPULA,Position of dorsal margin of coracoid with respect to dorsal margin of scapula (U207) / equal_or_dorsal_to_acromion 'ventral to acromion and separated from it by V-shaped notch',Carballido et al. (2012) C12 NEXUS CHARSTATELABELS,C12:C219,provisional_distinct,,,U207,,high,3,3,3,C12; M19; M26,no,2012,2026,14,frozen-v1.0,NOT_YET_AUDITED,,,NOT_PHASE2_TARGET,,,,FROZEN_WITH_LATER_REDIRECT,high,Same position of the coracoid dorsal margin relative to the scapular acromion; state polarity is reversed.,NOT_PHASE4_DE12_TARGET,,,NOT_PHASE5_GA11_TARGET,,,NOT_PHASE6_M26_TARGET,,,FROZEN_V1,high,Canonical identity frozen in MacronariaMatrix v1.0.0 after the multi-phase lineage and duplicate audit.
MC0379,LENGTH_STERNAL_PLATE_LENGTH_HUMERUS,Ratio of maximum length of sternal plate:length of humerus (U209) / '<0.75' '>=0.75',Carballido et al. (2012) C12 NEXUS CHARSTATELABELS,C12:C222,provisional_distinct,,,U209,,moderate,4,4,4,C12; DE12; M19; M26,no,2012,2026,14,frozen-v1.0,FROZEN,high,Same sternal-plate length:humerus length proportion with dataset-specific thresholds.,NOT_PHASE2_TARGET,,,,NOT_PHASE3_C12_TARGET,,,NOT_PHASE4_DE12_TARGET,,,NOT_PHASE5_GA11_TARGET,,,NOT_PHASE6_M26_TARGET,,,FROZEN_REAFFIRMED,high,"Accepted during Phase 1. Residual review status was a metadata carryover, not unresolved biological equivalence. The canonical identity is reaffirmed for v1.0."
MC0380,RIDGE_VENTRAL_SURFACE_STERNAL_PLATE,Ridge on ventral surface of sternal plate (U213) / absent present,Carballido et al. (2012) C12 NEXUS CHARSTATELABELS,C12:C223,provisional_distinct,,,U213,,moderate,3,3,3,C12; M19; M26,no,2012,2026,14,frozen-v1.0,FROZEN,high,Same ventral sternal-plate ridge presence character; M19/M26 localize it more precisely to the anterior end.,NOT_PHASE2_TARGET,,,,NOT_PHASE3_C12_TARGET,,,NOT_PHASE4_DE12_TARGET,,,NOT_PHASE5_GA11_TARGET,,,NOT_PHASE6_M26_TARGET,,,FROZEN_REAFFIRMED,high,"Accepted during Phase 1. Residual review status was a metadata carryover, not unresolved biological equivalence. The canonical identity is reaffirmed for v1.0."
MC0381,PROMINENT_CAUDOLATERAL_EXPANSION_STERNAL_PLATE_PRODUCING_RENIFORM_PROFIL,Prominent caudolateral expansion of sternal plate producing reniform profile in dorsal view (U211) / absent present,Carballido et al. (2012) C12 NEXUS CHARSTATELABELS,C12:C224,provisional_distinct,,,U211,,moderate,2,2,2,C12; DE12,no,2012,2012,0,frozen-v1.0,FROZEN,moderate,Same caudolateral sternal-plate expansion; C12 emphasizes the resulting reniform outline while DE12 scores the expanded posterolateral corner.,NOT_PHASE2_TARGET,,,,NOT_PHASE3_C12_TARGET,,,NOT_PHASE4_DE12_TARGET,,,NOT_PHASE5_GA11_TARGET,,,NOT_PHASE6_M26_TARGET,,,FROZEN_REAFFIRMED,high,"Accepted during Phase 1. Residual review status was a metadata carryover, not unresolved biological equivalence. The canonical identity is reaffirmed for v1.0."
MC0382,SUPRACORACOIDEUS_TUBERCULUM_PROXIMOLATERAL_PORTION_HUMERUS,Supracoracoideus tuberculum on proximolateral portion of humerus (U217) / absent present,Carballido et al. (2012) C12 NEXUS CHARSTATELABELS,C12:C226,provisional_distinct,,,U217,,moderate,3,3,3,C12; M19; M26,no,2012,2026,14,frozen-v1.0,NOT_YET_AUDITED,,,NOT_PHASE2_TARGET,,,,FROZEN_WITH_LATER_REDIRECT,moderate,Both score development of the proximolateral humeral process/tuberculum for M. supracoracoideus; M19/M26 operationalize it through proximal-margin sinuosity.,NOT_PHASE4_DE12_TARGET,,,NOT_PHASE5_GA11_TARGET,,,NOT_PHASE6_M26_TARGET,,,FROZEN_V1,moderate,Canonical identity frozen in MacronariaMatrix v1.0.0 after the multi-phase lineage and duplicate audit.
MC0383,POSITION_DELTOPECTORAL_CREST,Position of deltopectoral crest (U220) / restricted_to_lateral_edge_of_humerus expanded_medially_across_cranial_face_of_humerus,Carballido et al. (2012) C12 NEXUS CHARSTATELABELS,C12:C228,provisional_distinct,,,U220,,high,3,3,3,C12; M19; M26,no,2012,2026,14,frozen-v1.0,NOT_YET_AUDITED,,,NOT_PHASE2_TARGET,,,,FROZEN_WITH_LATER_REDIRECT,high,Same medial expansion/projection of the humeral deltopectoral crest across the anterior face.,NOT_PHASE4_DE12_TARGET,,,NOT_PHASE5_GA11_TARGET,,,NOT_PHASE6_M26_TARGET,,,FROZEN_V1,high,Canonical identity frozen in MacronariaMatrix v1.0.0 after the multi-phase lineage and duplicate audit.
MC0384,DISTOCAUDAL_SURFACE_HUMERUS,"Distocaudal surface of humerus (U221) / shallowly_concave 'deeply concave, bounded between prominent vertical ridges'",Carballido et al. (2012) C12 NEXUS CHARSTATELABELS,C12:C232,provisional_distinct,,,U221,,high,3,3,3,C12; M19; M26,no,2012,2026,14,frozen-v1.0,NOT_YET_AUDITED,,,NOT_PHASE2_TARGET,,,,FROZEN_WITH_LATER_REDIRECT,high,Same distal posterior humeral/supracondylar-fossa depth character: shallow/flat versus deeply concave between condylar ridges.,NOT_PHASE4_DE12_TARGET,,,NOT_PHASE5_GA11_TARGET,,,NOT_PHASE6_M26_TARGET,,,FROZEN_V1,high,Canonical identity frozen in MacronariaMatrix v1.0.0 after the multi-phase lineage and duplicate audit.
MC0385,ARTICULAR_SURFACE_CRANIOMEDIAL_PROCESS_ULNA_CRANIAL_VIEW,Morphology of articular surface of craniomedial process of ulna in cranial view (U224) / flat strongly_concave_on_proximal_surface,Carballido et al. (2012) C12 NEXUS CHARSTATELABELS,C12:C235,provisional_distinct,,,U224,,high,3,3,3,C12; M19; M26,no,2012,2026,14,frozen-v1.0,NOT_YET_AUDITED,,,NOT_PHASE2_TARGET,,,,FROZEN_WITH_LATER_REDIRECT,high,Same flat-versus-concave articular surface of the ulnar anteromedial/craniomedial process.,NOT_PHASE4_DE12_TARGET,,,NOT_PHASE5_GA11_TARGET,,,NOT_PHASE6_M26_TARGET,,,FROZEN_V1,high,Canonical identity frozen in MacronariaMatrix v1.0.0 after the multi-phase lineage and duplicate audit.
MC0386,DIAMETER_PROXIMAL_END_RADIUS_RADIUS_LENGTH,Ratio of maximum diameter of proximal end of radius:radius length (U225) / '<0.30' '>=0.30',Carballido et al. (2012) C12 NEXUS CHARSTATELABELS,C12:C239,provisional_distinct,,,U225,,moderate,3,3,3,C12; M19; M26,no,2012,2026,14,frozen-v1.0,FROZEN,high,Same proximal-radius maximum diameter:radius length ratio and 0.30 threshold.,NOT_PHASE2_TARGET,,,,NOT_PHASE3_C12_TARGET,,,NOT_PHASE4_DE12_TARGET,,,NOT_PHASE5_GA11_TARGET,,,NOT_PHASE6_M26_TARGET,,,FROZEN_REAFFIRMED,high,"Accepted during Phase 1. Residual review status was a metadata carryover, not unresolved biological equivalence. The canonical identity is reaffirmed for v1.0."
MC0387,TRIANGULAR_STRIATED_AREAS_LIGAMENT_ATTACHMENT_PROXIMAL_PARTS_METACARPAL,"Triangular, striated areas for ligament attachment on proximal parts of metacarpal shafts (U236) / absent present",Carballido et al. (2012) C12 NEXUS CHARSTATELABELS,C12:C247,provisional_distinct,,,U236,,high,1,1,1,C12,no,2012,2012,0,frozen-v1.0,NOT_YET_AUDITED,,,NOT_PHASE2_TARGET,,,,FROZEN_CURRENT_ID,high,"The C12 source defines a distinct anatomical proposition, and comparison with the consolidated historical inventory did not identify a sufficiently supported equivalent. Retain the C12 canonical ID and preserve its source-reference codes.",NOT_PHASE4_DE12_TARGET,,,NOT_PHASE5_GA11_TARGET,,,NOT_PHASE6_M26_TARGET,,,FROZEN_V1,high,Canonical identity frozen in MacronariaMatrix v1.0.0 after the multi-phase lineage and duplicate audit.
MC0388,LENGTH_METACARPAL_I_LENGTHS_METACARPAL_II_III,Ratio of length of metacarpal I:lengths of metacarpal II or III (whichever is longest) (U232) / '<=1.0' '>1.0 (mcI is longest metacarpal)',Carballido et al. (2012) C12 NEXUS CHARSTATELABELS,C12:C249,provisional_distinct,,,U232,,moderate,3,3,3,C12; M19; M26,no,2012,2026,14,frozen-v1.0,FROZEN,moderate,Same relative length of metacarpal I versus metacarpals II/III; C12 uses the longest comparator whereas M19/M26 average II and III when both are preserved.,NOT_PHASE2_TARGET,,,,NOT_PHASE3_C12_TARGET,,,NOT_PHASE4_DE12_TARGET,,,NOT_PHASE5_GA11_TARGET,,,NOT_PHASE6_M26_TARGET,,,FROZEN_REAFFIRMED,high,"Accepted during Phase 1. Residual review status was a metadata carryover, not unresolved biological equivalence. The canonical identity is reaffirmed for v1.0."
MC0389,LENGTH_METACARPAL_V_LENGTH_LONGEST_METACARPAL,Ratio of length of metacarpal V:length of longest metacarpal (U234) / '<0.90' '>=0.90',Carballido et al. (2012) C12 NEXUS CHARSTATELABELS,C12:C252,provisional_distinct,,,U234,,high,1,1,1,C12,no,2012,2012,0,frozen-v1.0,NOT_YET_AUDITED,,,NOT_PHASE2_TARGET,,,,FROZEN_CURRENT_ID,high,"The C12 source defines a distinct anatomical proposition, and comparison with the consolidated historical inventory did not identify a sufficiently supported equivalent. Retain the C12 canonical ID and preserve its source-reference codes.",NOT_PHASE4_DE12_TARGET,,,NOT_PHASE5_GA11_TARGET,,,NOT_PHASE6_M26_TARGET,,,FROZEN_V1,high,Canonical identity frozen in MacronariaMatrix v1.0.0 after the multi-phase lineage and duplicate audit.
MC0390,SIZE_UNGUAL_MANUAL_DIGIT_I,Size of ungual on manual digit I (U240) / 'large (at least 50% length of metacarpal I)' 'reduced (<25% length of metacarpal I) or absent',Carballido et al. (2012) C12 NEXUS CHARSTATELABELS,C12:C257,provisional_distinct,,,U240,,high,3,3,3,C12; M19; M26,no,2012,2026,14,frozen-v1.0,NOT_YET_AUDITED,,,NOT_PHASE2_TARGET,,,,FROZEN_WITH_LATER_REDIRECT,high,Same manual digit-I ungual length relative to metacarpal I; the later binary character collapses the strongly reduced/absent condition.,NOT_PHASE4_DE12_TARGET,,,NOT_PHASE5_GA11_TARGET,,,NOT_PHASE6_M26_TARGET,,,FROZEN_V1,high,Canonical identity frozen in MacronariaMatrix v1.0.0 after the multi-phase lineage and duplicate audit.
MC0391,PROJECTED_LINE_CONNECTING_ARTICULAR_SURFACES_ISCHIADIC_PUBIC_PROCESSES,Projected line (chord) connecting articular surfaces of ischiadic and pubic processes of ilium (U249) / passes_ventral_to_ventral_margin_of_postacetabular_portion_of_ilium passes_through_or_dorsal_to_ventral_edge_of_postacetabular_portion_of_ilium,Carballido et al. (2012) C12 NEXUS CHARSTATELABELS,C12:C264,provisional_distinct,,,U249,,moderate,3,3,3,C12; M19; M26,no,2012,2026,14,frozen-v1.0,FROZEN,high,Same projected line connecting iliac ischiadic and pubic articular surfaces.,NOT_PHASE2_TARGET,,,,NOT_PHASE3_C12_TARGET,,,NOT_PHASE4_DE12_TARGET,,,NOT_PHASE5_GA11_TARGET,,,NOT_PHASE6_M26_TARGET,,,FROZEN_REAFFIRMED,high,"Accepted during Phase 1. Residual review status was a metadata carryover, not unresolved biological equivalence. The canonical identity is reaffirmed for v1.0."
MC0392,BREVIS_FOSSA_POSTACETABULAR_ALA_ILIUM,Brevis fossa on postacetabular ala of ilium (U246) / present absent,Carballido et al. (2012) C12 NEXUS CHARSTATELABELS,C12:C265,provisional_distinct,,,U246,,high,1,1,1,C12,no,2012,2012,0,frozen-v1.0,NOT_YET_AUDITED,,,NOT_PHASE2_TARGET,,,,FROZEN_CURRENT_ID,high,"The C12 source defines a distinct anatomical proposition, and comparison with the consolidated historical inventory did not identify a sufficiently supported equivalent. Retain the C12 canonical ID and preserve its source-reference codes.",NOT_PHASE4_DE12_TARGET,,,NOT_PHASE5_GA11_TARGET,,,NOT_PHASE6_M26_TARGET,,,FROZEN_V1,high,Canonical identity frozen in MacronariaMatrix v1.0.0 after the multi-phase lineage and duplicate audit.
MC0393,TUBEROSITY_LATERAL_SURFACE_ILIAC_PROCESS_ISCHIUM,Tuberosity on lateral surface of iliac process of ischium (U255) / absent present,Carballido et al. (2012) C12 NEXUS CHARSTATELABELS,C12:C270,provisional_distinct,,,U255,,high,1,1,1,C12,no,2012,2012,0,frozen-v1.0,NOT_YET_AUDITED,,,NOT_PHASE2_TARGET,,,,FROZEN_CURRENT_ID,high,"The C12 source defines a distinct anatomical proposition, and comparison with the consolidated historical inventory did not identify a sufficiently supported equivalent. Retain the C12 canonical ID and preserve its source-reference codes.",NOT_PHASE4_DE12_TARGET,,,NOT_PHASE5_GA11_TARGET,,,NOT_PHASE6_M26_TARGET,,,FROZEN_V1,high,Canonical identity frozen in MacronariaMatrix v1.0.0 after the multi-phase lineage and duplicate audit.
MC0394,PROJECTED_LINE_LONG_AXIS_ISCHIUM_BODY_ARTICULATION_ILIUM,Projected line (chord) of long axis of ischium body in articulation with ilium (U259) / 'passes through lower part of acetabulum or upper part of pubic articular surface (long axis of ischium ~60º to horizontal)' 'passes through upper part of acetabular margin or approaches rim of iliac articulation (long axis of ischium ~80º to horizontal)',Carballido et al. (2012) C12 NEXUS CHARSTATELABELS,C12:C271,provisional_distinct,,,U259,,moderate,3,3,3,C12; M19; M26,no,2012,2026,14,frozen-v1.0,FROZEN,high,Same projected ischial-shaft long-axis character; M19/M26 expand the state scheme.,NOT_PHASE2_TARGET,,,,NOT_PHASE3_C12_TARGET,,,NOT_PHASE4_DE12_TARGET,,,NOT_PHASE5_GA11_TARGET,,,NOT_PHASE6_M26_TARGET,,,FROZEN_REAFFIRMED,high,"Accepted during Phase 1. Residual review status was a metadata carryover, not unresolved biological equivalence. The canonical identity is reaffirmed for v1.0."
MC0395,MEDIOLATERAL_WIDTH_CRANIOCAUDAL_THICKNESS_DISTAL_END_ISCHIUM_BODY,**Ratio of mediolateral width:craniocaudal thickness of distal end of ischium body (U260) / '<2.0' '>=2.0',Carballido et al. (2012) C12 NEXUS CHARSTATELABELS,C12:C275,provisional_distinct,,,U260,,high,1,1,1,C12,no,2012,2012,0,frozen-v1.0,NOT_YET_AUDITED,,,NOT_PHASE2_TARGET,,,,FROZEN_CURRENT_ID,high,"The C12 source defines a distinct anatomical proposition, and comparison with the consolidated historical inventory did not identify a sufficiently supported equivalent. Retain the C12 canonical ID and preserve its source-reference codes.",NOT_PHASE4_DE12_TARGET,,,NOT_PHASE5_GA11_TARGET,,,NOT_PHASE6_M26_TARGET,,,FROZEN_V1,high,Canonical identity frozen in MacronariaMatrix v1.0.0 after the multi-phase lineage and duplicate audit.
MC0396,EXPANSION_DISTAL_END_ISCHIUM_BODY,"Expansion of distal end of ischium body (U257, C44, S21) / slight strong_dorsoventrally",Carballido et al. (2012) C12 NEXUS CHARSTATELABELS,C12:C277,provisional_distinct,,,U257; C44; S21,,high,1,1,1,C12,no,2012,2012,0,frozen-v1.0,NOT_YET_AUDITED,,,NOT_PHASE2_TARGET,,,,FROZEN_CURRENT_ID,high,"The C12 source defines a distinct anatomical proposition, and comparison with the consolidated historical inventory did not identify a sufficiently supported equivalent. Retain the C12 canonical ID and preserve its source-reference codes.",NOT_PHASE4_DE12_TARGET,,,NOT_PHASE5_GA11_TARGET,,,NOT_PHASE6_M26_TARGET,,,FROZEN_V1,high,Canonical identity frozen in MacronariaMatrix v1.0.0 after the multi-phase lineage and duplicate audit.
MC0397,CRANIAL_FACE_FEMORAL_BODY_LATERAL_VIEW,Morphology of cranial face of femoral body in lateral view (U266) / convex straight,Carballido et al. (2012) C12 NEXUS CHARSTATELABELS,C12:C278,provisional_distinct,,,U266,,high,1,1,1,C12,no,2012,2012,0,frozen-v1.0,NOT_YET_AUDITED,,,NOT_PHASE2_TARGET,,,,FROZEN_CURRENT_ID,high,"The C12 source defines a distinct anatomical proposition, and comparison with the consolidated historical inventory did not identify a sufficiently supported equivalent. Retain the C12 canonical ID and preserve its source-reference codes.",NOT_PHASE4_DE12_TARGET,,,NOT_PHASE5_GA11_TARGET,,,NOT_PHASE6_M26_TARGET,,,FROZEN_V1,high,Canonical identity frozen in MacronariaMatrix v1.0.0 after the multi-phase lineage and duplicate audit.
MC0398,ORIENTATION_FEMORAL_CAPUT_CRANIAL_VIEW,Orientation of femoral caput in cranial view (U263) / medial_or_ventromedial dorsomedial,Carballido et al. (2012) C12 NEXUS CHARSTATELABELS,C12:C279,provisional_distinct,,,U263,,high,3,3,3,C12; M19; M26,no,2012,2026,14,frozen-v1.0,NOT_YET_AUDITED,,,NOT_PHASE2_TARGET,,,,FROZEN_WITH_LATER_REDIRECT,high,Same femoral-head/caput projection in anterior/cranial view: medial versus dorsomedial.,NOT_PHASE4_DE12_TARGET,,,NOT_PHASE5_GA11_TARGET,,,NOT_PHASE6_M26_TARGET,,,FROZEN_V1,high,Canonical identity frozen in MacronariaMatrix v1.0.0 after the multi-phase lineage and duplicate audit.
MC0399,POSITION_DISTAL_TIP_FOURTH_TROCHANTER,Position of distal tip of fourth trochanter (U267) / lies_above_midshaft_height lies_at_or_below_midshaft_height,Carballido et al. (2012) C12 NEXUS CHARSTATELABELS,C12:C282,provisional_distinct,,,U267,,high,1,1,1,C12,no,2012,2012,0,frozen-v1.0,NOT_YET_AUDITED,,,NOT_PHASE2_TARGET,,,,FROZEN_CURRENT_ID,high,"The C12 source defines a distinct anatomical proposition, and comparison with the consolidated historical inventory did not identify a sufficiently supported equivalent. Retain the C12 canonical ID and preserve its source-reference codes.",NOT_PHASE4_DE12_TARGET,,,NOT_PHASE5_GA11_TARGET,,,NOT_PHASE6_M26_TARGET,,,FROZEN_V1,high,Canonical identity frozen in MacronariaMatrix v1.0.0 after the multi-phase lineage and duplicate audit.
MC0400,MIDDLE_DISTAL_PORTION_FEMORAL_BODY_CRANIAL_VIEW,Morphology of middle and distal portion of femoral body in cranial view (U264) / sigmoid straight,Carballido et al. (2012) C12 NEXUS CHARSTATELABELS,C12:C286,provisional_distinct,,,U264,,high,1,1,1,C12,no,2012,2012,0,frozen-v1.0,NOT_YET_AUDITED,,,NOT_PHASE2_TARGET,,,,FROZEN_CURRENT_ID,high,"The C12 source defines a distinct anatomical proposition, and comparison with the consolidated historical inventory did not identify a sufficiently supported equivalent. Retain the C12 canonical ID and preserve its source-reference codes.",NOT_PHASE4_DE12_TARGET,,,NOT_PHASE5_GA11_TARGET,,,NOT_PHASE6_M26_TARGET,,,FROZEN_V1,high,Canonical identity frozen in MacronariaMatrix v1.0.0 after the multi-phase lineage and duplicate audit.
MC0401,TIBIA_FEMUR_LENGTH,Ratio of tibia:femur length (U273) / '>=0.70' '<0.70',Carballido et al. (2012) C12 NEXUS CHARSTATELABELS,C12:C290,provisional_distinct,,,U273,,moderate,3,3,3,C12; M19; M26,no,2012,2026,14,frozen-v1.0,FROZEN,high,Same tibia:femur length ratio; threshold changes from 0.70 to 0.60 do not change the underlying biological variable.,NOT_PHASE2_TARGET,,,,NOT_PHASE3_C12_TARGET,,,NOT_PHASE4_DE12_TARGET,,,NOT_PHASE5_GA11_TARGET,,,NOT_PHASE6_M26_TARGET,,,FROZEN_REAFFIRMED,high,"Accepted during Phase 1. Residual review status was a metadata carryover, not unresolved biological equivalence. The canonical identity is reaffirmed for v1.0."
MC0402,TIBIAL_CNEMIAL_CREST,Tibial cnemial crest (U275) / prominent reduced_to_low_ridge,Carballido et al. (2012) C12 NEXUS CHARSTATELABELS,C12:C292,provisional_distinct,,,U275,,high,1,1,1,C12,no,2012,2012,0,frozen-v1.0,NOT_YET_AUDITED,,,NOT_PHASE2_TARGET,,,,FROZEN_CURRENT_ID,high,"The C12 source defines a distinct anatomical proposition, and comparison with the consolidated historical inventory did not identify a sufficiently supported equivalent. Retain the C12 canonical ID and preserve its source-reference codes.",NOT_PHASE4_DE12_TARGET,,,NOT_PHASE5_GA11_TARGET,,,NOT_PHASE6_M26_TARGET,,,FROZEN_V1,high,Canonical identity frozen in MacronariaMatrix v1.0.0 after the multi-phase lineage and duplicate audit.
MC0403,CRANIOCAUDAL_DIMENSION_ASTRAGALUS_DORSAL_VIEW,Craniocaudal dimension of astragalus as seen in dorsal view (U285) / widens_medially narrows_medially,Carballido et al. (2012) C12 NEXUS CHARSTATELABELS,C12:C301,provisional_distinct,,,U285,,high,3,3,3,C12; M19; M26,no,2012,2026,14,frozen-v1.0,NOT_YET_AUDITED,,,NOT_PHASE2_TARGET,,,,FROZEN_WITH_LATER_REDIRECT,high,Same astragalar dorsal-view shape: approximately rectangular versus narrowing anteroposteriorly toward the medial side.,NOT_PHASE4_DE12_TARGET,,,NOT_PHASE5_GA11_TARGET,,,NOT_PHASE6_M26_TARGET,,,FROZEN_V1,high,Canonical identity frozen in MacronariaMatrix v1.0.0 after the multi-phase lineage and duplicate audit.
MC0404,VENTRAL_SURFACE_ASTRAGALUS,Morphology of ventral surface of astragalus (U282) / flat_or_slightly_concave_mediolaterally convex_mediolaterally,Carballido et al. (2012) C12 NEXUS CHARSTATELABELS,C12:C302,provisional_distinct,,,U282,,high,1,1,1,C12,no,2012,2012,0,frozen-v1.0,NOT_YET_AUDITED,,,NOT_PHASE2_TARGET,,,,FROZEN_CURRENT_ID,high,"The C12 source defines a distinct anatomical proposition, and comparison with the consolidated historical inventory did not identify a sufficiently supported equivalent. Retain the C12 canonical ID and preserve its source-reference codes.",NOT_PHASE4_DE12_TARGET,,,NOT_PHASE5_GA11_TARGET,,,NOT_PHASE6_M26_TARGET,,,FROZEN_V1,high,Canonical identity frozen in MacronariaMatrix v1.0.0 after the multi-phase lineage and duplicate audit.
MC0405,SIZE_METATARSAL_I,"Size of metatarsal I (W221, U292) / 'slender, reduced, or absent' 'robust (ratio of length:mediolateral width of proximal end <=1.5)'",Carballido et al. (2012) C12 NEXUS CHARSTATELABELS,C12:C313,historically_derived_distinct,MC0221,historically_derived_from,W221; U292,,high,1,1,1,C12,no,2012,2012,0,frozen-v1.0,NOT_YET_AUDITED,,,NOT_PHASE2_TARGET,,,,FROZEN_CURRENT_ID,high,"The C12 source defines a distinct anatomical proposition, and comparison with the consolidated historical inventory did not identify a sufficiently supported equivalent. Retain the C12 canonical ID and preserve its source-reference codes.",NOT_PHASE4_DE12_TARGET,,,NOT_PHASE5_GA11_TARGET,,,NOT_PHASE6_M26_TARGET,,,FROZEN_V1,high,Canonical identity frozen in MacronariaMatrix v1.0.0 after the multi-phase lineage and duplicate audit.
MC0406,RUGOSITIES_DISTAL_PARTS_DORSOLATERAL_PORTIONS_BODIES_METATARSALS_I,Rugosities on distal parts of dorsolateral portions of bodies of metatarsals I-III (U294) / absent present,Carballido et al. (2012) C12 NEXUS CHARSTATELABELS,C12:C314,provisional_distinct,,,U294,,high,3,3,3,C12; M19; M26,no,2012,2026,14,frozen-v1.0,NOT_YET_AUDITED,,,NOT_PHASE2_TARGET,,,,FROZEN_WITH_LATER_REDIRECT,high,"Same distal dorsolateral rugosities on metatarsals I–III, absent versus present.",NOT_PHASE4_DE12_TARGET,,,NOT_PHASE5_GA11_TARGET,,,NOT_PHASE6_M26_TARGET,,,FROZEN_V1,high,Canonical identity frozen in MacronariaMatrix v1.0.0 after the multi-phase lineage and duplicate audit.
MC0407,RELATIONSHIP_PLANTAR_PROXIMAL_SURFACE_PEDAL_PHALANX_I_1,Relationship of plantar to proximal surface of pedal phalanx I-1 (U301) / meet_at_~90°_angle 'meet at acute angle (area drawn into thin plate that projects caudal to distal condyles of metatarsal I)',Carballido et al. (2012) C12 NEXUS CHARSTATELABELS,C12:C319,provisional_distinct,,,U301,,high,3,3,3,C12; M19; M26,no,2012,2026,14,frozen-v1.0,NOT_YET_AUDITED,,,NOT_PHASE2_TARGET,,,,FROZEN_WITH_LATER_REDIRECT,high,"Same relationship of the proximal and plantar/ventral surfaces of pedal phalanx I-1, including the thin proximoventral plate.",NOT_PHASE4_DE12_TARGET,,,NOT_PHASE5_GA11_TARGET,,,NOT_PHASE6_M26_TARGET,,,FROZEN_V1,high,Canonical identity frozen in MacronariaMatrix v1.0.0 after the multi-phase lineage and duplicate audit.
MC0408,COLLATERAL_LIGAMENT_FOVEAE_NON_UNGUAL_PEDAL_PHALANGES,Collateral ligament foveae on non-ungual pedal phalanges (U302) / present absent,Carballido et al. (2012) C12 NEXUS CHARSTATELABELS,C12:C320,provisional_distinct,,,U302,,high,1,1,1,C12,no,2012,2012,0,frozen-v1.0,NOT_YET_AUDITED,,,NOT_PHASE2_TARGET,,,,FROZEN_CURRENT_ID,high,"The C12 source defines a distinct anatomical proposition, and comparison with the consolidated historical inventory did not identify a sufficiently supported equivalent. Retain the C12 canonical ID and preserve its source-reference codes.",NOT_PHASE4_DE12_TARGET,,,NOT_PHASE5_GA11_TARGET,,,NOT_PHASE6_M26_TARGET,,,FROZEN_V1,high,Canonical identity frozen in MacronariaMatrix v1.0.0 after the multi-phase lineage and duplicate audit.
MC0409,PEDAL_PHALANX_II_2,"Morphology of pedal phalanx II-2 (U303) / square_or_rectangular_in_dorsal_view 'reduced craniocaudally, irregular in shape, and semicircular in dorsal view'",Carballido et al. (2012) C12 NEXUS CHARSTATELABELS,C12:C323,provisional_distinct,,,U303,,high,1,1,1,C12,no,2012,2012,0,frozen-v1.0,NOT_YET_AUDITED,,,NOT_PHASE2_TARGET,,,,FROZEN_CURRENT_ID,high,"The C12 source defines a distinct anatomical proposition, and comparison with the consolidated historical inventory did not identify a sufficiently supported equivalent. Retain the C12 canonical ID and preserve its source-reference codes.",NOT_PHASE4_DE12_TARGET,,,NOT_PHASE5_GA11_TARGET,,,NOT_PHASE6_M26_TARGET,,,FROZEN_V1,high,Canonical identity frozen in MacronariaMatrix v1.0.0 after the multi-phase lineage and duplicate audit.
MC0410,NUMBER_PHALANGES_PEDAL_DIGIT_IV,Number of phalanges on pedal digit IV (U299-300) / '>=4' 3 '<=2',Carballido et al. (2012) C12 NEXUS CHARSTATELABELS,C12:C324,provisional_distinct,,,U299-300,,moderate,3,3,3,C12; M19; M26,no,2012,2026,14,frozen-v1.0,FROZEN,high,Same number-of-phalanges character for pedal digit IV; later matrices collapse state bins.,NOT_PHASE2_TARGET,,,,NOT_PHASE3_C12_TARGET,,,NOT_PHASE4_DE12_TARGET,,,NOT_PHASE5_GA11_TARGET,,,NOT_PHASE6_M26_TARGET,,,FROZEN_REAFFIRMED,high,"Accepted during Phase 1. Residual review status was a metadata carryover, not unresolved biological equivalence. The canonical identity is reaffirmed for v1.0."
MC0411,PUBIC_PEDUNCLE_ILIUM,Pubic_peduncle_of_the_ilium / short elongated,Carballido et al. (2012) C12 NEXUS CHARSTATELABELS,C12:C332,provisional_distinct,,,,,high,1,1,1,C12,no,2012,2012,0,frozen-v1.0,NOT_YET_AUDITED,,,NOT_PHASE2_TARGET,,,,FROZEN_CURRENT_ID,high,"The C12 source defines a distinct anatomical proposition, and comparison with the consolidated historical inventory did not identify a sufficiently supported equivalent. Retain the C12 canonical ID and preserve its source-reference codes.",NOT_PHASE4_DE12_TARGET,,,NOT_PHASE5_GA11_TARGET,,,NOT_PHASE6_M26_TARGET,,,FROZEN_V1,high,Canonical identity frozen in MacronariaMatrix v1.0.0 after the multi-phase lineage and duplicate audit.
MC0412,POSTERIOR_NOTCH_ISCHIADIC_PEDUNCLE_POSTACETABULAR_LOBE_ILIUM,Posterior_notch_between_ischiadic_peduncle_and_postacetabular_lobe_of_ilium / subtle deep,Carballido et al. (2012) C12 NEXUS CHARSTATELABELS,C12:C333,provisional_distinct,,,,,high,1,1,1,C12,no,2012,2012,0,frozen-v1.0,NOT_YET_AUDITED,,,NOT_PHASE2_TARGET,,,,FROZEN_CURRENT_ID,high,"The C12 source defines a distinct anatomical proposition, and comparison with the consolidated historical inventory did not identify a sufficiently supported equivalent. Retain the C12 canonical ID and preserve its source-reference codes.",NOT_PHASE4_DE12_TARGET,,,NOT_PHASE5_GA11_TARGET,,,NOT_PHASE6_M26_TARGET,,,FROZEN_V1,high,Canonical identity frozen in MacronariaMatrix v1.0.0 after the multi-phase lineage and duplicate audit.
MC0413,DISTINCT_TUBERCLE_POSTACETABULAR_REGION_ILIUM,Distinct_tubercle_in_the_postacetabular_region_in_the_ilium / absent present,Carballido et al. (2012) C12 NEXUS CHARSTATELABELS,C12:C334,provisional_distinct,,,,,high,1,1,1,C12,no,2012,2012,0,frozen-v1.0,NOT_YET_AUDITED,,,NOT_PHASE2_TARGET,,,,FROZEN_CURRENT_ID,high,"The C12 source defines a distinct anatomical proposition, and comparison with the consolidated historical inventory did not identify a sufficiently supported equivalent. Retain the C12 canonical ID and preserve its source-reference codes.",NOT_PHASE4_DE12_TARGET,,,NOT_PHASE5_GA11_TARGET,,,NOT_PHASE6_M26_TARGET,,,FROZEN_V1,high,Canonical identity frozen in MacronariaMatrix v1.0.0 after the multi-phase lineage and duplicate audit.
MC0414,PREMAXILLA_MAXILLA_SUTURE,"Premaxilla–maxilla suture, shape: planar (0); twisted along its length, giving the contact a sinuous appearance in lateral view (1). (Chure et al., 2010.)",D'Emic (2012) character list,DE12:C2,provisional_distinct,,,"Chure et al., 2010.",,high,3,3,3,DE12; M19; M26,no,2012,2026,14,frozen-v1.0,FROZEN,high,Same straight/planar versus sinuous/twisted premaxilla-maxilla suture character.,NOT_PHASE2_TARGET,,,,NOT_PHASE3_C12_TARGET,,,NOT_PHASE4_DE12_TARGET,,,NOT_PHASE5_GA11_TARGET,,,NOT_PHASE6_M26_TARGET,,,FROZEN_REAFFIRMED,high,"Accepted during Phase 1. Residual review status was a metadata carryover, not unresolved biological equivalence. The canonical identity is reaffirmed for v1.0."
MC0415,PREMAXILLA_SMALL_FINGER_LIKE_VERTICALLY_ORIEN_TATED_PREMAXILLARY,"Premaxilla, small, finger-like, vertically orien- tated premaxillary process near anteromedial corner of external naris: absent (0); present (1).",D'Emic (2012) character list,DE12:C3,provisional_distinct,,,,,high,1,1,1,DE12,no,2012,2012,0,frozen-v1.0,NOT_YET_AUDITED,,,NOT_PHASE2_TARGET,,,,NOT_PHASE3_C12_TARGET,,,FROZEN_CURRENT_ID,high,DE12 defines a distinct anatomical proposition and no existing concept is sufficiently equivalent to justify a redirect. Retain the current ID; related regional or structural characters remain separate.,NOT_PHASE5_GA11_TARGET,,,NOT_PHASE6_M26_TARGET,,,FROZEN_V1,high,Canonical identity frozen in MacronariaMatrix v1.0.0 after the multi-phase lineage and duplicate audit.
MC0416,LACRIMAL_ANTERIORLY_PROJECTING_VERTICAL_PLATE_BONE,"Lacrimal, anteriorly projecting vertical plate of bone: absent (0); present (1). (Modified from Chure et al., 2010.)",D'Emic (2012) character list,DE12:C4,provisional_distinct,,,"Modified from Chure et al., 2010.",MC0011,high,1,1,1,DE12,no,2012,2012,0,frozen-v1.0,NOT_YET_AUDITED,,,NOT_PHASE2_TARGET,,,,NOT_PHASE3_C12_TARGET,,,FROZEN_CURRENT_ID,high,DE12 defines a distinct anatomical proposition and no existing concept is sufficiently equivalent to justify a redirect. Retain the current ID; related regional or structural characters remain separate.,NOT_PHASE5_GA11_TARGET,,,NOT_PHASE6_M26_TARGET,,,FROZEN_V1,high,Canonical identity frozen in MacronariaMatrix v1.0.0 after the multi-phase lineage and duplicate audit.
MC0417,QUADRADOJUGAL_ANTERIOR_RAMUS_VENTRAL_TRIANGU_LAR_PROJECTION,"Quadradojugal, anterior ramus, ventral triangu- lar projection: absent (0); present (1).",D'Emic (2012) character list,DE12:C9,provisional_distinct,,,,MC0314; MC0315,high,1,1,1,DE12,no,2012,2012,0,frozen-v1.0,NOT_YET_AUDITED,,,NOT_PHASE2_TARGET,,,,NOT_PHASE3_C12_TARGET,,,FROZEN_CURRENT_ID,high,DE12 defines a distinct anatomical proposition and no existing concept is sufficiently equivalent to justify a redirect. Retain the current ID; related regional or structural characters remain separate.,NOT_PHASE5_GA11_TARGET,,,NOT_PHASE6_M26_TARGET,,,FROZEN_V1,high,Canonical identity frozen in MacronariaMatrix v1.0.0 after the multi-phase lineage and duplicate audit.
MC0418,MAXILLARY_TEETH,"Maxillary teeth, shape: straight along axis (0); twisted axially through an arc of 30-45° (1). (Modified from Chure et al., 2010.)",D'Emic (2012) character list,DE12:C15,provisional_distinct,,,"Modified from Chure et al., 2010.",,high,3,3,3,DE12; M19; M26,no,2012,2026,14,frozen-v1.0,FROZEN,high,"Definition is effectively identical across DE12, M19 and M26: axial twisting of maxillary teeth.",NOT_PHASE2_TARGET,,,,NOT_PHASE3_C12_TARGET,,,NOT_PHASE4_DE12_TARGET,,,NOT_PHASE5_GA11_TARGET,,,NOT_PHASE6_M26_TARGET,,,FROZEN_REAFFIRMED,high,"Accepted during Phase 1. Residual review status was a metadata carryover, not unresolved biological equivalence. The canonical identity is reaffirmed for v1.0."
MC0419,AXIS_CENTRUM,"Axis, centrum, shape: over two and a half times as long as tall (0); less than twice as long as tall (1).",D'Emic (2012) character list,DE12:C20,provisional_distinct,,,,,high,1,1,1,DE12,no,2012,2012,0,frozen-v1.0,NOT_YET_AUDITED,,,NOT_PHASE2_TARGET,,,,NOT_PHASE3_C12_TARGET,,,FROZEN_CURRENT_ID,high,DE12 defines a distinct anatomical proposition and no existing concept is sufficiently equivalent to justify a redirect. Retain the current ID; related regional or structural characters remain separate.,NOT_PHASE5_GA11_TARGET,,,NOT_PHASE6_M26_TARGET,,,FROZEN_V1,high,Canonical identity frozen in MacronariaMatrix v1.0.0 after the multi-phase lineage and duplicate audit.
MC0420,CERVICAL_EPIPOPHYSES,"Cervical vertebrae, epipophyses, shape: stout, pillar-like expansions above postzygapophyses (0); posteriorly projecting prongs (1).",D'Emic (2012) character list,DE12:C24,provisional_distinct,,,,,high,3,3,3,DE12; M19; M26,no,2012,2026,14,frozen-v1.0,NOT_YET_AUDITED,,,NOT_PHASE2_TARGET,,,,NOT_PHASE3_C12_TARGET,,,FROZEN_WITH_LATER_REDIRECT,high,M19/M26 explicitly cite D'Emic (2012) and operationalize the same epiphyseal shape/extension variable as projecting posterior prongs versus stout/non-projecting epipophyses.,NOT_PHASE5_GA11_TARGET,,,NOT_PHASE6_M26_TARGET,,,FROZEN_V1,high,Canonical identity frozen in MacronariaMatrix v1.0.0 after the multi-phase lineage and duplicate audit.
MC0421,CERVICAL_EPIPOPHYSEAL_PREZYGAPOPHY_SEAL_LAMINA,"Cervical vertebrae, epipophyseal prezygapophy- seal lamina, morphology: thin lamina passing nearly horizontally across the neural arch (0); thick, subvertically orientated strut that joins the spinopostzygapophyseal lamina at the neural spine (1).",D'Emic (2012) character list,DE12:C25,provisional_distinct,,,,,high,1,1,1,DE12,no,2012,2012,0,frozen-v1.0,NOT_YET_AUDITED,,,NOT_PHASE2_TARGET,,,,NOT_PHASE3_C12_TARGET,,,FROZEN_CURRENT_ID,high,DE12 defines a distinct anatomical proposition and no existing concept is sufficiently equivalent to justify a redirect. Retain the current ID; related regional or structural characters remain separate.,NOT_PHASE5_GA11_TARGET,,,NOT_PHASE6_M26_TARGET,,,FROZEN_V1,high,Canonical identity frozen in MacronariaMatrix v1.0.0 after the multi-phase lineage and duplicate audit.
MC0422,CERVICAL_INTRAPOSTZYGAPOPHYSEAL_LAMINA,"Cervical vertebrae, intrapostzygapophyseal lamina, shape: has little or no relief past margin of centropostzygapophyseal lamina (cpol) when viewed laterally (0); projects beyond cpol in lateral view, with distinct ‘kink’ (1).",D'Emic (2012) character list,DE12:C26,provisional_distinct,,,,,high,3,3,3,DE12; M19; M26,no,2012,2026,14,frozen-v1.0,NOT_YET_AUDITED,,,NOT_PHASE2_TARGET,,,,NOT_PHASE3_C12_TARGET,,,FROZEN_WITH_LATER_REDIRECT,high,M19/M26 explicitly cite D'Emic (2012) and score the same intrapostzygapophyseal lamina projecting beyond the CPOL/posterior neural-arch margin.,NOT_PHASE5_GA11_TARGET,,,NOT_PHASE6_M26_TARGET,,,FROZEN_V1,high,Canonical identity frozen in MacronariaMatrix v1.0.0 after the multi-phase lineage and duplicate audit.
MC0423,MIDDLE_CERVICAL_NEURAL_CANAL,"Middle cervical vertebrae, neural canal, shape: roughly same diameter throughout length (0); mediolaterally narrows towards mid-length of vertebra (1). (Curry Rogers, 2005.)",D'Emic (2012) character list,DE12:C27,provisional_distinct,,,"Curry Rogers, 2005.",,high,1,1,1,DE12,no,2012,2012,0,frozen-v1.0,NOT_YET_AUDITED,,,NOT_PHASE2_TARGET,,,,NOT_PHASE3_C12_TARGET,,,FROZEN_CURRENT_ID,high,DE12 defines a distinct anatomical proposition and no existing concept is sufficiently equivalent to justify a redirect. Retain the current ID; related regional or structural characters remain separate.,NOT_PHASE5_GA11_TARGET,,,NOT_PHASE6_M26_TARGET,,,FROZEN_V1,high,Canonical identity frozen in MacronariaMatrix v1.0.0 after the multi-phase lineage and duplicate audit.
MC0424,MIDDLE_POSTERIOR_CERVICAL_PARAPO_PHYSES,"Middle and posterior cervical vertebrae, parapo- physes, shape: subcircular or only slightly longer than tall (0); elongate, making up more than half the functional centrum length in posterior cervi- cal vertebrae (1).",D'Emic (2012) character list,DE12:C28,provisional_distinct,,,,,high,1,1,1,DE12,no,2012,2012,0,frozen-v1.0,NOT_YET_AUDITED,,,NOT_PHASE2_TARGET,,,,NOT_PHASE3_C12_TARGET,,,FROZEN_CURRENT_ID,high,DE12 defines a distinct anatomical proposition and no existing concept is sufficiently equivalent to justify a redirect. Retain the current ID; related regional or structural characters remain separate.,NOT_PHASE5_GA11_TARGET,,,NOT_PHASE6_M26_TARGET,,,FROZEN_V1,high,Canonical identity frozen in MacronariaMatrix v1.0.0 after the multi-phase lineage and duplicate audit.
MC0425,CERVICAL_PARAPOPHYSES_ORI_ENTATION,"Cervical vertebrae, parapophyses, shape and ori- entation: weakly developed, project laterally or slightly ventrally from the centrum (0); broad and project ventrally such that cervical ribs are displaced ventrally more than the height of the centrum (1). (Modified from Wilson & Upchurch, 2009.)",D'Emic (2012) character list,DE12:C29,provisional_distinct,,,"Modified from Wilson & Upchurch, 2009.",,high,3,3,3,DE12; M19; M26,no,2012,2026,14,frozen-v1.0,NOT_YET_AUDITED,,,NOT_PHASE2_TARGET,,,,NOT_PHASE3_C12_TARGET,,,FROZEN_WITH_LATER_REDIRECT,high,Both score middle-posterior cervical parapophyseal orientation and the associated ventral displacement of cervical ribs; M19/M26 explicitly cite D'Emic (2012).,NOT_PHASE5_GA11_TARGET,,,NOT_PHASE6_M26_TARGET,,,FROZEN_V1,high,Canonical identity frozen in MacronariaMatrix v1.0.0 after the multi-phase lineage and duplicate audit.
MC0426,POSTERIOR_CERVICAL_ANTERIOR_DORSAL_NEURAL_SPINES_HEIGHT,"Posterior cervical and anterior dorsal vertebrae, neural spines, height: tall, height approaches or exceeds centrum height (0); very short, height less than centrum height (1).",D'Emic (2012) character list,DE12:C30,provisional_distinct,,,,MC0268; MC0274,moderate,3,3,3,DE12; M19; M26,no,2012,2026,14,frozen-v1.0,FROZEN,high,Same posterior cervical/anterior dorsal neural-spine height relative to centrum height.,NOT_PHASE2_TARGET,,,,NOT_PHASE3_C12_TARGET,,,NOT_PHASE4_DE12_TARGET,,,NOT_PHASE5_GA11_TARGET,,,NOT_PHASE6_M26_TARGET,,,FROZEN_REAFFIRMED,high,"Accepted during Phase 1. Residual review status was a metadata carryover, not unresolved biological equivalence. The canonical identity is reaffirmed for v1.0."
MC0427,POSTERIOR_CERVICAL_ANTERIOR_DORSAL_SPINODIAPOPHYSEAL_LAMINAE_SINGLE,"Posterior cervical and anterior dorsal vertebrae, spinodiapophyseal laminae (spdl) single (0); divided, with low relief on the front of the neural spine (1). (Modified from Salgado et al., 1997.)",D'Emic (2012) character list,DE12:C31,provisional_distinct,,,"Modified from Salgado et al., 1997.",MC0099,moderate,3,3,3,DE12; M19; M26,no,2012,2026,14,frozen-v1.0,FROZEN,high,Same single versus divided spinodiapophyseal-lamina character in posterior cervical/anterior dorsal vertebrae.,NOT_PHASE2_TARGET,,,,NOT_PHASE3_C12_TARGET,,,NOT_PHASE4_DE12_TARGET,,,NOT_PHASE5_GA11_TARGET,,,NOT_PHASE6_M26_TARGET,,,FROZEN_REAFFIRMED,high,"Accepted during Phase 1. Residual review status was a metadata carryover, not unresolved biological equivalence. The canonical identity is reaffirmed for v1.0."
MC0428,POSTERIOR_MOST_CERVICAL_REGION_BETWEEN_CENTRUM_PREZYGAPOPHYSES_HEIGHT,"Posterior-most cervical vertebrae, region between centrum and prezygapophyses, height: tall, around centrum height (0); low, much less than centrum height (1). (Bonaparte et al., 2006.)",D'Emic (2012) character list,DE12:C34,provisional_distinct,,,"Bonaparte et al., 2006.",MC0269,high,1,1,1,DE12,no,2012,2012,0,frozen-v1.0,NOT_YET_AUDITED,,,NOT_PHASE2_TARGET,,,,NOT_PHASE3_C12_TARGET,,,FROZEN_CURRENT_ID,high,DE12 defines a distinct anatomical proposition and no existing concept is sufficiently equivalent to justify a redirect. Retain the current ID; related regional or structural characters remain separate.,NOT_PHASE5_GA11_TARGET,,,NOT_PHASE6_M26_TARGET,,,FROZEN_V1,high,Canonical identity frozen in MacronariaMatrix v1.0.0 after the multi-phase lineage and duplicate audit.
MC0429,ANTERIOR_DORSAL_NEURAL_SPINES,"Anterior dorsal vertebrae, neural spines, shape: taper along their length (0), expand distally and end in a rounded, anteroposteriorly thin blade (‘paddle-shaped’) (1).",D'Emic (2012) character list,DE12:C35,provisional_distinct,,,,MC0102,high,3,3,3,DE12; M19; M26,no,2012,2026,14,frozen-v1.0,NOT_YET_AUDITED,,,NOT_PHASE2_TARGET,,,,NOT_PHASE3_C12_TARGET,,,FROZEN_WITH_LATER_REDIRECT,high,Same paddle-shaped dorsally expanded neural-spine morphology; M19/M26 explicitly cite D'Emic (2012) and extend the scope to the posteriormost cervical/anterior dorsal transition.,NOT_PHASE5_GA11_TARGET,,,NOT_PHASE6_M26_TARGET,,,FROZEN_V1,high,Canonical identity frozen in MacronariaMatrix v1.0.0 after the multi-phase lineage and duplicate audit.
MC0430,MIDDLE_DORSAL_POSTERIOR_CENTRODIAPO_PHYSEAL_LAMINA,"Middle dorsal vertebrae, posterior centrodiapo- physeal lamina: single (0); double, with low relief (1).",D'Emic (2012) character list,DE12:C36,provisional_distinct,,,,MC0277,high,1,1,1,DE12,no,2012,2012,0,frozen-v1.0,NOT_YET_AUDITED,,,NOT_PHASE2_TARGET,,,,NOT_PHASE3_C12_TARGET,,,FROZEN_CURRENT_ID,high,DE12 defines a distinct anatomical proposition and no existing concept is sufficiently equivalent to justify a redirect. Retain the current ID; related regional or structural characters remain separate.,NOT_PHASE5_GA11_TARGET,,,NOT_PHASE6_M26_TARGET,,,FROZEN_V1,high,Canonical identity frozen in MacronariaMatrix v1.0.0 after the multi-phase lineage and duplicate audit.
MC0431,MIDDLE_POSTERIOR_DORSAL_DIAPOPHY_SES,"Middle and posterior dorsal vertebrae, diapophy- ses, shape: short and dorsoventrally tall (0); long and dorsoventrally short, rod-like (1). (Janensch, 1950.)",D'Emic (2012) character list,DE12:C40,provisional_distinct,,,"Janensch, 1950.",MC0354,high,1,1,1,DE12,no,2012,2012,0,frozen-v1.0,NOT_YET_AUDITED,,,NOT_PHASE2_TARGET,,,,NOT_PHASE3_C12_TARGET,,,FROZEN_CURRENT_ID,high,DE12 defines a distinct anatomical proposition and no existing concept is sufficiently equivalent to justify a redirect. Retain the current ID; related regional or structural characters remain separate.,NOT_PHASE5_GA11_TARGET,,,NOT_PHASE6_M26_TARGET,,,FROZEN_V1,high,Canonical identity frozen in MacronariaMatrix v1.0.0 after the multi-phase lineage and duplicate audit.
MC0432,MIDDLE_DORSAL_POSTZYGAPOPHYSEAL_DIAPOPHYSEAL_LAMINA,"Middle dorsal vertebrae, postzygapophyseal- diapophyseal lamina: present (0); absent (1). (Salgado et al., 1997.)",D'Emic (2012) character list,DE12:C42,provisional_distinct,,,"Salgado et al., 1997.",MC0356,high,1,1,1,DE12,no,2012,2012,0,frozen-v1.0,NOT_YET_AUDITED,,,NOT_PHASE2_TARGET,,,,NOT_PHASE3_C12_TARGET,,,FROZEN_CURRENT_ID,high,DE12 defines a distinct anatomical proposition and no existing concept is sufficiently equivalent to justify a redirect. Retain the current ID; related regional or structural characters remain separate.,NOT_PHASE5_GA11_TARGET,,,NOT_PHASE6_M26_TARGET,,,FROZEN_V1,high,Canonical identity frozen in MacronariaMatrix v1.0.0 after the multi-phase lineage and duplicate audit.
MC0433,MIDDLE_POSTERIOR_DORSAL_PRESPINAL_LAMINA,"Middle and posterior dorsal vertebrae, prespinal lamina, shape: present and bifurcates toward its ventral end (0); present and remains a single lamina throughout its length (1). (Upchurch et al., 2004.)",D'Emic (2012) character list,DE12:C45,provisional_distinct,,,"Upchurch et al., 2004.",MC0275; MC0355,high,1,1,1,DE12,no,2012,2012,0,frozen-v1.0,NOT_YET_AUDITED,,,NOT_PHASE2_TARGET,,,,NOT_PHASE3_C12_TARGET,,,FROZEN_CURRENT_ID,high,DE12 defines a distinct anatomical proposition and no existing concept is sufficiently equivalent to justify a redirect. Retain the current ID; related regional or structural characters remain separate.,NOT_PHASE5_GA11_TARGET,,,NOT_PHASE6_M26_TARGET,,,FROZEN_V1,high,Canonical identity frozen in MacronariaMatrix v1.0.0 after the multi-phase lineage and duplicate audit.
MC0434,MIDDLE_POSTERIOR_DORSAL_CENTRA_KEEL,"Middle and posterior dorsal vertebral centra, keel: absent (0); present (1).",D'Emic (2012) character list,DE12:C49,provisional_distinct,,,,MC0250,high,3,3,3,DE12; M19; M26,no,2012,2026,14,frozen-v1.0,NOT_YET_AUDITED,,,NOT_PHASE2_TARGET,,,,NOT_PHASE3_C12_TARGET,,,FROZEN_WITH_LATER_REDIRECT,high,Same presence/absence of a ventral keel on middle-posterior dorsal centra; later matrices formalize the serial position more explicitly.,NOT_PHASE5_GA11_TARGET,,,NOT_PHASE6_M26_TARGET,,,FROZEN_V1,high,Canonical identity frozen in MacronariaMatrix v1.0.0 after the multi-phase lineage and duplicate audit.
MC0435,ANTERIOR_MIDDLE_CAUDAL_BLIND_FOSSAE_LATERAL_CENTRUM,"Anterior and middle caudal vertebrae, blind fossae in lateral centrum: absent (0); present, often sporadically along the vertebral series (1).",D'Emic (2012) character list,DE12:C56,provisional_distinct,,,,,high,1,1,1,DE12,no,2012,2012,0,frozen-v1.0,NOT_YET_AUDITED,,,NOT_PHASE2_TARGET,,,,NOT_PHASE3_C12_TARGET,,,FROZEN_CURRENT_ID,high,DE12 defines a distinct anatomical proposition and no existing concept is sufficiently equivalent to justify a redirect. Retain the current ID; related regional or structural characters remain separate.,NOT_PHASE5_GA11_TARGET,,,NOT_PHASE6_M26_TARGET,,,FROZEN_V1,high,Canonical identity frozen in MacronariaMatrix v1.0.0 after the multi-phase lineage and duplicate audit.
MC0436,ANTERIOR_CAUDAL_TUBERCLE_SUBTLE_BLADE_LIKE_SPINOPREZYGAPOPHYSEAL_LAMINA,"Anterior caudal vertebrae, tubercle or subtle blade-like process on spinoprezygapophyseal lamina near prezygapophysis: absent (0); present (1).",D'Emic (2012) character list,DE12:C57,provisional_distinct,,,,MC0121,high,1,1,1,DE12,no,2012,2012,0,frozen-v1.0,NOT_YET_AUDITED,,,NOT_PHASE2_TARGET,,,,NOT_PHASE3_C12_TARGET,,,FROZEN_CURRENT_ID,high,DE12 defines a distinct anatomical proposition and no existing concept is sufficiently equivalent to justify a redirect. Retain the current ID; related regional or structural characters remain separate.,NOT_PHASE5_GA11_TARGET,,,NOT_PHASE6_M26_TARGET,,,FROZEN_V1,high,Canonical identity frozen in MacronariaMatrix v1.0.0 after the multi-phase lineage and duplicate audit.
MC0437,ANTERIOR_MIDDLE_CAUDAL_NEURAL_ARCHES_LOCATION,"Anterior and middle caudal vertebrae, neural arches, location: over the midpoint of the centrum with approximately subequal amounts of the centrum exposed at either end (0), on the anterior half of the centrum (1). (Salgado et al., 1997; Upchurch et al., 2004.)",D'Emic (2012) character list,DE12:C58,merged_derived,MC0282; MC0240,merged_from,"Salgado et al., 1997; Upchurch et al., 2004.",,moderate,3,3,3,DE12; M19; M26,no,2012,2026,14,frozen-v1.0,NOT_YET_AUDITED,,,FROZEN_WITH_PHASE2_REDIRECT,high,Retained canonical ID gained M19/M26 occurrences through a source/definition-level Phase-2 redirect.,,NOT_PHASE3_C12_TARGET,,,NOT_PHASE4_DE12_TARGET,,,NOT_PHASE5_GA11_TARGET,,,NOT_PHASE6_M26_TARGET,,,FROZEN_V1,moderate,Canonical identity frozen in MacronariaMatrix v1.0.0 after the multi-phase lineage and duplicate audit.
MC0438,MIDDLE_CAUDAL_TRANSVERSE_PROCESSES_ORIENTATION,"Middle caudal vertebrae, transverse processes, orientation: roughly perpendicular (0); swept backwards, usually reaching posterior margin of centrum (excluding posterior ball if present) (1).",D'Emic (2012) character list,DE12:C59,provisional_distinct,,,,MC0127; MC0128,high,1,1,1,DE12,no,2012,2012,0,frozen-v1.0,NOT_YET_AUDITED,,,NOT_PHASE2_TARGET,,,,NOT_PHASE3_C12_TARGET,,,FROZEN_CURRENT_ID,high,DE12 defines a distinct anatomical proposition and no existing concept is sufficiently equivalent to justify a redirect. Retain the current ID; related regional or structural characters remain separate.,NOT_PHASE5_GA11_TARGET,,,NOT_PHASE6_M26_TARGET,,,FROZEN_V1,high,Canonical identity frozen in MacronariaMatrix v1.0.0 after the multi-phase lineage and duplicate audit.
MC0440,ANTERIOR_MIDDLE_CHEVRONS_ARTICULAR_FACETS,"Anterior and middle chevrons, articular facets: contiguous (0); each facet divided into an anterior and posterior section, separated by a furrow (1).",D'Emic (2012) character list,DE12:C66,provisional_distinct,,,,MC0143; MC0144,high,3,3,3,DE12; M19; M26,no,2012,2026,14,frozen-v1.0,NOT_YET_AUDITED,,,FROZEN_WITH_PHASE2_REDIRECT,high,Retained canonical ID gained M19/M26 occurrences through a source/definition-level Phase-2 redirect.,,NOT_PHASE3_C12_TARGET,,,NOT_PHASE4_DE12_TARGET,,,NOT_PHASE5_GA11_TARGET,,,NOT_PHASE6_M26_TARGET,,,FROZEN_V1,high,Canonical identity frozen in MacronariaMatrix v1.0.0 after the multi-phase lineage and duplicate audit.
MC0441,SCAPULA_PROCESSES_VENTRAL_MARGIN_BASE_BLADE_NUMBER,"Scapula, processes on ventral margin near base of blade, number: zero (0); one (1), two (2) (Modi- fied from Carballido et al., 2011.)",D'Emic (2012) character list,DE12:C69,provisional_distinct,,,"Modi- fied from Carballido et al., 2011.",,high,1,1,1,DE12,no,2012,2012,0,frozen-v1.0,NOT_YET_AUDITED,,,NOT_PHASE2_TARGET,,,,NOT_PHASE3_C12_TARGET,,,FROZEN_COMPOUND_DECOMPOSED_LATER,high,"DE12 C69 scores the number of processes on the ventral margin near the base of the scapular blade (0, 1, or 2). M19/M26 later separate this compound count into two presence/absence characters: MC0618 for the posteroventral/acromial process and MC0619 for the anteroventral blade process. Keep MC0441 as the earlier compound concept and record decomposition relationships.",NOT_PHASE5_GA11_TARGET,,,NOT_PHASE6_M26_TARGET,,,FROZEN_V1,high,Canonical identity frozen in MacronariaMatrix v1.0.0 after the multi-phase lineage and duplicate audit.
MC0442,SCAPULOCORACOID_SUTURE,"Scapulocoracoid suture, shape: suture ends before dorsal margin of acromion and coracoid (0); suture extends to dorsal margin of acromion and coracoid (= flush dorsal margin) (1). (Modi- fied from Upchurch, 1995, 1998.)",D'Emic (2012) character list,DE12:C72,provisional_distinct,,,"Modi- fied from Upchurch, 1995, 1998.",MC0378,high,1,1,1,DE12,no,2012,2012,0,frozen-v1.0,NOT_YET_AUDITED,,,NOT_PHASE2_TARGET,,,,NOT_PHASE3_C12_TARGET,,,FROZEN_CURRENT_ID,high,DE12 defines a distinct anatomical proposition and no existing concept is sufficiently equivalent to justify a redirect. Retain the current ID; related regional or structural characters remain separate.,NOT_PHASE5_GA11_TARGET,,,NOT_PHASE6_M26_TARGET,,,FROZEN_V1,high,Canonical identity frozen in MacronariaMatrix v1.0.0 after the multi-phase lineage and duplicate audit.
MC0443,CORACOID,"Coracoid, shape: anteroposterior dimension more than 1.5 times proximodistal dimension (0); anteroposterior dimension less than proximodis- tal dimension (1). (Modified from Wilson, 2002.)",D'Emic (2012) character list,DE12:C73,provisional_distinct,,,"Modified from Wilson, 2002.",MC0293; MC0155,high,1,1,1,DE12,no,2012,2012,0,frozen-v1.0,NOT_YET_AUDITED,,,NOT_PHASE2_TARGET,,,,NOT_PHASE3_C12_TARGET,,,FROZEN_CURRENT_ID,high,DE12 defines a distinct anatomical proposition and no existing concept is sufficiently equivalent to justify a redirect. Retain the current ID; related regional or structural characters remain separate.,NOT_PHASE5_GA11_TARGET,,,NOT_PHASE6_M26_TARGET,,,FROZEN_V1,high,Canonical identity frozen in MacronariaMatrix v1.0.0 after the multi-phase lineage and duplicate audit.
MC0444,HUMERUS_ROBUSTNESS,"Humerus, robustness: robust (length/midshaft width < 7) (0); gracile (length/ midshaft width > 7.5 (1) (Modified from Curry Rogers, 2005.)",D'Emic (2012) character list,DE12:C78,provisional_distinct,,,"Modified from Curry Rogers, 2005.",MC0290,high,1,1,1,DE12,no,2012,2012,0,frozen-v1.0,NOT_YET_AUDITED,,,NOT_PHASE2_TARGET,,,,NOT_PHASE3_C12_TARGET,,,FROZEN_CURRENT_ID,high,DE12 defines a distinct anatomical proposition and no existing concept is sufficiently equivalent to justify a redirect. Retain the current ID; related regional or structural characters remain separate.,NOT_PHASE5_GA11_TARGET,,,NOT_PHASE6_M26_TARGET,,,FROZEN_V1,high,Canonical identity frozen in MacronariaMatrix v1.0.0 after the multi-phase lineage and duplicate audit.
MC0445,HUMERUS_STRONG_POSTEROLATERAL_BULGE_AROUND_LEVEL_DELTOPECTORAL_CREST,"Humerus, strong posterolateral bulge on around level of the deltopectoral crest, absent (0); present (1).",D'Emic (2012) character list,DE12:C80,provisional_distinct,,,,MC0382; MC0383,high,3,3,3,DE12; M19; M26,no,2012,2026,14,frozen-v1.0,FROZEN,high,Same posterolateral humeral bulge/tuberosity at approximately the level of the deltopectoral crest.,NOT_PHASE2_TARGET,,,,NOT_PHASE3_C12_TARGET,,,NOT_PHASE4_DE12_TARGET,,,NOT_PHASE5_GA11_TARGET,,,NOT_PHASE6_M26_TARGET,,,FROZEN_REAFFIRMED,high,"Accepted during Phase 1. Residual review status was a metadata carryover, not unresolved biological equivalence. The canonical identity is reaffirmed for v1.0."
MC0446,HUMERUS_RADIAL_ULNAR_CONDYLES,"Humerus, radial and ulnar condyles, shape: radial condyle divided on anterior face by a notch (0); undivided (1).",D'Emic (2012) character list,DE12:C83,provisional_distinct,,,,MC0164,high,3,3,3,DE12; M19; M26,no,2012,2026,14,frozen-v1.0,NOT_YET_AUDITED,,,NOT_PHASE2_TARGET,,,,NOT_PHASE3_C12_TARGET,,,FROZEN_WITH_LATER_REDIRECT,high,Definition-level match: the anterior surface of the distal lateral/radial humeral condyle is divided by a notch into two ridges versus undivided; M19/M26 cite D'Emic (2012).,NOT_PHASE5_GA11_TARGET,,,NOT_PHASE6_M26_TARGET,,,FROZEN_V1,high,Canonical identity frozen in MacronariaMatrix v1.0.0 after the multi-phase lineage and duplicate audit.
MC0447,ULNA_DISTAL_END,"Ulna, distal end: expanded posteriorly (0); unex- panded (1).",D'Emic (2012) character list,DE12:C86,provisional_distinct,,,,,high,3,3,3,DE12; M19; M26,no,2012,2026,14,frozen-v1.0,FROZEN,high,Same posterior expansion versus non-expansion of the distal ulna; already supported by the safe MC0634 redirect.,NOT_PHASE2_TARGET,,,,NOT_PHASE3_C12_TARGET,,,NOT_PHASE4_DE12_TARGET,,,NOT_PHASE5_GA11_TARGET,,,NOT_PHASE6_M26_TARGET,,,FROZEN_REAFFIRMED,high,"Accepted during Phase 1. Residual review status was a metadata carryover, not unresolved biological equivalence. The canonical identity is reaffirmed for v1.0."
MC0448,METACARPAL_IV_ARTICULATION_FOR_METACARPAL_V,"Metacarpal IV, articulation for metacarpal V, shape: anteroposteriorly long, broad articular surface (0); articular surface forms a near right angle, transverse and anteroposterior dimen- sions of proximal end subequal (1).",D'Emic (2012) character list,DE12:C93,provisional_distinct,,,,,high,3,3,3,DE12; M19; M26,no,2012,2026,14,frozen-v1.0,NOT_YET_AUDITED,,,NOT_PHASE2_TARGET,,,,NOT_PHASE3_C12_TARGET,,,HOLD_SOURCE_REVIEW,moderate,"M19/M26 MC0637 explicitly cite D'Emic (2012), but DE12 C93 scores the overall geometry of the metacarpal-IV facet for metacarpal V (broad anteroposterior surface versus near-right-angle/subequal proximal dimensions), whereas MC0637 scores a specific proximolateral projection wrapping around metacarpal V. Direct source-level transformation should be checked before merging.",NOT_PHASE5_GA11_TARGET,,,NOT_PHASE6_M26_TARGET,,,FROZEN_WITH_LATER_REDIRECT,high,Earlier DE12 metacarpal-IV/V articulation concept retained; later M19/M26 formulation redirects here.
MC0449,METACARPAL_V_PROXIMAL_END_SIZE,"Metacarpal V, proximal end, size: much smaller than proximal end of metacarpal I (0); sub- equal to or larger than proximal end of metacar- pal I (1).",D'Emic (2012) character list,DE12:C94,provisional_distinct,,,,,high,3,3,3,DE12; M19; M26,no,2012,2026,14,frozen-v1.0,NOT_YET_AUDITED,,,NOT_PHASE2_TARGET,,,,NOT_PHASE3_C12_TARGET,,,FROZEN_WITH_LATER_REDIRECT,high,Same metacarpal-V proximal-end size relative to metacarpal I. DE12 uses qualitative smaller versus subequal/larger states; M19/M26 express the same relation as a V:I ratio.,NOT_PHASE5_GA11_TARGET,,,NOT_PHASE6_M26_TARGET,,,FROZEN_V1,high,Canonical identity frozen in MacronariaMatrix v1.0.0 after the multi-phase lineage and duplicate audit.
MC0450,METACARPALS_DISTAL_ARTICULAR_FACETS,"Metacarpals, distal articular facets, shape: present and extend well onto external/ anterior face of bone (0); reduced almost entirely to distal face of the bone except in metatarsal IV (1). (Modified from Wilson, 2002.)",D'Emic (2012) character list,DE12:C96,provisional_distinct,,,"Modified from Wilson, 2002.",MC0294,high,3,3,3,DE12; M19; M26,no,2012,2026,14,frozen-v1.0,NOT_YET_AUDITED,,,NOT_PHASE2_TARGET,,,,NOT_PHASE3_C12_TARGET,,,FROZEN_WITH_LATER_REDIRECT,high,Same extent of metacarpal distal articular surfaces onto the dorsal/anterior face versus restriction to the distal face; M19/M26 cite D'Emic (2012).,NOT_PHASE5_GA11_TARGET,,,NOT_PHASE6_M26_TARGET,,,FROZEN_V1,high,Canonical identity frozen in MacronariaMatrix v1.0.0 after the multi-phase lineage and duplicate audit.
MC0451,ILIUM_PREACETABULAR_KINK_VENTRAL_MARGIN_ABSENT,"Ilium, preacetabular process, kink on ventral margin, absent (0); present (1).",D'Emic (2012) character list,DE12:C99,provisional_distinct,,,,MC0297,high,3,3,3,DE12; M19; M26,no,2012,2026,14,frozen-v1.0,FROZEN,high,Same bulge/kink on the ventral margin of the iliac preacetabular process.,NOT_PHASE2_TARGET,,,,NOT_PHASE3_C12_TARGET,,,NOT_PHASE4_DE12_TARGET,,,NOT_PHASE5_GA11_TARGET,,,NOT_PHASE6_M26_TARGET,,,FROZEN_REAFFIRMED,high,"Accepted during Phase 1. Residual review status was a metadata carryover, not unresolved biological equivalence. The canonical identity is reaffirmed for v1.0."
MC0452,ILIUM_PUBIC_PEDUNCLE,"Ilium, pubic peduncle, shape: anteroposterior and transverse dimensions subequal (0); trans- verse dimension more than 1.5 times anteropos- terior dimension (1).",D'Emic (2012) character list,DE12:C100,provisional_distinct,,,,MC0411,high,3,3,3,DE12; M19; M26,no,2012,2026,14,frozen-v1.0,NOT_YET_AUDITED,,,NOT_PHASE2_TARGET,,,,NOT_PHASE3_C12_TARGET,,,FROZEN_WITH_LATER_REDIRECT,high,Same anteroposterior:mediolateral proportions of the iliac pubic peduncle; later matrices use a numeric ratio threshold.,NOT_PHASE5_GA11_TARGET,,,NOT_PHASE6_M26_TARGET,,,FROZEN_V1,high,Canonical identity frozen in MacronariaMatrix v1.0.0 after the multi-phase lineage and duplicate audit.
MC0453,ISCHIUM_ACETABULAR_MARGIN,"Ischium, acetabular margin, shape: margin forms short, obtuse angle (0); margin strongly embayed, forming acute angle with tall iliac peduncle (1).",D'Emic (2012) character list,DE12:C104,provisional_distinct,,,,MC0394,high,3,3,3,DE12; M19; M26,no,2012,2026,14,frozen-v1.0,NOT_YET_AUDITED,,,NOT_PHASE2_TARGET,,,,NOT_PHASE3_C12_TARGET,,,FROZEN_WITH_LATER_REDIRECT,high,Same ischial acetabular-margin concavity/embayment; M19/M26 explicitly cite D'Emic (2012).,NOT_PHASE5_GA11_TARGET,,,NOT_PHASE6_M26_TARGET,,,FROZEN_V1,high,Canonical identity frozen in MacronariaMatrix v1.0.0 after the multi-phase lineage and duplicate audit.
MC0454,ISCHIUM_PUBIC_PEDUNCLE,"Ischium, pubic peduncle, shape: anteroposteri- orly long, large ischial contribution to acetabu- lum (0); anteroposteriorly abbreviate, short ischial contribution to acetabulum (1). (Modified from Wilson, 2002.)",D'Emic (2012) character list,DE12:C105,provisional_distinct,,,"Modified from Wilson, 2002.",,high,3,3,3,DE12; M19; M26,no,2012,2026,14,frozen-v1.0,HOLD_REVIEW,moderate,"DE12 describes the ischial pubic peduncle, whereas M19/M26 operationalize an iliac-peduncle:proximal-plate ratio. Both refer to ischial acetabular contribution, but element terminology/proposition requires source-level checking before freezing.",NOT_PHASE2_TARGET,,,,NOT_PHASE3_C12_TARGET,,,NOT_PHASE4_DE12_TARGET,,,NOT_PHASE5_GA11_TARGET,,,NOT_PHASE6_M26_TARGET,,,FROZEN_SCOPE_VARIANT,moderate,DE12 and M19/M26 share the stated biological target—large versus small ischial contribution to the acetabulum—and the later character explicitly cites D'Emic (2012). The shift from qualitative peduncle shape to a quantitative peduncle/proximal-plate ratio is retained as an operationalization change.
MC0455,ISCHIUM_TUBERCLE_LATEROVENTRAL_FACE,"Ischium, tubercle on lateroventral face, shape: set in fossa (0); raised on surface (1).",D'Emic (2012) character list,DE12:C106,provisional_distinct,,,,MC0393,high,1,1,1,DE12,no,2012,2012,0,frozen-v1.0,NOT_YET_AUDITED,,,NOT_PHASE2_TARGET,,,,NOT_PHASE3_C12_TARGET,,,FROZEN_CURRENT_ID,high,DE12 defines a distinct anatomical proposition and no existing concept is sufficiently equivalent to justify a redirect. Retain the current ID; related regional or structural characters remain separate.,NOT_PHASE5_GA11_TARGET,,,NOT_PHASE6_M26_TARGET,,,FROZEN_V1,high,Canonical identity frozen in MacronariaMatrix v1.0.0 after the multi-phase lineage and duplicate audit.
MC0456,FEMUR_LONGITUDINAL_RIDGE_ANTERIOR_FACE,"Femur, longitudinal ridge on anterior face: absent (0); present (1). (Otero, 2010.)",D'Emic (2012) character list,DE12:C108,provisional_distinct,,,"Otero, 2010.",,high,3,3,3,DE12; M19; M26,no,2012,2026,14,frozen-v1.0,NOT_YET_AUDITED,,,NOT_PHASE2_TARGET,,,,NOT_PHASE3_C12_TARGET,,,FROZEN_WITH_LATER_REDIRECT,high,"Same longitudinal anterior femoral ridge (linea intermuscularis cranialis), absent versus present; M19/M26 cite Otero (2010) and D'Emic (2012).",NOT_PHASE5_GA11_TARGET,,,NOT_PHASE6_M26_TARGET,,,FROZEN_V1,high,Canonical identity frozen in MacronariaMatrix v1.0.0 after the multi-phase lineage and duplicate audit.
MC0457,FIBULA_PROXIMAL_END_ANTERIOR_CREST,"Fibula, proximal end, anterior crest: absent or poorly developed (0); well developed, creat- ing interlocking proximal crus (1). (Modified from Royo-Torres, 2009; Wilson & Upchurch, 2009.)",D'Emic (2012) character list,DE12:C111,provisional_distinct,,,"Modified from Royo-Torres, 2009; Wilson & Upchurch, 2009.",MC0207,high,3,3,3,DE12; M19; M26,no,2012,2026,14,frozen-v1.0,NOT_YET_AUDITED,,,NOT_PHASE2_TARGET,,,,NOT_PHASE3_C12_TARGET,,,FROZEN_WITH_LATER_REDIRECT,high,Same proximal fibular anterior/anteromedial crest that interlocks behind the tibial cnemial crest; M19/M26 cite Wilson & Upchurch (2009) and D'Emic (2012).,NOT_PHASE5_GA11_TARGET,,,NOT_PHASE6_M26_TARGET,,,FROZEN_V1,high,Canonical identity frozen in MacronariaMatrix v1.0.0 after the multi-phase lineage and duplicate audit.
MC0458,FIBULA_PROXIMOMEDIAL_END_RAISED_TRIANGULAR_SCAR_PRESENT,"Fibula, proximomedial end, raised triangular scar, present (0); absent (1).",D'Emic (2012) character list,DE12:C112,provisional_distinct,,,,MC0207,high,1,1,1,DE12,no,2012,2012,0,frozen-v1.0,NOT_YET_AUDITED,,,NOT_PHASE2_TARGET,,,,NOT_PHASE3_C12_TARGET,,,FROZEN_CURRENT_ID,high,DE12 defines a distinct anatomical proposition and no existing concept is sufficiently equivalent to justify a redirect. Retain the current ID; related regional or structural characters remain separate.,NOT_PHASE5_GA11_TARGET,,,NOT_PHASE6_M26_TARGET,,,FROZEN_V1,high,Canonical identity frozen in MacronariaMatrix v1.0.0 after the multi-phase lineage and duplicate audit.
MC0459,FIBULA_SHAFT,"Fibula, shaft, shape: straight (0); sigmoid, such that proximal and distal faces are angled relative to midshaft (1). (Royo-Torres, 2009.)",D'Emic (2012) character list,DE12:C113,provisional_distinct,,,"Royo-Torres, 2009.",,high,3,3,3,DE12; M19; M26,no,2012,2026,14,frozen-v1.0,NOT_YET_AUDITED,,,NOT_PHASE2_TARGET,,,,NOT_PHASE3_C12_TARGET,,,FROZEN_WITH_LATER_REDIRECT,high,Same fibular shaft shape in lateral view: straight versus sigmoidal.,NOT_PHASE5_GA11_TARGET,,,NOT_PHASE6_M26_TARGET,,,FROZEN_V1,high,Canonical identity frozen in MacronariaMatrix v1.0.0 after the multi-phase lineage and duplicate audit.
MC0460,FIBULA_DISTAL_END,"Fibula, distal end, shape: unexpanded or gently expanding distally (0); abruptly expands to form a medial lip (1). (Modified from Wilson, 2002.)",D'Emic (2012) character list,DE12:C114,provisional_distinct,,,"Modified from Wilson, 2002.",MC0245,high,1,1,1,DE12,no,2012,2012,0,frozen-v1.0,NOT_YET_AUDITED,,,NOT_PHASE2_TARGET,,,,NOT_PHASE3_C12_TARGET,,,FROZEN_CURRENT_ID,high,DE12 defines a distinct anatomical proposition and no existing concept is sufficiently equivalent to justify a redirect. Retain the current ID; related regional or structural characters remain separate.,NOT_PHASE5_GA11_TARGET,,,NOT_PHASE6_M26_TARGET,,,FROZEN_V1,high,Canonical identity frozen in MacronariaMatrix v1.0.0 after the multi-phase lineage and duplicate audit.
MC0461,ASTRAGALUS,"Astragalus, shape: at least 1.5 times wider than anteroposteriorly long (0); anteroposterior and transverse dimensions subequal (1).",D'Emic (2012) character list,DE12:C115,provisional_distinct,,,,MC0210; MC0214,high,1,1,1,DE12,no,2012,2012,0,frozen-v1.0,NOT_YET_AUDITED,,,NOT_PHASE2_TARGET,,,,NOT_PHASE3_C12_TARGET,,,FROZEN_CURRENT_ID,high,DE12 defines a distinct anatomical proposition and no existing concept is sufficiently equivalent to justify a redirect. Retain the current ID; related regional or structural characters remain separate.,NOT_PHASE5_GA11_TARGET,,,NOT_PHASE6_M26_TARGET,,,FROZEN_V1,high,Canonical identity frozen in MacronariaMatrix v1.0.0 after the multi-phase lineage and duplicate audit.
MC0462,ASTRAGALUS_POSTERIOR_END_PROXIMAL_FACE_TUBERCLE,"Astragalus, posterior end of proximal face, tubercle: present (0); absent (1).",D'Emic (2012) character list,DE12:C116,provisional_distinct,,,,MC0212; MC0213,high,3,3,3,DE12; M19; M26,no,2012,2026,14,frozen-v1.0,NOT_YET_AUDITED,,,NOT_PHASE2_TARGET,,,,NOT_PHASE3_C12_TARGET,,,HOLD_SOURCE_REVIEW,moderate,"M19/M26 MC0658 explicitly cite D'Emic (2012), but DE12 C116 describes a tubercle at the posterior end of the astragalar proximal face, whereas MC0658 describes a tongue-like posteromedial projection separated from the ascending process by a groove. They may be the same structure, but the terminology is not sufficiently identical for an automatic canonical redirect without source verification.",NOT_PHASE5_GA11_TARGET,,,NOT_PHASE6_M26_TARGET,,,FROZEN_WITH_LATER_REDIRECT,high,Earlier DE12 posterior astragalar projection concept retained; later M19/M26 formulation redirects here.
MC0463,METATARSAL_IV_PROXIMOMEDIAL_END,"Metatarsal IV, proximomedial end, shape: flat or slightly convex (0); possesses a distinct embay- ment (1).",D'Emic (2012) character list,DE12:C117,provisional_distinct,,,,,high,3,3,3,DE12; M19; M26,no,2012,2026,14,frozen-v1.0,NOT_YET_AUDITED,,,NOT_PHASE2_TARGET,,,,NOT_PHASE3_C12_TARGET,,,FROZEN_WITH_LATER_REDIRECT,high,Same proximomedial metatarsal-IV concavity/embayment for reception of metatarsal III; M19/M26 cite D'Emic et al. (2011) and D'Emic (2012).,NOT_PHASE5_GA11_TARGET,,,NOT_PHASE6_M26_TARGET,,,FROZEN_V1,high,Canonical identity frozen in MacronariaMatrix v1.0.0 after the multi-phase lineage and duplicate audit.
MC0464,METATARSAL_IV_DISTAL_END_ORIENTATION,"Metatarsal IV, distal end, orientation: roughly perpendicular to long axis of bone (0); bevelled upwards medially (1).",D'Emic (2012) character list,DE12:C118,provisional_distinct,,,,MC0219,high,3,3,3,DE12; M19; M26,no,2012,2026,14,frozen-v1.0,NOT_YET_AUDITED,,,FROZEN_WITH_PHASE2_REDIRECT,high,Retained canonical ID gained M19/M26 occurrences through a source/definition-level Phase-2 redirect.,,NOT_PHASE3_C12_TARGET,,,NOT_PHASE4_DE12_TARGET,,,NOT_PHASE5_GA11_TARGET,,,NOT_PHASE6_M26_TARGET,,,FROZEN_V1,high,Canonical identity frozen in MacronariaMatrix v1.0.0 after the multi-phase lineage and duplicate audit.
MC0465,PREMAXILLARY_ANTERIOR_MARGIN,"Premaxillary anterior margin, shape: without step or with anteroposteriorly short ‘muzzle’, less than 0.25 of skull length (measured up to the anterior point of the ascending process of premaxilla) (0); elongate, boot-shaped snout, equal to or greater than 0.25 of skull length (1) (Wilson, 2002; Mannion et al., 2013).",Mannion et al. (2019) supplied character list,M19:C1,inherited_GR2018_block_provisional_distinct,,,"Wilson, 2002; Mannion et al., 2013",MC0002; MC0415; MC0042,moderate,2,2,2,M19; M26,no,2019,2026,7,frozen-v1.0,NOT_YET_AUDITED,,,FROZEN_CURRENT_ID,high,Accepted in Phase 2 after source-first review; no supported older canonical equivalent was identified.,,NOT_PHASE3_C12_TARGET,,,NOT_PHASE4_DE12_TARGET,,,NOT_PHASE5_GA11_TARGET,,,NOT_PHASE6_M26_TARGET,,,FROZEN_V1,moderate,Canonical identity frozen in MacronariaMatrix v1.0.0 after the multi-phase lineage and duplicate audit.
MC0466,OCCIPITAL_CONDYLE_DORSOVENTRAL_HEIGHT_COM_BINED_OCCIPITAL_CONDYLE,"Occipital condyle, dorsoventral height to com- bined occipital condyle + basal tubera dorsoven- tral height ratio: less than 0.6 (0); 0.6 or greater (1) (Mannion, 2011; Mannion et al., 2013).",Mannion et al. (2019) supplied character list,M19:C7,inherited_GR2018_block_provisional_distinct,,,"Mannion, 2011; Mannion et al., 2013",MC0049; MC0048; MC0021,moderate,2,2,2,M19; M26,no,2019,2026,7,frozen-v1.0,NOT_YET_AUDITED,,,FROZEN_CURRENT_ID,high,Accepted in Phase 2 after source-first review; no supported older canonical equivalent was identified.,,NOT_PHASE3_C12_TARGET,,,NOT_PHASE4_DE12_TARGET,,,NOT_PHASE5_GA11_TARGET,,,NOT_PHASE6_M26_TARGET,,,FROZEN_V1,moderate,Canonical identity frozen in MacronariaMatrix v1.0.0 after the multi-phase lineage and duplicate audit.
MC0467,MAXILLARY_TEETH_NUMBER,"Maxillary teeth, number: 17 or more (0); fewer than 17 (1) (Mannion et al., 2013).",Mannion et al. (2019) supplied character list,M19:C12,inherited_GR2018_block_provisional_distinct,,,"Mannion et al., 2013",MC0073; MC0418; MC0074,moderate,2,2,2,M19; M26,no,2019,2026,7,frozen-v1.0,NOT_YET_AUDITED,,,FROZEN_CURRENT_ID,high,Accepted in Phase 2 after source-first review; no supported older canonical equivalent was identified.,,NOT_PHASE3_C12_TARGET,,,NOT_PHASE4_DE12_TARGET,,,NOT_PHASE5_GA11_TARGET,,,NOT_PHASE6_M26_TARGET,,,FROZEN_V1,moderate,Canonical identity frozen in MacronariaMatrix v1.0.0 after the multi-phase lineage and duplicate audit.
MC0468,MIDDLE_POSTERIOR_CERVICAL_CENTRA_POSTERIOR_AR_TICULAR_FACE,"Middle–posterior cervical centra, posterior ar- ticular face dorsoventral height to mediolateral width ratio: 1.0 or less (0); greater than 1.0 (1) (Curry Rogers, 2005; Mannion et al., 2013).",Mannion et al. (2019) supplied character list,M19:C17,inherited_GR2018_block_provisional_distinct,,,"Curry Rogers, 2005; Mannion et al., 2013",MC0084; MC0086; MC0087,moderate,2,2,2,M19; M26,no,2019,2026,7,frozen-v1.0,NOT_YET_AUDITED,,,FROZEN_CURRENT_ID,high,Accepted in Phase 2 after source-first review; no supported older canonical equivalent was identified.,,NOT_PHASE3_C12_TARGET,,,NOT_PHASE4_DE12_TARGET,,,NOT_PHASE5_GA11_TARGET,,,NOT_PHASE6_M26_TARGET,,,FROZEN_V1,moderate,Canonical identity frozen in MacronariaMatrix v1.0.0 after the multi-phase lineage and duplicate audit.
MC0469,POSTERIOR_CERVICAL_NEURAL_ARCH_CENTRUM_DORSOVENTRAL_HEIGHT_MEASURED,"Posterior cervical neural arch to centrum dorsoventral height ratio, measured on anterior face of vertebra (arch height measured from dorsal surface of centrum to base of prezygapophyses): 0.5 or greater (0); less than 0.5 (1) (Bonaparte et al., 2006; Mannion et al., 2013).",Mannion et al. (2019) supplied character list,M19:C18,inherited_GR2018_block_provisional_distinct,,,"Bonaparte et al., 2006; Mannion et al., 2013",MC0428; MC0087; MC0426,moderate,2,2,2,M19; M26,no,2019,2026,7,frozen-v1.0,NOT_YET_AUDITED,,,FROZEN_CURRENT_ID,high,Accepted in Phase 2 after source-first review; no supported older canonical equivalent was identified.,,NOT_PHASE3_C12_TARGET,,,NOT_PHASE4_DE12_TARGET,,,NOT_PHASE5_GA11_TARGET,,,NOT_PHASE6_M26_TARGET,,,FROZEN_V1,moderate,Canonical identity frozen in MacronariaMatrix v1.0.0 after the multi-phase lineage and duplicate audit.
MC0470,ANTERIOR_DORSAL_CENTRA_POSTERIOR_ARTICULAR_FACE_MEDIOLATERAL_WIDTH,"Anterior dorsal centra, posterior articular face mediolateral width to dorsoventral height ratio: less than 1.3 (0); 1.3 or greater (1) (Mannion et al., 2013).",Mannion et al. (2019) supplied character list,M19:C21,inherited_GR2018_block_provisional_distinct,,,"Mannion et al., 2013",MC0094; MC0105; MC0137,moderate,2,2,2,M19; M26,no,2019,2026,7,frozen-v1.0,NOT_YET_AUDITED,,,FROZEN_CURRENT_ID,high,Accepted in Phase 2 after source-first review; no supported older canonical equivalent was identified.,,NOT_PHASE3_C12_TARGET,,,NOT_PHASE4_DE12_TARGET,,,NOT_PHASE5_GA11_TARGET,,,NOT_PHASE6_M26_TARGET,,,FROZEN_V1,moderate,Canonical identity frozen in MacronariaMatrix v1.0.0 after the multi-phase lineage and duplicate audit.
MC0472,POSTERIOR_DORSAL_NEURAL_SPINES_DORSOVENTRAL_HEIGHT_DIVIDED_BY,"Posterior dorsal neural spines, dorsoventral height divided by posterior centrum dorsoventral height: 1.0 or greater (0); less than 1.0 (1) (McIntosh, 1990; Upchurch, 1995, 1998; Mannion et al., 2013).",Mannion et al. (2019) supplied character list,M19:C23,inherited_GR2018_block_provisional_distinct,,,"McIntosh, 1990; Upchurch, 1995, 1998; Mannion et al., 2013",MC0426; MC0048; MC0352,moderate,2,2,2,M19; M26,no,2019,2026,7,frozen-v1.0,NOT_YET_AUDITED,,,FROZEN_CURRENT_ID,high,Accepted in Phase 2 after source-first review; no supported older canonical equivalent was identified.,,NOT_PHASE3_C12_TARGET,,,NOT_PHASE4_DE12_TARGET,,,NOT_PHASE5_GA11_TARGET,,,NOT_PHASE6_M26_TARGET,,,FROZEN_V1,moderate,Canonical identity frozen in MacronariaMatrix v1.0.0 after the multi-phase lineage and duplicate audit.
MC0475,MIDDLE_CAUDAL_CENTRA_MEDIOLATERAL_WIDTH_DORSOVENTRAL_HEIGHT_TERIOR,"Middle caudal centra, mediolateral width to dorsoventral height (excluding chevron facets) of an- terior surface ratio: less than 1.0 (0); 1.0 or greater (1) (Upchurch et al., 2004; Mannion et al., 2013).",Mannion et al. (2019) supplied character list,M19:C28,inherited_GR2018_block_provisional_distinct,,,"Upchurch et al., 2004; Mannion et al., 2013",MC0137; MC0084; MC0352,moderate,2,2,2,M19; M26,no,2019,2026,7,frozen-v1.0,NOT_YET_AUDITED,,,FROZEN_CURRENT_ID,high,Accepted in Phase 2 after source-first review; no supported older canonical equivalent was identified.,,NOT_PHASE3_C12_TARGET,,,NOT_PHASE4_DE12_TARGET,,,NOT_PHASE5_GA11_TARGET,,,NOT_PHASE6_M26_TARGET,,,FROZEN_V1,moderate,Canonical identity frozen in MacronariaMatrix v1.0.0 after the multi-phase lineage and duplicate audit.
MC0477,POSTERIOR_CAUDAL_CENTRA_MEDIOLATERAL_WIDTH_DORSOVENTRAL_HEIGHT_TERIOR,"Posterior caudal centra, mediolateral width to dorsoventral height (excluding chevron facets) of an- terior surface ratio: less than 1.2 (0); 1.2 or greater (1) (Upchurch et al., 2004; Mannion et al., 2013).",Mannion et al. (2019) supplied character list,M19:C30,inherited_GR2018_block_provisional_distinct,,,"Upchurch et al., 2004; Mannion et al., 2013",MC0137; MC0135; MC0084,moderate,2,2,2,M19; M26,no,2019,2026,7,frozen-v1.0,NOT_YET_AUDITED,,,FROZEN_CURRENT_ID,high,Accepted in Phase 2 after source-first review; no supported older canonical equivalent was identified.,,NOT_PHASE3_C12_TARGET,,,NOT_PHASE4_DE12_TARGET,,,NOT_PHASE5_GA11_TARGET,,,NOT_PHASE6_M26_TARGET,,,FROZEN_V1,moderate,Canonical identity frozen in MacronariaMatrix v1.0.0 after the multi-phase lineage and duplicate audit.
MC0478,POSTERIOR_CAUDAL_CENTRA_AVERAGE_ELONGATION_INDEX_AEI_CENTRUM,"Posterior caudal centra, average Elongation Index [aEI; centrum anteroposterior length (excluding articular ball) divided by the mean average value of the anterior surface mediolateral width and dorsoven- tral height (excluding chevron facets)] value: less than 1.7 (0); 1.7 or higher (1) (Upchurch & Martin, 2003; Upchurch et al., 2004; Whitlock, 2011a; Mannion et al., 2013).",Mannion et al. (2019) supplied character list,M19:C31,inherited_GR2018_block_provisional_distinct,,,"Upchurch & Martin, 2003; Upchurch et al., 2004; Whitlock, 2011a; Mannion et al., 2013",MC0135; MC0134; MC0280,moderate,2,2,2,M19; M26,no,2019,2026,7,frozen-v1.0,NOT_YET_AUDITED,,,FROZEN_CURRENT_ID,high,Accepted in Phase 2 after source-first review; no supported older canonical equivalent was identified.,,NOT_PHASE3_C12_TARGET,,,NOT_PHASE4_DE12_TARGET,,,NOT_PHASE5_GA11_TARGET,,,NOT_PHASE6_M26_TARGET,,,FROZEN_V1,moderate,Canonical identity frozen in MacronariaMatrix v1.0.0 after the multi-phase lineage and duplicate audit.
MC0479,ANTERIORMOST_CAUDAL_NEURAL_SPINES_DORSOVEN_TRAL_HEIGHT_DIVIDED,"Anteriormost caudal neural spines, dorsoven- tral height divided by centrum height: 1.2 or greater (0); less than 1.2 (1) (McIntosh, 1990; Calvo & Salgado, 1995; Upchurch, 1995, 1998; Mannion et al., 2013).",Mannion et al. (2019) supplied character list,M19:C32,inherited_GR2018_block_provisional_distinct,,,"McIntosh, 1990; Calvo & Salgado, 1995; Upchurch, 1995, 1998; Mannion et al., 2013",MC0426; MC0428; MC0087,moderate,2,2,2,M19; M26,no,2019,2026,7,frozen-v1.0,NOT_YET_AUDITED,,,FROZEN_CURRENT_ID,high,Accepted in Phase 2 after source-first review; no supported older canonical equivalent was identified.,,NOT_PHASE3_C12_TARGET,,,NOT_PHASE4_DE12_TARGET,,,NOT_PHASE5_GA11_TARGET,,,NOT_PHASE6_M26_TARGET,,,FROZEN_V1,moderate,Canonical identity frozen in MacronariaMatrix v1.0.0 after the multi-phase lineage and duplicate audit.
MC0480,ANTERIOR_CAUDAL_NEURAL_SPINES_MAXIMUM_MEDI_OLATERAL_WIDTH,"Anterior caudal neural spines, maximum medi- olateral width to minimum mediolateral width ratio: less than 2.0 (0); 2.0 or greater (spines expand dorsally, forming ‘club’- or ‘mace’-shaped spinous processes) (1) (Canudo et al., 2008; Taylor, 2009; Mannion et al., 2013).",Mannion et al. (2019) supplied character list,M19:C34,inherited_GR2018_block_provisional_distinct,,,"Canudo et al., 2008; Taylor, 2009; Mannion et al., 2013",MC0126; MC0239; MC0395,moderate,2,2,2,M19; M26,no,2019,2026,7,frozen-v1.0,NOT_YET_AUDITED,,,FROZEN_CURRENT_ID,high,Accepted in Phase 2 after source-first review; no supported older canonical equivalent was identified.,,NOT_PHASE3_C12_TARGET,,,NOT_PHASE4_DE12_TARGET,,,NOT_PHASE5_GA11_TARGET,,,NOT_PHASE6_M26_TARGET,,,FROZEN_V1,moderate,Canonical identity frozen in MacronariaMatrix v1.0.0 after the multi-phase lineage and duplicate audit.
MC0481,SCAPULAR_ACROMION_DORSOVENTRAL_HEIGHT_MINIMUM_DORSOVENTRAL_HEIGHT_SCAPUL,"Scapular acromion process, dorsoventral height to minimum dorsoventral height of scapular blade ratio: less than 3.0 (0); 3.0 or greater (1) (Wilson & Sereno, 1998; Mannion et al., 2013; dorsoventral height is measured perpendicular to long-axis of scapular blade).",Mannion et al. (2019) supplied character list,M19:C36,inherited_GR2018_block_provisional_distinct,,,"Wilson & Sereno, 1998; Mannion et al., 2013; dorsoventral height is measured perpendicular to long-axis of scapular blade",MC0150; MC0352; MC0048,moderate,2,2,2,M19; M26,no,2019,2026,7,frozen-v1.0,NOT_YET_AUDITED,,,FROZEN_CURRENT_ID,high,Accepted in Phase 2 after source-first review; no supported older canonical equivalent was identified.,,NOT_PHASE3_C12_TARGET,,,NOT_PHASE4_DE12_TARGET,,,NOT_PHASE5_GA11_TARGET,,,NOT_PHASE6_M26_TARGET,,,FROZEN_V1,moderate,Canonical identity frozen in MacronariaMatrix v1.0.0 after the multi-phase lineage and duplicate audit.
MC0482,SCAPULAR_BLADE_MAXIMUM_MINIMUM_DORSOVENTRAL_HEIGHT,"Scapular blade, maximum (measured at or close to distal end) to minimum dorsoventral height ratio: 2.0 or greater (0); less than 2.0 (1) (Wilson, 2002; Rose, 2007; Mannion et al., 2013).",Mannion et al. (2019) supplied character list,M19:C37,inherited_GR2018_block_provisional_distinct,,,"Wilson, 2002; Rose, 2007; Mannion et al., 2013",MC0137; MC0151; MC0150,moderate,2,2,2,M19; M26,no,2019,2026,7,frozen-v1.0,NOT_YET_AUDITED,,,FROZEN_CURRENT_ID,high,Accepted in Phase 2 after source-first review; no supported older canonical equivalent was identified.,,NOT_PHASE3_C12_TARGET,,,NOT_PHASE4_DE12_TARGET,,,NOT_PHASE5_GA11_TARGET,,,NOT_PHASE6_M26_TARGET,,,FROZEN_V1,moderate,Canonical identity frozen in MacronariaMatrix v1.0.0 after the multi-phase lineage and duplicate audit.
MC0484,HUMERUS_MINIMUM_MEDIOLATERAL_WIDTH_DIVIDED_BY_PROXIMODISTAL_LENGTH,"Humerus, minimum mediolateral width divided by proximodistal length: 0.15 or greater (0); less than 0.15 (1) (Curry Rogers, 2005; Mannion et al., 2013).",Mannion et al. (2019) supplied character list,M19:C42,inherited_GR2018_block_provisional_distinct,,,"Curry Rogers, 2005; Mannion et al., 2013",MC0155; MC0221; MC0254,moderate,2,2,2,M19; M26,no,2019,2026,7,frozen-v1.0,NOT_YET_AUDITED,,,FROZEN_CURRENT_ID,high,Accepted in Phase 2 after source-first review; no supported older canonical equivalent was identified.,,NOT_PHASE3_C12_TARGET,,,NOT_PHASE4_DE12_TARGET,,,NOT_PHASE5_GA11_TARGET,,,NOT_PHASE6_M26_TARGET,,,FROZEN_V1,moderate,Canonical identity frozen in MacronariaMatrix v1.0.0 after the multi-phase lineage and duplicate audit.
MC0485,HUMERUS_SHAFT_ECCENTRICITY_MEDIOLATERAL_TEROPOSTERIOR_WIDTH_AT_MIDSHAFT,"Humerus shaft eccentricity, mediolateral to an- teroposterior width ratio at midshaft: greater than 1.5 (usually close to 1.8) (0); 1.5 or lower (usually close to 1.3) (1) (Wilson, 2002; Mannion et al., 2012, 2013).",Mannion et al. (2019) supplied character list,M19:C43,inherited_GR2018_block_provisional_distinct,,,"Wilson, 2002; Mannion et al., 2012, 2013",MC0444; MC0177; MC0254,moderate,2,2,2,M19; M26,no,2019,2026,7,frozen-v1.0,NOT_YET_AUDITED,,,FROZEN_CURRENT_ID,high,Accepted in Phase 2 after source-first review; no supported older canonical equivalent was identified.,,NOT_PHASE3_C12_TARGET,,,NOT_PHASE4_DE12_TARGET,,,NOT_PHASE5_GA11_TARGET,,,NOT_PHASE6_M26_TARGET,,,FROZEN_V1,moderate,Canonical identity frozen in MacronariaMatrix v1.0.0 after the multi-phase lineage and duplicate audit.
MC0486,RADIUS_HUMERUS_PROXIMODISTAL_LENGTH,"Radius to humerus proximodistal length ratio: 0.65 or greater (0); less than 0.65 (1) (Yates & Kitching, 2003; Mannion et al., 2013).",Mannion et al. (2019) supplied character list,M19:C44,inherited_GR2018_block_provisional_distinct,,,"Yates & Kitching, 2003; Mannion et al., 2013",MC0155; MC0366; MC0386,moderate,2,2,2,M19; M26,no,2019,2026,7,frozen-v1.0,NOT_YET_AUDITED,,,FROZEN_CURRENT_ID,high,Accepted in Phase 2 after source-first review; no supported older canonical equivalent was identified.,,NOT_PHASE3_C12_TARGET,,,NOT_PHASE4_DE12_TARGET,,,NOT_PHASE5_GA11_TARGET,,,NOT_PHASE6_M26_TARGET,,,FROZEN_V1,moderate,Canonical identity frozen in MacronariaMatrix v1.0.0 after the multi-phase lineage and duplicate audit.
MC0487,RADIUS_MEDIOLATERAL_WIDTH_PROXIMAL_DISTAL_END,"Radius, mediolateral width of proximal to distal end ratio: 1.0 or greater (0); less than 1.0 (1) (Curry Rogers, 2005; Mannion et al., 2013; note that in taxa with a twisted radius, the dimension of the long axis of the distal end is used).",Mannion et al. (2019) supplied character list,M19:C46,inherited_GR2018_block_provisional_distinct,,,"Curry Rogers, 2005; Mannion et al., 2013; note that in taxa with a twisted radius, the dimension of the long axis of the distal end is used",MC0395; MC0386; MC0405,moderate,2,2,2,M19; M26,no,2019,2026,7,frozen-v1.0,NOT_YET_AUDITED,,,FROZEN_CURRENT_ID,high,Accepted in Phase 2 after source-first review; no supported older canonical equivalent was identified.,,NOT_PHASE3_C12_TARGET,,,NOT_PHASE4_DE12_TARGET,,,NOT_PHASE5_GA11_TARGET,,,NOT_PHASE6_M26_TARGET,,,FROZEN_V1,moderate,Canonical identity frozen in MacronariaMatrix v1.0.0 after the multi-phase lineage and duplicate audit.
MC0488,RADIUS_DISTAL_END_MEDIOLATERAL_WIDTH_MID_SHAFT_MEDIOLATERAL,"Radius, distal end mediolateral width to mid- shaft mediolateral width ratio: less than 2.0 (0); 2.0 or greater (1) (Wilson, 2002; Rose, 2007; Mannion et al., 2013; note that in taxa with a twisted radius, the di- mension of the long axis of the distal end is used).",Mannion et al. (2019) supplied character list,M19:C47,inherited_GR2018_block_provisional_distinct,,,"Wilson, 2002; Rose, 2007; Mannion et al., 2013; note that in taxa with a twisted radius, the di- mension of the long axis of the distal end is used",MC0395; MC0361; MC0405,moderate,2,2,2,M19; M26,no,2019,2026,7,frozen-v1.0,NOT_YET_AUDITED,,,FROZEN_CURRENT_ID,high,Accepted in Phase 2 after source-first review; no supported older canonical equivalent was identified.,,NOT_PHASE3_C12_TARGET,,,NOT_PHASE4_DE12_TARGET,,,NOT_PHASE5_GA11_TARGET,,,NOT_PHASE6_M26_TARGET,,,FROZEN_V1,moderate,Canonical identity frozen in MacronariaMatrix v1.0.0 after the multi-phase lineage and duplicate audit.
MC0489,RADIUS_DISTAL_END_MEDIOLATERAL_ANTEROPOS_TERIOR_WIDTH,"Radius, distal end mediolateral to anteropos- terior width ratio: 1.5 or greater (0); less than 1.5 (1) (Wilson & Sereno, 1998; Mannion et al., 2013).",Mannion et al. (2019) supplied character list,M19:C48,inherited_GR2018_block_provisional_distinct,,,"Wilson & Sereno, 1998; Mannion et al., 2013",MC0395; MC0386; MC0170,moderate,2,2,2,M19; M26,no,2019,2026,7,frozen-v1.0,NOT_YET_AUDITED,,,FROZEN_CURRENT_ID,high,Accepted in Phase 2 after source-first review; no supported older canonical equivalent was identified.,,NOT_PHASE3_C12_TARGET,,,NOT_PHASE4_DE12_TARGET,,,NOT_PHASE5_GA11_TARGET,,,NOT_PHASE6_M26_TARGET,,,FROZEN_V1,moderate,Canonical identity frozen in MacronariaMatrix v1.0.0 after the multi-phase lineage and duplicate audit.
MC0491,ULNA_MEDIOLATERAL_WIDTH_PROXIMAL_END_ANTEROPOS_TERIOR_WIDTH,"Ulna, ratio of mediolateral width of proximal end (equivalent to anteromedial arm) to anteropos- terior width of proximal end (equivalent to anterolat- eral arm): less than 1.4 (0); 1.4 to <2.0 (1); 2.0 or greater (2) (Wilson, 2002; Mannion et al., 2013; Upchurch et al., 2015; the long-axes of the anteromedial and anterolateral processes are extrapolated posteriorly so that they intersect close to the position of the olec- ranon, and each process length is then measured from this intersection to the tip of each process) [ordered].",Mannion et al. (2019) supplied character list,M19:C51,inherited_GR2018_block_provisional_distinct,,,"Wilson, 2002; Mannion et al., 2013; Upchurch et al., 2015; the long-axes of the anteromedial and anterolateral processes are extrapolated posteriorly so that they intersect close to the position of the olec- ranon, and each process length is then measured from this intersection to the tip of each process",MC0395; MC0449; MC0405,moderate,2,2,2,M19; M26,no,2019,2026,7,frozen-v1.0,NOT_YET_AUDITED,,,FROZEN_CURRENT_ID,high,Accepted in Phase 2 after source-first review; no supported older canonical equivalent was identified.,,NOT_PHASE3_C12_TARGET,,,NOT_PHASE4_DE12_TARGET,,,NOT_PHASE5_GA11_TARGET,,,NOT_PHASE6_M26_TARGET,,,FROZEN_V1,moderate,Canonical identity frozen in MacronariaMatrix v1.0.0 after the multi-phase lineage and duplicate audit.
MC0493,METACARPALS_METACARPAL_I_PROXIMAL_END_DORSO_VENTRAL_HEIGHT,"Metacarpals, metacarpal I proximal end dorso- ventral height to mediolateral width ratio: less than 1.8 (0); 1.8 or greater (1) (Apesteguía, 2005a; Mannion & Calvo, 2011; Mannion et al., 2013; note that the metacarpal is measured with the flat surface of the ‘D’ shape facing laterally, such that the long axis is dorso- ventrally aligned).",Mannion et al. (2019) supplied character list,M19:C53,inherited_GR2018_block_provisional_distinct,,,"Apesteguía, 2005a; Mannion & Calvo, 2011; Mannion et al., 2013; note that the metacarpal is measured with the flat surface of the ‘D’ shape facing laterally, such that the long axis is dorso- ventrally aligned",MC0449; MC0178; MC0388,moderate,2,2,2,M19; M26,no,2019,2026,7,frozen-v1.0,NOT_YET_AUDITED,,,FROZEN_CURRENT_ID,high,Accepted in Phase 2 after source-first review; no supported older canonical equivalent was identified.,,NOT_PHASE3_C12_TARGET,,,NOT_PHASE4_DE12_TARGET,,,NOT_PHASE5_GA11_TARGET,,,NOT_PHASE6_M26_TARGET,,,FROZEN_V1,moderate,Canonical identity frozen in MacronariaMatrix v1.0.0 after the multi-phase lineage and duplicate audit.
MC0497,PUBIS_ILIAC_ARTICULAR_ANTEROPOSTERIOR_MEDIOLATERAL_WIDTH,"Pubis, iliac articular surface, anteroposterior to mediolateral width ratio: less than 2.0 (0); 2.0 or greater (1) (Mannion & Calvo, 2011; Mannion et al., 2013).",Mannion et al. (2019) supplied character list,M19:C58,inherited_GR2018_block_provisional_distinct,,,"Mannion & Calvo, 2011; Mannion et al., 2013",MC0395; MC0448; MC0084,moderate,2,2,2,M19; M26,no,2019,2026,7,frozen-v1.0,NOT_YET_AUDITED,,,FROZEN_CURRENT_ID,high,Accepted in Phase 2 after source-first review; no supported older canonical equivalent was identified.,,NOT_PHASE3_C12_TARGET,,,NOT_PHASE4_DE12_TARGET,,,NOT_PHASE5_GA11_TARGET,,,NOT_PHASE6_M26_TARGET,,,FROZEN_V1,moderate,Canonical identity frozen in MacronariaMatrix v1.0.0 after the multi-phase lineage and duplicate audit.
MC0498,PUBIS_DORSOVENTRAL_HEIGHT_ISCHIAL_ARTICULA_TION_PUBIS_DIVIDED,"Pubis, dorsoventral height of ischial articula- tion of the pubis divided by pubis proximodistal length is: 0.4 or greater (0); less than 0.4 (1) (Salgado et al., 1997; Wilson & Sereno, 1998; Upchurch et al., 2004; Mannion et al., 2013).",Mannion et al. (2019) supplied character list,M19:C59,inherited_GR2018_block_provisional_distinct,,,"Salgado et al., 1997; Wilson & Sereno, 1998; Upchurch et al., 2004; Mannion et al., 2013",MC0295; MC0189; MC0242,moderate,2,2,2,M19; M26,no,2019,2026,7,frozen-v1.0,NOT_YET_AUDITED,,,FROZEN_CURRENT_ID,high,Accepted in Phase 2 after source-first review; no supported older canonical equivalent was identified.,,NOT_PHASE3_C12_TARGET,,,NOT_PHASE4_DE12_TARGET,,,NOT_PHASE5_GA11_TARGET,,,NOT_PHASE6_M26_TARGET,,,FROZEN_V1,moderate,Canonical identity frozen in MacronariaMatrix v1.0.0 after the multi-phase lineage and duplicate audit.
MC0500,ISCHIUM_ANTEROPOSTERIOR_LENGTH_PROX_IMAL_PLATE_ISCHIUM_PROXIMODISTAL,"Ischium, ratio of anteroposterior length of prox- imal plate to ischium proximodistal length: greater than 0.25 (0); 0.25 or less (1) (Mannion et al., 2013).",Mannion et al. (2019) supplied character list,M19:C61,inherited_GR2018_block_provisional_distinct,,,"Mannion et al., 2013",MC0155; MC0242; MC0366,moderate,2,2,2,M19; M26,no,2019,2026,7,frozen-v1.0,NOT_YET_AUDITED,,,FROZEN_CURRENT_ID,high,Accepted in Phase 2 after source-first review; no supported older canonical equivalent was identified.,,NOT_PHASE3_C12_TARGET,,,NOT_PHASE4_DE12_TARGET,,,NOT_PHASE5_GA11_TARGET,,,NOT_PHASE6_M26_TARGET,,,FROZEN_V1,moderate,Canonical identity frozen in MacronariaMatrix v1.0.0 after the multi-phase lineage and duplicate audit.
MC0501,ISCHIUM_DORSOVENTRAL_WIDTH_ACROSS_DISTAL_SHAFT_ISCHIUM_PROXIMODISTAL,"Ischium, ratio of dorsoventral width across the distal shaft (mediolateral in taxa with fully coplanar shafts) to ischium proximodistal length: 0.2 or greater (0); less than 0.2 (1) (Jacobs et al., 1993; Upchurch, 1998; Upchurch et al., 2004; Mannion et al., 2013).",Mannion et al. (2019) supplied character list,M19:C63,inherited_GR2018_block_provisional_distinct,,,"Jacobs et al., 1993; Upchurch, 1998; Upchurch et al., 2004; Mannion et al., 2013",MC0254; MC0395; MC0366,moderate,2,2,2,M19; M26,no,2019,2026,7,frozen-v1.0,NOT_YET_AUDITED,,,FROZEN_CURRENT_ID,high,Accepted in Phase 2 after source-first review; no supported older canonical equivalent was identified.,,NOT_PHASE3_C12_TARGET,,,NOT_PHASE4_DE12_TARGET,,,NOT_PHASE5_GA11_TARGET,,,NOT_PHASE6_M26_TARGET,,,FROZEN_V1,moderate,Canonical identity frozen in MacronariaMatrix v1.0.0 after the multi-phase lineage and duplicate audit.
MC0502,ISCHIUM_DORSOVENTRAL_WIDTH_DISTAL_END_SHAFT_MINIMUM_SHAFT,"Ischium, ratio of dorsoventral width of distal end of shaft to minimum shaft dorsoventral width (both dimensions are mediolateral in taxa with fully coplanar shafts): 1.5 or greater (0); less than 1.5 (1) (Berman & McIntosh, 1978; McIntosh, 1990; Upchurch, 1995, 1998; Mannion et al., 2013).",Mannion et al. (2019) supplied character list,M19:C64,inherited_GR2018_block_provisional_distinct,,,"Berman & McIntosh, 1978; McIntosh, 1990; Upchurch, 1995, 1998; Mannion et al., 2013",MC0221; MC0254; MC0395,moderate,2,2,2,M19; M26,no,2019,2026,7,frozen-v1.0,NOT_YET_AUDITED,,,FROZEN_CURRENT_ID,high,Accepted in Phase 2 after source-first review; no supported older canonical equivalent was identified.,,NOT_PHASE3_C12_TARGET,,,NOT_PHASE4_DE12_TARGET,,,NOT_PHASE5_GA11_TARGET,,,NOT_PHASE6_M26_TARGET,,,FROZEN_V1,moderate,Canonical identity frozen in MacronariaMatrix v1.0.0 after the multi-phase lineage and duplicate audit.
MC0503,FEMUR_SHAFT_ECCENTRICITY_MEDIOLATERAL_WIDTH_ANTEROPOSTERIOR_WIDTH_AT,"Femur shaft eccentricity, mediolateral width to anteroposterior width ratio at midshaft: less than 1.85 (0); 1.85 or greater (1) (Wilson, 2002; Mannion et al., 2013).",Mannion et al. (2019) supplied character list,M19:C65,inherited_GR2018_block_provisional_distinct,,,"Wilson, 2002; Mannion et al., 2013",MC0395; MC0444; MC0221,moderate,2,2,2,M19; M26,no,2019,2026,7,frozen-v1.0,NOT_YET_AUDITED,,,FROZEN_CURRENT_ID,high,Accepted in Phase 2 after source-first review; no supported older canonical equivalent was identified.,,NOT_PHASE3_C12_TARGET,,,NOT_PHASE4_DE12_TARGET,,,NOT_PHASE5_GA11_TARGET,,,NOT_PHASE6_M26_TARGET,,,FROZEN_V1,moderate,Canonical identity frozen in MacronariaMatrix v1.0.0 after the multi-phase lineage and duplicate audit.
MC0504,FEMORAL_DISTAL_CONDYLES_TIBIAL_FIBULAR_CON_DYLAR_ANTEROPOSTERIOR,"Femoral distal condyles, tibial to fibular con- dylar anteroposterior length ratio: less than 1.2 (0); 1.2 or greater (1) (Upchurch et al., 2004; Mannion et al., 2013).",Mannion et al. (2019) supplied character list,M19:C66,inherited_GR2018_block_provisional_distinct,,,"Upchurch et al., 2004; Mannion et al., 2013",MC0200; MC0202; MC0201,moderate,2,2,2,M19; M26,no,2019,2026,7,frozen-v1.0,NOT_YET_AUDITED,,,FROZEN_CURRENT_ID,high,Accepted in Phase 2 after source-first review; no supported older canonical equivalent was identified.,,NOT_PHASE3_C12_TARGET,,,NOT_PHASE4_DE12_TARGET,,,NOT_PHASE5_GA11_TARGET,,,NOT_PHASE6_M26_TARGET,,,FROZEN_V1,moderate,Canonical identity frozen in MacronariaMatrix v1.0.0 after the multi-phase lineage and duplicate audit.
MC0505,TIBIA_DISTAL_END_MEDIOLATERAL_WIDTH_LONG_AXIS_CROSS,"Tibia, distal end mediolateral width to long- axis of a cross-section horizontally through the mid- shaft ratio: 2.0 or greater (0); less than 2.0 (1) (Wilson, 2002; Mannion et al., 2013).",Mannion et al. (2019) supplied character list,M19:C67,inherited_GR2018_block_provisional_distinct,,,"Wilson, 2002; Mannion et al., 2013",MC0162; MC0395; MC0394,moderate,2,2,2,M19; M26,no,2019,2026,7,frozen-v1.0,NOT_YET_AUDITED,,,FROZEN_CURRENT_ID,high,Accepted in Phase 2 after source-first review; no supported older canonical equivalent was identified.,,NOT_PHASE3_C12_TARGET,,,NOT_PHASE4_DE12_TARGET,,,NOT_PHASE5_GA11_TARGET,,,NOT_PHASE6_M26_TARGET,,,FROZEN_V1,moderate,Canonical identity frozen in MacronariaMatrix v1.0.0 after the multi-phase lineage and duplicate audit.
MC0506,TIBIA_DISTAL_END_MEDIOLATERAL_ANTEROPOS_TERIOR_WIDTH,"Tibia, distal end, mediolateral to anteropos- terior width ratio: 1.5 or greater (0); less than 1.5 (1) (Salgado et al., 1997; Upchurch et al., 2004; Mannion et al., 2013).",Mannion et al. (2019) supplied character list,M19:C68,inherited_GR2018_block_provisional_distinct,,,"Salgado et al., 1997; Upchurch et al., 2004; Mannion et al., 2013",MC0299; MC0395; MC0255,moderate,2,2,2,M19; M26,no,2019,2026,7,frozen-v1.0,NOT_YET_AUDITED,,,FROZEN_CURRENT_ID,high,Accepted in Phase 2 after source-first review; no supported older canonical equivalent was identified.,,NOT_PHASE3_C12_TARGET,,,NOT_PHASE4_DE12_TARGET,,,NOT_PHASE5_GA11_TARGET,,,NOT_PHASE6_M26_TARGET,,,FROZEN_V1,moderate,Canonical identity frozen in MacronariaMatrix v1.0.0 after the multi-phase lineage and duplicate audit.
MC0507,FIBULA_MEDIOLATERAL_WIDTH_DISTAL_END_MEDIOLATERAL_WIDTH_AT,"Fibula, mediolateral width of distal end to mediolateral width at midshaft ratio: 2.0 or greater (0); less than 2.0 (1) (Wilson, 2002; Mannion et al., 2013).",Mannion et al. (2019) supplied character list,M19:C69,inherited_GR2018_block_provisional_distinct,,,"Wilson, 2002; Mannion et al., 2013",MC0395; MC0361; MC0405,moderate,2,2,2,M19; M26,no,2019,2026,7,frozen-v1.0,NOT_YET_AUDITED,,,FROZEN_CURRENT_ID,high,Accepted in Phase 2 after source-first review; no supported older canonical equivalent was identified.,,NOT_PHASE3_C12_TARGET,,,NOT_PHASE4_DE12_TARGET,,,NOT_PHASE5_GA11_TARGET,,,NOT_PHASE6_M26_TARGET,,,FROZEN_V1,moderate,Canonical identity frozen in MacronariaMatrix v1.0.0 after the multi-phase lineage and duplicate audit.
MC0509,ASTRAGALUS_MEDIOLATERAL_WIDTH_MAXIMUM_ANTEROPOSTERIOR_LENGTH,"Astragalus, mediolateral width to maximum anteroposterior length ratio: 1.5 or greater (0); less than 1.5 (1) (D’Emic, 2012; Mannion et al., 2013).",Mannion et al. (2019) supplied character list,M19:C71,inherited_GR2018_block_provisional_distinct,,,"D’Emic, 2012; Mannion et al., 2013",MC0212; MC0361; MC0020,moderate,2,2,2,M19; M26,no,2019,2026,7,frozen-v1.0,NOT_YET_AUDITED,,,FROZEN_CURRENT_ID,high,Accepted in Phase 2 after source-first review; no supported older canonical equivalent was identified.,,NOT_PHASE3_C12_TARGET,,,NOT_PHASE4_DE12_TARGET,,,NOT_PHASE5_GA11_TARGET,,,NOT_PHASE6_M26_TARGET,,,FROZEN_V1,moderate,Canonical identity frozen in MacronariaMatrix v1.0.0 after the multi-phase lineage and duplicate audit.
MC0510,METATARSALS_METATARSAL_V_PROXIMAL_END_DISTAL_END_MAXIMUM,"Metatarsals, metatarsal V proximal end to distal end maximum mediolateral width ratio: 1.6 or greater (0); less than 1.6 (1) (Mannion et al., 2013).",Mannion et al. (2019) supplied character list,M19:C74,inherited_GR2018_block_provisional_distinct,,,"Mannion et al., 2013",MC0221; MC0300; MC0222,moderate,2,2,2,M19; M26,no,2019,2026,7,frozen-v1.0,NOT_YET_AUDITED,,,FROZEN_CURRENT_ID,high,Accepted in Phase 2 after source-first review; no supported older canonical equivalent was identified.,,NOT_PHASE3_C12_TARGET,,,NOT_PHASE4_DE12_TARGET,,,NOT_PHASE5_GA11_TARGET,,,NOT_PHASE6_M26_TARGET,,,FROZEN_V1,moderate,Canonical identity frozen in MacronariaMatrix v1.0.0 after the multi-phase lineage and duplicate audit.
MC0511,JUGAL_QUADRATOJUGAL_CONTACT,"Jugal–quadratojugal contact: articulation point includes the posterior margin of jugal (0); posterior margin of jugal excluded from articulation and only the ventral margin of the jugal contributes to articu- lation (1) (Curry Rogers, 2005; Mannion et al., 2013).",Mannion et al. (2019) supplied character list,M19:C81,inherited_GR2018_block_provisional_distinct,,,"Curry Rogers, 2005; Mannion et al., 2013",MC0309; MC0031; MC0012,moderate,2,2,2,M19; M26,no,2019,2026,7,frozen-v1.0,NOT_YET_AUDITED,,,FROZEN_CURRENT_ID,high,Accepted in Phase 2 after source-first review; no supported older canonical equivalent was identified.,,NOT_PHASE3_C12_TARGET,,,NOT_PHASE4_DE12_TARGET,,,NOT_PHASE5_GA11_TARGET,,,NOT_PHASE6_M26_TARGET,,,FROZEN_V1,moderate,Canonical identity frozen in MacronariaMatrix v1.0.0 after the multi-phase lineage and duplicate audit.
MC0512,PREFRONTAL_POSTERIOR_END_DORSAL_VIEW,"Prefrontal, shape of posterior end in dorsal view: acute, with a subtriangular outline (0); broadly rounded or ‘square’ (1) (Berman & McIntosh, 1978; Upchurch, 1998; Mannion et al., 2013).",Mannion et al. (2019) supplied character list,M19:C82,inherited_GR2018_block_provisional_distinct,,,"Berman & McIntosh, 1978; Upchurch, 1998; Mannion et al., 2013",MC0159; MC0015; MC0409,moderate,2,2,2,M19; M26,no,2019,2026,7,frozen-v1.0,NOT_YET_AUDITED,,,FROZEN_CURRENT_ID,high,Accepted in Phase 2 after source-first review; no supported older canonical equivalent was identified.,,NOT_PHASE3_C12_TARGET,,,NOT_PHASE4_DE12_TARGET,,,NOT_PHASE5_GA11_TARGET,,,NOT_PHASE6_M26_TARGET,,,FROZEN_V1,moderate,Canonical identity frozen in MacronariaMatrix v1.0.0 after the multi-phase lineage and duplicate audit.
MC0513,FRONTAL_MEDIAL_CONVEXITY_DORSAL_VIEW,"Frontal, medial convexity in dorsal view: ab- sent (0); present (1) (Curry Rogers, 2005).",Mannion et al. (2019) supplied character list,M19:C83,inherited_GR2018_block_provisional_distinct,,,"Curry Rogers, 2005",MC0279; MC0299; MC0018,moderate,2,2,2,M19; M26,no,2019,2026,7,frozen-v1.0,NOT_YET_AUDITED,,,FROZEN_CURRENT_ID,high,Accepted in Phase 2 after source-first review; no supported older canonical equivalent was identified.,,NOT_PHASE3_C12_TARGET,,,NOT_PHASE4_DE12_TARGET,,,NOT_PHASE5_GA11_TARGET,,,NOT_PHASE6_M26_TARGET,,,FROZEN_V1,moderate,Canonical identity frozen in MacronariaMatrix v1.0.0 after the multi-phase lineage and duplicate audit.
MC0514,FRONTAL_POSITION_PARIETAL_SUTURE_SUPRATEMPORAL_FENESTRA,"Frontal, position of parietal suture relative to supratemporal fenestra: close to anterior margin of the fenestra (0); at approximately the centre of the fenestra or more posteriorly (1) (Tschopp & Mateus, 2013).",Mannion et al. (2019) supplied character list,M19:C84,inherited_GR2018_block_provisional_distinct,,,"Tschopp & Mateus, 2013",MC0025; MC0024; MC0026,moderate,2,2,2,M19; M26,no,2019,2026,7,frozen-v1.0,NOT_YET_AUDITED,,,FROZEN_CURRENT_ID,high,Accepted in Phase 2 after source-first review; no supported older canonical equivalent was identified.,,NOT_PHASE3_C12_TARGET,,,NOT_PHASE4_DE12_TARGET,,,NOT_PHASE5_GA11_TARGET,,,NOT_PHASE6_M26_TARGET,,,FROZEN_V1,moderate,Canonical identity frozen in MacronariaMatrix v1.0.0 after the multi-phase lineage and duplicate audit.
MC0517,QUADRATOJUGAL_ANTERIOR_RAMUS_VENTRAL_TRI_ANGULAR_PROJECTION,"Quadratojugal, anterior ramus, ventral tri- angular projection (close to the anterior tip): absent (0); present (1) (D’Emic, 2012).",Mannion et al. (2019) supplied character list,M19:C90,inherited_GR2018_block_provisional_distinct,,,"D’Emic, 2012",MC0417; MC0031; MC0314,moderate,2,2,2,M19; M26,no,2019,2026,7,frozen-v1.0,NOT_YET_AUDITED,,,FROZEN_CURRENT_ID,high,Accepted in Phase 2 after source-first review; no supported older canonical equivalent was identified.,,NOT_PHASE3_C12_TARGET,,,NOT_PHASE4_DE12_TARGET,,,NOT_PHASE5_GA11_TARGET,,,NOT_PHASE6_M26_TARGET,,,FROZEN_V1,moderate,Canonical identity frozen in MacronariaMatrix v1.0.0 after the multi-phase lineage and duplicate audit.
MC0518,QUADRATE_EXCAVATION_POSTERIOR,"Quadrate, excavation in the posterior surface: absent or shallow (0); deep (1) (Wilson & Sereno, 1998; Upchurch et al., 2004).",Mannion et al. (2019) supplied character list,M19:C91,inherited_GR2018_block_provisional_distinct,,,"Wilson & Sereno, 1998; Upchurch et al., 2004",MC0033; MC0034; MC0249,moderate,2,2,2,M19; M26,no,2019,2026,7,frozen-v1.0,NOT_YET_AUDITED,,,FROZEN_CURRENT_ID,high,Accepted in Phase 2 after source-first review; no supported older canonical equivalent was identified.,,NOT_PHASE3_C12_TARGET,,,NOT_PHASE4_DE12_TARGET,,,NOT_PHASE5_GA11_TARGET,,,NOT_PHASE6_M26_TARGET,,,FROZEN_V1,moderate,Canonical identity frozen in MacronariaMatrix v1.0.0 after the multi-phase lineage and duplicate audit.
MC0519,PALATOBASAL_CONTACT_FOR_BASIPTERYGOID_ARTICULA_TION_HAS_DORSOMEDIALLY,"Palatobasal contact for basipterygoid articula- tion has a dorsomedially oriented ‘hook’- or ‘finger’-like projection which curves round to clasp the end of the basipterygoid process: present (0); absent (1) (Madsen et al., 1995; Upchurch, 1998; Wilson & Sereno, 1998; Wilson, 2002; Mannion et al., 2013).",Mannion et al. (2019) supplied character list,M19:C93,inherited_GR2018_block_provisional_distinct,MC0036,split_from,"Madsen et al., 1995; Upchurch, 1998; Wilson & Sereno, 1998; Wilson, 2002; Mannion et al., 2013",MC0036; MC0051; MC0053,moderate,2,2,2,M19; M26,no,2019,2026,7,frozen-v1.0,NOT_YET_AUDITED,,,FROZEN_SPLIT_DESCENDANT,high,"Wilson's multistate palatobasal-contact shape is decomposed; this M19/M26 character isolates the hook-like component, while another M19/M26 character separately scores the rocker-like surface.",MC0036,NOT_PHASE3_C12_TARGET,,,NOT_PHASE4_DE12_TARGET,,,NOT_PHASE5_GA11_TARGET,,,NOT_PHASE6_M26_TARGET,,,FROZEN_V1,moderate,Canonical identity frozen in MacronariaMatrix v1.0.0 after the multi-phase lineage and duplicate audit.
MC0520,PALATINE_DORSOMEDIAL_BLADE_LATERAL_MARGIN,"Palatine, dorsomedial blade (that articulates with maxilla), lateral margin: curved (0); straight (1) (Wilson & Upchurch, 2009; Mannion et al., 2013).",Mannion et al. (2019) supplied character list,M19:C94,inherited_GR2018_block_provisional_distinct,,,"Wilson & Upchurch, 2009; Mannion et al., 2013",MC0291; MC0199; MC0261,moderate,2,2,2,M19; M26,no,2019,2026,7,frozen-v1.0,NOT_YET_AUDITED,,,FROZEN_CURRENT_ID,high,Accepted in Phase 2 after source-first review; no supported older canonical equivalent was identified.,,NOT_PHASE3_C12_TARGET,,,NOT_PHASE4_DE12_TARGET,,,NOT_PHASE5_GA11_TARGET,,,NOT_PHASE6_M26_TARGET,,,FROZEN_V1,moderate,Canonical identity frozen in MacronariaMatrix v1.0.0 after the multi-phase lineage and duplicate audit.
MC0521,BASAL_TUBERA_DEGREE_DIVERGENCE,"Basal tubera, degree of divergence: no diver- gence, or restricted to ventral half of basal tubera (0); extends into dorsal half of basal tubera, usually fully divergent (1) (Curry Rogers, 2005; Mannion, 2011; Mannion et al., 2013).",Mannion et al. (2019) supplied character list,M19:C97,inherited_GR2018_block_provisional_distinct,,,"Curry Rogers, 2005; Mannion, 2011; Mannion et al., 2013",MC0049; MC0048; MC0050,moderate,2,2,2,M19; M26,no,2019,2026,7,frozen-v1.0,NOT_YET_AUDITED,,,FROZEN_CURRENT_ID,high,Accepted in Phase 2 after source-first review; no supported older canonical equivalent was identified.,,NOT_PHASE3_C12_TARGET,,,NOT_PHASE4_DE12_TARGET,,,NOT_PHASE5_GA11_TARGET,,,NOT_PHASE6_M26_TARGET,,,FROZEN_V1,moderate,Canonical identity frozen in MacronariaMatrix v1.0.0 after the multi-phase lineage and duplicate audit.
MC0522,BASIOCCIPITAL_FORAMEN_PIT_POSTERIOR_BASAL_TUBERA,"Basioccipital, foramen or pit on the posterior surface of the basal tubera: absent (0); present (1) (Wilson, 2002; Mannion, 2011; Mannion et al., 2013; revised here to clarify character statement following Tschopp et al., 2015a).",Mannion et al. (2019) supplied character list,M19:C98,inherited_GR2018_block_provisional_distinct,,,"Wilson, 2002; Mannion, 2011; Mannion et al., 2013; revised here to clarify character statement following Tschopp et al., 2015a",MC0050; MC0049; MC0023,moderate,2,2,2,M19; M26,no,2019,2026,7,frozen-v1.0,NOT_YET_AUDITED,,,HOLD_SOURCE_REVIEW,moderate,"The basal-tubera posterior foramen/pit is anatomically close to the basioccipital depression character MC0050, but the exact position/proposition is not identical enough to freeze without source verification.",,NOT_PHASE3_C12_TARGET,,,NOT_PHASE4_DE12_TARGET,,,NOT_PHASE5_GA11_TARGET,,,NOT_PHASE6_M26_TARGET,,,FROZEN_CONSERVATIVE,high,A foramen/pit on the posterior surface of the basal tubera is anatomically distinct from the broader basioccipital depression between the foramen magnum and basal tubera.
MC0523,BASIOCCIPITAL_FORAMEN_FORAMINA_BETWEEN_BASAL_TUBERA_BASIPTERYGOID_PROCES,"Basioccipital, foramen/foramina between basal tubera and basipterygoid processes: present (0); ab- sent (1) (Wilson, 2002; Mannion, 2011; Mannion et al., 2013).",Mannion et al. (2019) supplied character list,M19:C99,inherited_GR2018_block_provisional_distinct,,,"Wilson, 2002; Mannion, 2011; Mannion et al., 2013",MC0050; MC0046; MC0047,moderate,2,2,2,M19; M26,no,2019,2026,7,frozen-v1.0,NOT_YET_AUDITED,,,FROZEN_CURRENT_ID,high,Accepted in Phase 2 after source-first review; no supported older canonical equivalent was identified.,,NOT_PHASE3_C12_TARGET,,,NOT_PHASE4_DE12_TARGET,,,NOT_PHASE5_GA11_TARGET,,,NOT_PHASE6_M26_TARGET,,,FROZEN_V1,moderate,Canonical identity frozen in MacronariaMatrix v1.0.0 after the multi-phase lineage and duplicate audit.
MC0524,BASAL_TUBERA_POSTERIOR_BORDERED_LAT_ERALLY_VENTRALLY_BY,"Basal tubera, posterior surface bordered lat- erally and ventrally by a raised, thickened lip: absent (0); present (1) (Wilson, 2002, 2005b; modified based on Mannion, 2011).",Mannion et al. (2019) supplied character list,M19:C100,inherited_GR2018_block_provisional_distinct,,,"Wilson, 2002, 2005b; modified based on Mannion, 2011",MC0050; MC0157; MC0049,moderate,2,2,2,M19; M26,no,2019,2026,7,frozen-v1.0,NOT_YET_AUDITED,,,FROZEN_CURRENT_ID,high,Accepted in Phase 2 after source-first review; no supported older canonical equivalent was identified.,,NOT_PHASE3_C12_TARGET,,,NOT_PHASE4_DE12_TARGET,,,NOT_PHASE5_GA11_TARGET,,,NOT_PHASE6_M26_TARGET,,,FROZEN_V1,moderate,Canonical identity frozen in MacronariaMatrix v1.0.0 after the multi-phase lineage and duplicate audit.
MC0525,TOOTH_CROWNS_UPPER_LOWER_TOOTH_ROWS_DIAMETERS,"Tooth crowns in upper and lower tooth rows, relative diameters: subequal (0); lower crowns smaller than upper crowns (1) (Chure et al., 2010).",Mannion et al. (2019) supplied character list,M19:C107,inherited_GR2018_block_provisional_distinct,,,"Chure et al., 2010",MC0069; MC0070; MC0331,moderate,2,2,2,M19; M26,no,2019,2026,7,frozen-v1.0,NOT_YET_AUDITED,,,FROZEN_CURRENT_ID,high,Accepted in Phase 2 after source-first review; no supported older canonical equivalent was identified.,,NOT_PHASE3_C12_TARGET,,,NOT_PHASE4_DE12_TARGET,,,NOT_PHASE5_GA11_TARGET,,,NOT_PHASE6_M26_TARGET,,,FROZEN_V1,moderate,Canonical identity frozen in MacronariaMatrix v1.0.0 after the multi-phase lineage and duplicate audit.
MC0527,TOOTH_CROWNS_LINGUAL,"Tooth crowns, lingual surface: concave or flat (0); convex (1) (Upchurch, 1998; Upchurch et al., 2004; Mannion et al., 2013).",Mannion et al. (2019) supplied character list,M19:C110,inherited_GR2018_block_provisional_distinct,,,"Upchurch, 1998; Upchurch et al., 2004; Mannion et al., 2013",MC0069; MC0331; MC0070,moderate,2,2,2,M19; M26,no,2019,2026,7,frozen-v1.0,NOT_YET_AUDITED,,,FROZEN_CURRENT_ID,high,Accepted in Phase 2 after source-first review; no supported older canonical equivalent was identified.,,NOT_PHASE3_C12_TARGET,,,NOT_PHASE4_DE12_TARGET,,,NOT_PHASE5_GA11_TARGET,,,NOT_PHASE6_M26_TARGET,,,FROZEN_V1,moderate,Canonical identity frozen in MacronariaMatrix v1.0.0 after the multi-phase lineage and duplicate audit.
MC0528,TOOTH_CROWNS_APICOBASALLY_ORIENTED_LINGUAL_RIDGE,"Tooth crowns, apicobasally oriented lingual ridge: present (0); absent (1) (Barrett et al., 2002; Mannion et al., 2013).",Mannion et al. (2019) supplied character list,M19:C111,inherited_GR2018_block_provisional_distinct,,,"Barrett et al., 2002; Mannion et al., 2013",MC0069; MC0331; MC0070,moderate,2,2,2,M19; M26,no,2019,2026,7,frozen-v1.0,NOT_YET_AUDITED,,,FROZEN_CURRENT_ID,high,Accepted in Phase 2 after source-first review; no supported older canonical equivalent was identified.,,NOT_PHASE3_C12_TARGET,,,NOT_PHASE4_DE12_TARGET,,,NOT_PHASE5_GA11_TARGET,,,NOT_PHASE6_M26_TARGET,,,FROZEN_V1,moderate,Canonical identity frozen in MacronariaMatrix v1.0.0 after the multi-phase lineage and duplicate audit.
MC0529,TOOTH_CROWNS_DISTINCT_MESIAL_DISTAL_CARI_NAE_ALONG,"Tooth crowns, distinct mesial and distal cari- nae (labiolingually thinner than the rest of the tooth crown) along the full crown length: absent (0); present (1) (Mannion, 2011; Mannion et al., 2013).",Mannion et al. (2019) supplied character list,M19:C112,inherited_GR2018_block_provisional_distinct,,,"Mannion, 2011; Mannion et al., 2013",MC0067; MC0333; MC0069,moderate,2,2,2,M19; M26,no,2019,2026,7,frozen-v1.0,NOT_YET_AUDITED,,,FROZEN_CURRENT_ID,high,Accepted in Phase 2 after source-first review; no supported older canonical equivalent was identified.,,NOT_PHASE3_C12_TARGET,,,NOT_PHASE4_DE12_TARGET,,,NOT_PHASE5_GA11_TARGET,,,NOT_PHASE6_M26_TARGET,,,FROZEN_V1,moderate,Canonical identity frozen in MacronariaMatrix v1.0.0 after the multi-phase lineage and duplicate audit.
MC0531,CERVICAL_ANTERIORMOST_DORSAL_INTERNAL_TISSUE_STRUCTURE,"Cervical and anteriormost dorsal vertebrae, internal tissue structure: solid (0); camerate (1); camel- late (2) (Wilson & Sereno, 1998; Carballido et al., 2011; Mannion et al., 2013).",Mannion et al. (2019) supplied character list,M19:C115,inherited_GR2018_block_provisional_distinct,MC0077,split_from,"Wilson & Sereno, 1998; Carballido et al., 2011; Mannion et al., 2013",MC0077; MC0113; MC0276,moderate,2,2,2,M19; M26,no,2019,2026,7,frozen-v1.0,NOT_YET_AUDITED,,,FROZEN_SPLIT_DESCENDANT,high,Presacral bone texture is regionalized in M19/M26 to cervical + anteriormost dorsal internal tissue structure.,MC0077,NOT_PHASE3_C12_TARGET,,,NOT_PHASE4_DE12_TARGET,,,NOT_PHASE5_GA11_TARGET,,,NOT_PHASE6_M26_TARGET,,,FROZEN_V1,moderate,Canonical identity frozen in MacronariaMatrix v1.0.0 after the multi-phase lineage and duplicate audit.
MC0532,CERVICAL_AXIS_MIDLINE_VENTRAL_KEEL,"Cervical axis, midline ventral keel: absent (0); present (1) (Mannion, 2011; Mannion et al., 2013).",Mannion et al. (2019) supplied character list,M19:C117,inherited_GR2018_block_provisional_distinct,,,"Mannion, 2011; Mannion et al., 2013",MC0250; MC0434; MC0303,moderate,2,2,2,M19; M26,no,2019,2026,7,frozen-v1.0,NOT_YET_AUDITED,,,FROZEN_CURRENT_ID,high,Accepted in Phase 2 after source-first review; no supported older canonical equivalent was identified.,,NOT_PHASE3_C12_TARGET,,,NOT_PHASE4_DE12_TARGET,,,NOT_PHASE5_GA11_TARGET,,,NOT_PHASE6_M26_TARGET,,,FROZEN_V1,moderate,Canonical identity frozen in MacronariaMatrix v1.0.0 after the multi-phase lineage and duplicate audit.
MC0533,POSTAXIAL_CERVICAL_CENTRA_ANTERIOR_HALF_VEN_TRAL_SURFACES,"Postaxial cervical centra, anterior half of ven- tral surfaces are: flat or mildly convex mediolater- ally (0); concave mediolaterally (1) (Upchurch, 1998; Mannion et al., 2013).",Mannion et al. (2019) supplied character list,M19:C118,inherited_GR2018_block_provisional_distinct,,,"Upchurch, 1998; Mannion et al., 2013",MC0404; MC0335; MC0084,moderate,2,2,2,M19; M26,no,2019,2026,7,frozen-v1.0,NOT_YET_AUDITED,,,FROZEN_CURRENT_ID,high,Accepted in Phase 2 after source-first review; no supported older canonical equivalent was identified.,,NOT_PHASE3_C12_TARGET,,,NOT_PHASE4_DE12_TARGET,,,NOT_PHASE5_GA11_TARGET,,,NOT_PHASE6_M26_TARGET,,,FROZEN_V1,moderate,Canonical identity frozen in MacronariaMatrix v1.0.0 after the multi-phase lineage and duplicate audit.
MC0534,POSTAXIAL_CERVICAL_CENTRA_POSTERIOR_HALF_VENTRAL_SURFACES_ARE,"Postaxial cervical centra, posterior half of ventral surfaces are: flat or mildly convex mediolat- erally (0); concave mediolaterally (1) (Upchurch, 1998; Mannion et al., 2013).",Mannion et al. (2019) supplied character list,M19:C119,inherited_GR2018_block_provisional_distinct,,,"Upchurch, 1998; Mannion et al., 2013",MC0404; MC0335; MC0349,moderate,2,2,2,M19; M26,no,2019,2026,7,frozen-v1.0,NOT_YET_AUDITED,,,FROZEN_CURRENT_ID,high,Accepted in Phase 2 after source-first review; no supported older canonical equivalent was identified.,,NOT_PHASE3_C12_TARGET,,,NOT_PHASE4_DE12_TARGET,,,NOT_PHASE5_GA11_TARGET,,,NOT_PHASE6_M26_TARGET,,,FROZEN_V1,moderate,Canonical identity frozen in MacronariaMatrix v1.0.0 after the multi-phase lineage and duplicate audit.
MC0535,POSTAXIAL_CERVICAL_CENTRA_VENTRAL_MIDLINE_KEEL,"Postaxial cervical centra, ventral midline keel: present (0); absent (1) (Upchurch, 1998; Mannion et al., 2013).",Mannion et al. (2019) supplied character list,M19:C120,inherited_GR2018_block_provisional_distinct,,,"Upchurch, 1998; Mannion et al., 2013",MC0250; MC0434; MC0132,moderate,2,2,2,M19; M26,no,2019,2026,7,frozen-v1.0,NOT_YET_AUDITED,,,FROZEN_CURRENT_ID,high,Accepted in Phase 2 after source-first review; no supported older canonical equivalent was identified.,,NOT_PHASE3_C12_TARGET,,,NOT_PHASE4_DE12_TARGET,,,NOT_PHASE5_GA11_TARGET,,,NOT_PHASE6_M26_TARGET,,,FROZEN_V1,moderate,Canonical identity frozen in MacronariaMatrix v1.0.0 after the multi-phase lineage and duplicate audit.
MC0536,POSTAXIAL_CERVICAL_CENTRA_PARAPOPHYSES_DOR_SALLY_EXCAVATED,"Postaxial cervical centra, parapophyses dor- sally excavated: absent (0); present (1) (Upchurch, 1998; Mannion et al., 2013).",Mannion et al. (2019) supplied character list,M19:C121,inherited_GR2018_block_provisional_distinct,,,"Upchurch, 1998; Mannion et al., 2013",MC0249; MC0343; MC0425,moderate,2,2,2,M19; M26,no,2019,2026,7,frozen-v1.0,NOT_YET_AUDITED,,,FROZEN_CURRENT_ID,high,Accepted in Phase 2 after source-first review; no supported older canonical equivalent was identified.,,NOT_PHASE3_C12_TARGET,,,NOT_PHASE4_DE12_TARGET,,,NOT_PHASE5_GA11_TARGET,,,NOT_PHASE6_M26_TARGET,,,FROZEN_V1,moderate,Canonical identity frozen in MacronariaMatrix v1.0.0 after the multi-phase lineage and duplicate audit.
MC0537,POSTAXIAL_CERVICAL_CENTRA_LATERAL_SURFACES,"Postaxial cervical centra, lateral surfaces: lack an excavation or have a shallow fossa (0); pos- sess a deep foramen that is not divided into portions by accessory laminae (1); have a deep foramen that is divided into separate portions by one prominent and occasionally several smaller accessory laminae (2) (McIntosh, 1990; Russell & Zheng, 1993; Upchurch, 1995, 1998) [ordered].",Mannion et al. (2019) supplied character list,M19:C122,inherited_GR2018_block_provisional_distinct,,,"McIntosh, 1990; Russell & Zheng, 1993; Upchurch, 1995, 1998",MC0356; MC0355; MC0270,moderate,1,1,1,M19,no,2019,2019,0,frozen-v1.0,NOT_YET_AUDITED,,,NOT_PHASE2_TARGET,,,,NOT_PHASE3_C12_TARGET,,,NOT_PHASE4_DE12_TARGET,,,NOT_PHASE5_GA11_TARGET,,,NOT_PHASE6_M26_TARGET,,,FROZEN_HISTORICAL_PARENT,high,M19 C122 is retained as the historical compound parent that combines depth of the postaxial cervical pneumatic excavation with subdivision by accessory laminae. M26 decomposes those dimensions into MC0916 and MC0924.
MC0538,MIDDLE_CERVICAL_CENTRA_LATERAL_PNEUMATIC_FOSSA_FORAMEN_EXTENDS,"Middle cervical centra, lateral pneumatic fossa/foramen extends almost to the posterior end of the centrum, leaving only a thin strip of bone: ab- sent (0); present (1) (Wedel et al., 2000; D’Emic, 2013; Mannion et al., 2013).",Mannion et al. (2019) supplied character list,M19:C123,inherited_GR2018_block_provisional_distinct,,,"Wedel et al., 2000; D’Emic, 2013; Mannion et al., 2013",MC0086; MC0266; MC0267,moderate,2,2,2,M19; M26,no,2019,2026,7,frozen-v1.0,NOT_YET_AUDITED,,,FROZEN_CURRENT_ID,high,Accepted in Phase 2 after source-first review; no supported older canonical equivalent was identified.,,NOT_PHASE3_C12_TARGET,,,NOT_PHASE4_DE12_TARGET,,,NOT_PHASE5_GA11_TARGET,,,NOT_PHASE6_M26_TARGET,,,FROZEN_V1,moderate,Canonical identity frozen in MacronariaMatrix v1.0.0 after the multi-phase lineage and duplicate audit.
MC0540,MIDDLE_POSTERIOR_CERVICAL_CENTRA_PARAPO_PHYSES,"Middle–posterior cervical centra, parapo- physes: restricted to anterior half of centrum (exclud- ing condylar ball) (0); elongate, extending more than half of the centrum length (excluding condylar ball) (D’Emic, 2012; Mannion et al., 2013).",Mannion et al. (2019) supplied character list,M19:C125,inherited_GR2018_block_provisional_distinct,,,"D’Emic, 2012; Mannion et al., 2013",MC0424; MC0437; MC0269,moderate,2,2,2,M19; M26,no,2019,2026,7,frozen-v1.0,NOT_YET_AUDITED,,,FROZEN_CURRENT_ID,high,Accepted in Phase 2 after source-first review; no supported older canonical equivalent was identified.,,NOT_PHASE3_C12_TARGET,,,NOT_PHASE4_DE12_TARGET,,,NOT_PHASE5_GA11_TARGET,,,NOT_PHASE6_M26_TARGET,,,FROZEN_V1,moderate,Canonical identity frozen in MacronariaMatrix v1.0.0 after the multi-phase lineage and duplicate audit.
MC0541,CERVICAL_NEURAL_ARCHES_PRE_EPIPOPHYSES_PRESENT_PREZYGAPOPHYSES,"Cervical neural arches, ‘pre-epipophyses’ present on prezygapophyses: absent (0); present (1) (Wilson & Upchurch, 2009; Mannion et al., 2013).",Mannion et al. (2019) supplied character list,M19:C126,inherited_GR2018_block_provisional_distinct,,,"Wilson & Upchurch, 2009; Mannion et al., 2013",MC0097; MC0420; MC0249,moderate,2,2,2,M19; M26,no,2019,2026,7,frozen-v1.0,NOT_YET_AUDITED,,,FROZEN_CURRENT_ID,high,Accepted in Phase 2 after source-first review; no supported older canonical equivalent was identified.,,NOT_PHASE3_C12_TARGET,,,NOT_PHASE4_DE12_TARGET,,,NOT_PHASE5_GA11_TARGET,,,NOT_PHASE6_M26_TARGET,,,FROZEN_V1,moderate,Canonical identity frozen in MacronariaMatrix v1.0.0 after the multi-phase lineage and duplicate audit.
MC0542,CERVICAL_NEURAL_ARCHES_EPIPOPHYSES_PRESENT_POSTZYGAPOPHYSES,"Cervical neural arches, epipophyses present on postzygapophyses: absent (0); present (1) (Yates, 2007).",Mannion et al. (2019) supplied character list,M19:C127,inherited_GR2018_block_provisional_distinct,,,"Yates, 2007",MC0420; MC0249; MC0125,moderate,2,2,2,M19; M26,no,2019,2026,7,frozen-v1.0,NOT_YET_AUDITED,,,FROZEN_CURRENT_ID,high,Accepted in Phase 2 after source-first review; no supported older canonical equivalent was identified.,,NOT_PHASE3_C12_TARGET,,,NOT_PHASE4_DE12_TARGET,,,NOT_PHASE5_GA11_TARGET,,,NOT_PHASE6_M26_TARGET,,,FROZEN_V1,moderate,Canonical identity frozen in MacronariaMatrix v1.0.0 after the multi-phase lineage and duplicate audit.
MC0544,CERVICAL_NEURAL_ARCHES_EPIPOPHYSEAL_PREZYGAPOPHYSEAL_LAMINA,"Cervical neural arches, epipophyseal– prezygapophyseal lamina (EPRL): absent (0); present (1) (Sereno et al., 2007; Wilson & Upchurch, 2009).",Mannion et al. (2019) supplied character list,M19:C129,inherited_GR2018_block_provisional_distinct,,,"Sereno et al., 2007; Wilson & Upchurch, 2009",MC0421; MC0097; MC0099,moderate,2,2,2,M19; M26,no,2019,2026,7,frozen-v1.0,NOT_YET_AUDITED,,,FROZEN_CURRENT_ID,high,Accepted in Phase 2 after source-first review; no supported older canonical equivalent was identified.,,NOT_PHASE3_C12_TARGET,,,NOT_PHASE4_DE12_TARGET,,,NOT_PHASE5_GA11_TARGET,,,NOT_PHASE6_M26_TARGET,,,FROZEN_V1,moderate,Canonical identity frozen in MacronariaMatrix v1.0.0 after the multi-phase lineage and duplicate audit.
MC0547,CERVICAL_BIFURCATED_NEURAL_SPINES_MEDIAN_AT_BASE_NOTCH,"Cervical bifurcated neural spines (excluding the posteriormost cervical vertebrae), median process at base of ‘notch’: absent (0); present (1) (Gauthier, 1986; McIntosh, 1990; Upchurch, 1995, 1998; Wilson & Sereno, 1998; Mannion et al., 2013).",Mannion et al. (2019) supplied character list,M19:C133,inherited_GR2018_block_provisional_distinct,,,"Gauthier, 1986; McIntosh, 1990; Upchurch, 1995, 1998; Wilson & Sereno, 1998; Mannion et al., 2013",MC0268; MC0250; MC0090,moderate,2,2,2,M19; M26,no,2019,2026,7,frozen-v1.0,NOT_YET_AUDITED,,,FROZEN_CURRENT_ID,high,Accepted in Phase 2 after source-first review; no supported older canonical equivalent was identified.,,NOT_PHASE3_C12_TARGET,,,NOT_PHASE4_DE12_TARGET,,,NOT_PHASE5_GA11_TARGET,,,NOT_PHASE6_M26_TARGET,,,FROZEN_V1,moderate,Canonical identity frozen in MacronariaMatrix v1.0.0 after the multi-phase lineage and duplicate audit.
MC0548,MIDDLE_CERVICAL_NEURAL_SPINES_ABRUPT_INCREASE_HEIGHT_FOLLOWING,"Middle cervical neural spines, abrupt increase in height (height approximately doubled), following low anterior cervical neural spines (occurs around CV6-8): absent (0); present (1) (Wedel et al., 2000; Rose, 2007; Mannion et al., 2013).",Mannion et al. (2019) supplied character list,M19:C134,inherited_GR2018_block_provisional_distinct,,,"Wedel et al., 2000; Rose, 2007; Mannion et al., 2013",MC0085; MC0426; MC0084,moderate,2,2,2,M19; M26,no,2019,2026,7,frozen-v1.0,NOT_YET_AUDITED,,,FROZEN_CURRENT_ID,high,Accepted in Phase 2 after source-first review; no supported older canonical equivalent was identified.,,NOT_PHASE3_C12_TARGET,,,NOT_PHASE4_DE12_TARGET,,,NOT_PHASE5_GA11_TARGET,,,NOT_PHASE6_M26_TARGET,,,FROZEN_V1,moderate,Canonical identity frozen in MacronariaMatrix v1.0.0 after the multi-phase lineage and duplicate audit.
MC0549,MIDDLE_CERVICAL_NEURAL_SPINES_DORSAL_MEDIOLATERALLY_ORIENTED_MIDLINE,"Middle cervical neural spines, dorsal surface with mediolaterally oriented midline ridge flanked by small fossae at its anterior and posterior ends: absent (0); present (1) (D’Emic, 2013; Mannion et al., 2013).",Mannion et al. (2019) supplied character list,M19:C135,inherited_GR2018_block_provisional_distinct,,,"D’Emic, 2013; Mannion et al., 2013",MC0089; MC0268; MC0085,moderate,2,2,2,M19; M26,no,2019,2026,7,frozen-v1.0,NOT_YET_AUDITED,,,FROZEN_CURRENT_ID,high,Accepted in Phase 2 after source-first review; no supported older canonical equivalent was identified.,,NOT_PHASE3_C12_TARGET,,,NOT_PHASE4_DE12_TARGET,,,NOT_PHASE5_GA11_TARGET,,,NOT_PHASE6_M26_TARGET,,,FROZEN_V1,moderate,Canonical identity frozen in MacronariaMatrix v1.0.0 after the multi-phase lineage and duplicate audit.
MC0550,POSTERIORMOST_CERVICAL_ANTERIOR_DORSAL_UNBIFURCATED_NEURAL_SPINES_PRESPI,"Posteriormost cervical and anterior dorsal unbifurcated neural spines, prespinal lamina: absent (0); present (1) (Salgado et al., 1997; D’Emic, 2012).",Mannion et al. (2019) supplied character list,M19:C137,inherited_GR2018_block_provisional_distinct,,,"Salgado et al., 1997; D’Emic, 2012",MC0089; MC0123; MC0275,moderate,2,2,2,M19; M26,no,2019,2026,7,frozen-v1.0,NOT_YET_AUDITED,,,FROZEN_CURRENT_ID,high,Accepted in Phase 2 after source-first review; no supported older canonical equivalent was identified.,,NOT_PHASE3_C12_TARGET,,,NOT_PHASE4_DE12_TARGET,,,NOT_PHASE5_GA11_TARGET,,,NOT_PHASE6_M26_TARGET,,,FROZEN_V1,moderate,Canonical identity frozen in MacronariaMatrix v1.0.0 after the multi-phase lineage and duplicate audit.
MC0551,CERVICAL_RIBS_LONGEST_SHAFTS_ARE,"Cervical ribs, longest shafts are: short and do not project far beyond the end of the centrum to which they attach (0); elongate and form overlapping bundles (1) (McIntosh, 1990; Upchurch, 1995, 1998; Mannion et al., 2013).",Mannion et al. (2019) supplied character list,M19:C139,inherited_GR2018_block_provisional_distinct,,,"McIntosh, 1990; Upchurch, 1995, 1998; Mannion et al., 2013",MC0140; MC0425; MC0112,moderate,2,2,2,M19; M26,no,2019,2026,7,frozen-v1.0,NOT_YET_AUDITED,,,FROZEN_CURRENT_ID,high,Accepted in Phase 2 after source-first review; no supported older canonical equivalent was identified.,,NOT_PHASE3_C12_TARGET,,,NOT_PHASE4_DE12_TARGET,,,NOT_PHASE5_GA11_TARGET,,,NOT_PHASE6_M26_TARGET,,,FROZEN_V1,moderate,Canonical identity frozen in MacronariaMatrix v1.0.0 after the multi-phase lineage and duplicate audit.
MC0552,CERVICAL_RIBS_LONGEST_SHAFTS_EXTEND_BENEATH,"Cervical ribs, longest shafts extend beneath: fewer than 3 vertebrae (0); 3 vertebrae or more (1) [Wedel et al., 2000; Mannion et al., 2013; revised here so that taxa with short ribs (scored with the plesiomor- phic state for C139) are scored as a ‘?’].",Mannion et al. (2019) supplied character list,M19:C140,inherited_GR2018_block_provisional_distinct,,,,MC0108; MC0080; MC0114,moderate,2,2,2,M19; M26,no,2019,2026,7,frozen-v1.0,NOT_YET_AUDITED,,,FROZEN_CURRENT_ID,high,Accepted in Phase 2 after source-first review; no supported older canonical equivalent was identified.,,NOT_PHASE3_C12_TARGET,,,NOT_PHASE4_DE12_TARGET,,,NOT_PHASE5_GA11_TARGET,,,NOT_PHASE6_M26_TARGET,,,FROZEN_V1,moderate,Canonical identity frozen in MacronariaMatrix v1.0.0 after the multi-phase lineage and duplicate audit.
MC0553,MIDDLE_POSTERIOR_DORSAL_INTERNAL_TISSUE_TEXTURE,"Middle–posterior dorsal vertebrae, internal tissue texture: solid (0); camerate (1); camellate (2) (Wilson & Sereno, 1998; Carballido et al., 2011; Mannion et al., 2013).",Mannion et al. (2019) supplied character list,M19:C141,inherited_GR2018_block_provisional_distinct,MC0077,split_from,"Wilson & Sereno, 1998; Carballido et al., 2011; Mannion et al., 2013",MC0077; MC0113; MC0276,moderate,2,2,2,M19; M26,no,2019,2026,7,frozen-v1.0,NOT_YET_AUDITED,,,FROZEN_SPLIT_DESCENDANT,high,Presacral bone texture is regionalized in M19/M26 to middle–posterior dorsal internal tissue structure.,MC0077,NOT_PHASE3_C12_TARGET,,,NOT_PHASE4_DE12_TARGET,,,NOT_PHASE5_GA11_TARGET,,,NOT_PHASE6_M26_TARGET,,,FROZEN_V1,moderate,Canonical identity frozen in MacronariaMatrix v1.0.0 after the multi-phase lineage and duplicate audit.
MC0555,DORSAL_CENTRA_LATERAL_PNEUMATIC_FORAMEN,"Dorsal centra, lateral pneumatic foramen: ab- sent (0); present (1) (Upchurch, 1998).",Mannion et al. (2019) supplied character list,M19:C143,inherited_GR2018_block_provisional_distinct,,,"Upchurch, 1998",MC0236; MC0023; MC0357,moderate,2,2,2,M19; M26,no,2019,2026,7,frozen-v1.0,NOT_YET_AUDITED,,,FROZEN_CURRENT_ID,high,Accepted in Phase 2 after source-first review; no supported older canonical equivalent was identified.,,NOT_PHASE3_C12_TARGET,,,NOT_PHASE4_DE12_TARGET,,,NOT_PHASE5_GA11_TARGET,,,NOT_PHASE6_M26_TARGET,,,FROZEN_V1,moderate,Canonical identity frozen in MacronariaMatrix v1.0.0 after the multi-phase lineage and duplicate audit.
MC0556,DORSAL_CENTRA_LATERAL_PNEUMATIC_FORAMINA_ARE,"Dorsal centra, lateral pneumatic foramina are: shallow fossae or excavations that do not ramify throughout the centrum (0); deep excavations that ramify throughout the centrum and into the base of the neural arch, often leaving only a thin septum on the midline of the centrum (1) (Upchurch, 1998; Mannion et al., 2013).",Mannion et al. (2019) supplied character list,M19:C144,inherited_GR2018_block_provisional_distinct,,,"Upchurch, 1998; Mannion et al., 2013",MC0341; MC0127; MC0437,moderate,2,2,2,M19; M26,no,2019,2026,7,frozen-v1.0,NOT_YET_AUDITED,,,FROZEN_CURRENT_ID,high,Accepted in Phase 2 after source-first review; no supported older canonical equivalent was identified.,,NOT_PHASE3_C12_TARGET,,,NOT_PHASE4_DE12_TARGET,,,NOT_PHASE5_GA11_TARGET,,,NOT_PHASE6_M26_TARGET,,,FROZEN_V1,moderate,Canonical identity frozen in MacronariaMatrix v1.0.0 after the multi-phase lineage and duplicate audit.
MC0558,ANTERIOR_DORSAL_CENTRA_LATERAL_PNEUMATIC_FORAMINA_HAVE,"Anterior dorsal centra, lateral pneumatic foramina have: rounded posterior margins (0); acute posterior margins (1) (Upchurch, 1998).",Mannion et al. (2019) supplied character list,M19:C146,inherited_GR2018_block_provisional_distinct,,,"Upchurch, 1998",MC0094; MC0348; MC0089,moderate,2,2,2,M19; M26,no,2019,2026,7,frozen-v1.0,NOT_YET_AUDITED,,,FROZEN_CURRENT_ID,high,Accepted in Phase 2 after source-first review; no supported older canonical equivalent was identified.,,NOT_PHASE3_C12_TARGET,,,NOT_PHASE4_DE12_TARGET,,,NOT_PHASE5_GA11_TARGET,,,NOT_PHASE6_M26_TARGET,,,FROZEN_V1,moderate,Canonical identity frozen in MacronariaMatrix v1.0.0 after the multi-phase lineage and duplicate audit.
MC0559,MIDDLE_POSTERIOR_DORSAL_CENTRA_ANTERIOR_AR_TICULAR_FACE,"Middle–posterior dorsal centra, anterior ar- ticular face shape: flat or concave (0); mildly convex, with degree of convexity notably reducing along the dorsal sequence (1); strongly convex, with degree of convexity approximately consistent along the dorsal sequence (2) (Salgado et al., 1997; Wilson & Sereno, 1998; Mannion et al., 2013) [ordered].",Mannion et al. (2019) supplied character list,M19:C147,inherited_GR2018_block_provisional_distinct,,,"Salgado et al., 1997; Wilson & Sereno, 1998; Mannion et al., 2013",MC0134; MC0105; MC0094,moderate,2,2,2,M19; M26,no,2019,2026,7,frozen-v1.0,NOT_YET_AUDITED,,,FROZEN_CURRENT_ID,high,Accepted in Phase 2 after source-first review; no supported older canonical equivalent was identified.,,NOT_PHASE3_C12_TARGET,,,NOT_PHASE4_DE12_TARGET,,,NOT_PHASE5_GA11_TARGET,,,NOT_PHASE6_M26_TARGET,,,FROZEN_V1,moderate,Canonical identity frozen in MacronariaMatrix v1.0.0 after the multi-phase lineage and duplicate audit.
MC0560,MIDDLE_POSTERIOR_DORSAL_NEURAL_ARCHES_HYPO_SPHENE,"Middle–posterior dorsal neural arches, hypo- sphene shape: narrow, ventral end subequal to or only slightly wider than dorsal tip (0); wide, triangular shape, with ventral end at least twice width of dorsal tip (1) (Apesteguía, 2005b; Mannion et al., 2013).",Mannion et al. (2019) supplied character list,M19:C150,inherited_GR2018_block_provisional_distinct,,,"Apesteguía, 2005b; Mannion et al., 2013",MC0100; MC0102; MC0106,moderate,2,2,2,M19; M26,no,2019,2026,7,frozen-v1.0,NOT_YET_AUDITED,,,FROZEN_CURRENT_ID,high,Accepted in Phase 2 after source-first review; no supported older canonical equivalent was identified.,,NOT_PHASE3_C12_TARGET,,,NOT_PHASE4_DE12_TARGET,,,NOT_PHASE5_GA11_TARGET,,,NOT_PHASE6_M26_TARGET,,,FROZEN_V1,moderate,Canonical identity frozen in MacronariaMatrix v1.0.0 after the multi-phase lineage and duplicate audit.
MC0561,MIDDLE_POSTERIOR_DORSAL_NEURAL_ARCHES_POS_TERIOR_CENTRODIAPOPHYSEAL,"Middle–posterior dorsal neural arches, pos- terior centrodiapophyseal lamina (PCDL): has an unexpanded ventral tip (0); expands and bifurcates to- wards its ventral tip (1) (Salgado et al., 1997).",Mannion et al. (2019) supplied character list,M19:C151,inherited_GR2018_block_provisional_distinct,,,"Salgado et al., 1997",MC0098; MC0099; MC0103,moderate,2,2,2,M19; M26,no,2019,2026,7,frozen-v1.0,NOT_YET_AUDITED,,,FROZEN_CURRENT_ID,high,Accepted in Phase 2 after source-first review; no supported older canonical equivalent was identified.,,NOT_PHASE3_C12_TARGET,,,NOT_PHASE4_DE12_TARGET,,,NOT_PHASE5_GA11_TARGET,,,NOT_PHASE6_M26_TARGET,,,FROZEN_V1,moderate,Canonical identity frozen in MacronariaMatrix v1.0.0 after the multi-phase lineage and duplicate audit.
MC0562,MIDDLE_POSTERIOR_DORSAL_NEURAL_ARCHES_POSTZY_GODIAPOPHYSEAL_LAMINA,"Middle–posterior dorsal neural arches, postzy- godiapophyseal lamina (PODL): present (0); absent (1) (Salgado et al., 1997; Sanz et al., 1999; Mannion et al., 2013).",Mannion et al. (2019) supplied character list,M19:C152,inherited_GR2018_block_provisional_distinct,,,"Salgado et al., 1997; Sanz et al., 1999; Mannion et al., 2013",MC0099; MC0097; MC0101,moderate,2,2,2,M19; M26,no,2019,2026,7,frozen-v1.0,NOT_YET_AUDITED,,,FROZEN_CURRENT_ID,high,Accepted in Phase 2 after source-first review; no supported older canonical equivalent was identified.,,NOT_PHASE3_C12_TARGET,,,NOT_PHASE4_DE12_TARGET,,,NOT_PHASE5_GA11_TARGET,,,NOT_PHASE6_M26_TARGET,,,FROZEN_V1,moderate,Canonical identity frozen in MacronariaMatrix v1.0.0 after the multi-phase lineage and duplicate audit.
MC0563,ANTERIOR_DORSAL_DIAPOPHYSES_ARE,"Anterior dorsal diapophyses are: directed lat- erally or slightly upwards (0); directed strongly dorso- laterally at approximately 45° to the horizontal (1) (Upchurch, 1998; Mannion et al., 2013).",Mannion et al. (2019) supplied character list,M19:C153,inherited_GR2018_block_provisional_distinct,,,"Upchurch, 1998; Mannion et al., 2013",MC0347; MC0260; MC0284,moderate,2,2,2,M19; M26,no,2019,2026,7,frozen-v1.0,NOT_YET_AUDITED,,,FROZEN_CURRENT_ID,high,Accepted in Phase 2 after source-first review; no supported older canonical equivalent was identified.,,NOT_PHASE3_C12_TARGET,,,NOT_PHASE4_DE12_TARGET,,,NOT_PHASE5_GA11_TARGET,,,NOT_PHASE6_M26_TARGET,,,FROZEN_V1,moderate,Canonical identity frozen in MacronariaMatrix v1.0.0 after the multi-phase lineage and duplicate audit.
MC0564,ANTERIOR_MIDDLE_DORSAL_DIAPOPHYSES,"Anterior–middle dorsal diapophyses: short and dorsoventrally tall (0); elongate and dorsoven- trally narrow (1) (Janensch, 1950; Taylor, 2009; D’Emic, 2012).",Mannion et al. (2019) supplied character list,M19:C154,inherited_GR2018_block_provisional_distinct,,,"Janensch, 1950; Taylor, 2009; D’Emic, 2012",MC0431; MC0432; MC0131,moderate,2,2,2,M19; M26,no,2019,2026,7,frozen-v1.0,NOT_YET_AUDITED,,,FROZEN_CURRENT_ID,high,Accepted in Phase 2 after source-first review; no supported older canonical equivalent was identified.,,NOT_PHASE3_C12_TARGET,,,NOT_PHASE4_DE12_TARGET,,,NOT_PHASE5_GA11_TARGET,,,NOT_PHASE6_M26_TARGET,,,FROZEN_V1,moderate,Canonical identity frozen in MacronariaMatrix v1.0.0 after the multi-phase lineage and duplicate audit.
MC0565,MIDDLE_POSTERIOR_DORSAL_DIAPOPHYSES_ARE,"Middle–posterior dorsal diapophyses are: directed strongly dorsolaterally at approximately 45° to the horizontal (0); directed laterally or slightly up- wards (1) (Upchurch, 1998; Mannion et al., 2013).",Mannion et al. (2019) supplied character list,M19:C155,inherited_GR2018_block_provisional_distinct,,,"Upchurch, 1998; Mannion et al., 2013",MC0347; MC0260; MC0104,moderate,2,2,2,M19; M26,no,2019,2026,7,frozen-v1.0,NOT_YET_AUDITED,,,FROZEN_CURRENT_ID,high,Accepted in Phase 2 after source-first review; no supported older canonical equivalent was identified.,,NOT_PHASE3_C12_TARGET,,,NOT_PHASE4_DE12_TARGET,,,NOT_PHASE5_GA11_TARGET,,,NOT_PHASE6_M26_TARGET,,,FROZEN_V1,moderate,Canonical identity frozen in MacronariaMatrix v1.0.0 after the multi-phase lineage and duplicate audit.
MC0566,MIDDLE_POSTERIOR_DORSAL_DIAPOPHYSES_DISTAL_END,"Middle–posterior dorsal diapophyses, distal end: curves smoothly into the remaining dorsal surface of the process (0); is set off from the remaining dorsal surface by a lip, forming a distinct area (1) (Sanz et al., 1999; Upchurch et al., 2004; D’Emic, 2012).",Mannion et al. (2019) supplied character list,M19:C156,inherited_GR2018_block_provisional_distinct,,,"Sanz et al., 1999; Upchurch et al., 2004; D’Emic, 2012",MC0354; MC0104; MC0102,moderate,2,2,2,M19; M26,no,2019,2026,7,frozen-v1.0,NOT_YET_AUDITED,,,FROZEN_CURRENT_ID,high,Accepted in Phase 2 after source-first review; no supported older canonical equivalent was identified.,,NOT_PHASE3_C12_TARGET,,,NOT_PHASE4_DE12_TARGET,,,NOT_PHASE5_GA11_TARGET,,,NOT_PHASE6_M26_TARGET,,,FROZEN_V1,moderate,Canonical identity frozen in MacronariaMatrix v1.0.0 after the multi-phase lineage and duplicate audit.
MC0567,POSTERIORMOST_DORSAL_DIAPOPHYSES_LIE,"Posteriormost dorsal diapophyses lie: pos- terior or posterodorsal to the parapophysis (0); verti- cally above the parapophysis (1) (Upchurch, 1998).",Mannion et al. (2019) supplied character list,M19:C157,inherited_GR2018_block_provisional_distinct,,,"Upchurch, 1998",MC0098; MC0276; MC0249,moderate,2,2,2,M19; M26,no,2019,2026,7,frozen-v1.0,NOT_YET_AUDITED,,,FROZEN_CURRENT_ID,high,Accepted in Phase 2 after source-first review; no supported older canonical equivalent was identified.,,NOT_PHASE3_C12_TARGET,,,NOT_PHASE4_DE12_TARGET,,,NOT_PHASE5_GA11_TARGET,,,NOT_PHASE6_M26_TARGET,,,FROZEN_V1,moderate,Canonical identity frozen in MacronariaMatrix v1.0.0 after the multi-phase lineage and duplicate audit.
MC0568,DORSAL_NEURAL_SPINES_HEIGHT,"Dorsal neural spines, height: anterior dorsal neural spines subequal to or dorsoventrally shorter than posterior dorsal neural spines (0); anterior dorsal neural spines dorsoventrally taller than posterior dorsal neural spines (1) (Wilson, 2002; Taylor, 2009; Mannion et al., 2013).",Mannion et al. (2019) supplied character list,M19:C158,inherited_GR2018_block_provisional_distinct,,,"Wilson, 2002; Taylor, 2009; Mannion et al., 2013",MC0271; MC0089; MC0274,moderate,2,2,2,M19; M26,no,2019,2026,7,frozen-v1.0,NOT_YET_AUDITED,,,FROZEN_CURRENT_ID,high,Accepted in Phase 2 after source-first review; no supported older canonical equivalent was identified.,,NOT_PHASE3_C12_TARGET,,,NOT_PHASE4_DE12_TARGET,,,NOT_PHASE5_GA11_TARGET,,,NOT_PHASE6_M26_TARGET,,,FROZEN_V1,moderate,Canonical identity frozen in MacronariaMatrix v1.0.0 after the multi-phase lineage and duplicate audit.
MC0569,DORSAL_NEURAL_SPINES_ANTEROPOSTERIOR_WIDTH,"Dorsal neural spines, anteroposterior width: approximately constant along the height of the spine, with subparallel anterior and posterior margins (0); narrows dorsally to form a triangular shape in lateral view, with the base approximately twice the width as the dorsal tip (1) (Taylor, 2009; Mannion et al., 2013).",Mannion et al. (2019) supplied character list,M19:C159,inherited_GR2018_block_provisional_distinct,,,"Taylor, 2009; Mannion et al., 2013",MC0093; MC0271; MC0089,moderate,2,2,2,M19; M26,no,2019,2026,7,frozen-v1.0,NOT_YET_AUDITED,,,FROZEN_CURRENT_ID,high,Accepted in Phase 2 after source-first review; no supported older canonical equivalent was identified.,,NOT_PHASE3_C12_TARGET,,,NOT_PHASE4_DE12_TARGET,,,NOT_PHASE5_GA11_TARGET,,,NOT_PHASE6_M26_TARGET,,,FROZEN_V1,moderate,Canonical identity frozen in MacronariaMatrix v1.0.0 after the multi-phase lineage and duplicate audit.
MC0571,MIDDLE_DORSAL_NEURAL_SPINES,"Middle dorsal neural spines: unbifurcated (0); bifurcated (dorsal surface excavated transversely) (1) (Mannion et al., 2013).",Mannion et al. (2019) supplied character list,M19:C161,inherited_GR2018_block_provisional_distinct,,,"Mannion et al., 2013",MC0092; MC0271; MC0089,moderate,2,2,2,M19; M26,no,2019,2026,7,frozen-v1.0,NOT_YET_AUDITED,,,FROZEN_CURRENT_ID,high,Accepted in Phase 2 after source-first review; no supported older canonical equivalent was identified.,,NOT_PHASE3_C12_TARGET,,,NOT_PHASE4_DE12_TARGET,,,NOT_PHASE5_GA11_TARGET,,,NOT_PHASE6_M26_TARGET,,,FROZEN_V1,moderate,Canonical identity frozen in MacronariaMatrix v1.0.0 after the multi-phase lineage and duplicate audit.
MC0573,MIDDLE_POSTERIOR_DORSAL_NEURAL_SPINES_TRIANGULAR_ALIFORM_PROCESSES,"Middle–posterior dorsal neural spines, with triangular aliform processes: weakly developed aliform processes (0); strongly developed triangular aliform processes so that the lateral tips of these processes ex- tend further laterally than the postzygapophyses (1) (Upchurch, 1998; Wilson & Sereno, 1998; Wilson, 2002; Upchurch et al., 2004; revised here so that only taxa with aliform processes scored for this character).",Mannion et al. (2019) supplied character list,M19:C163,inherited_GR2018_block_provisional_distinct,,,"Upchurch, 1998; Wilson & Sereno, 1998; Wilson, 2002; Upchurch et al., 2004; revised here so that only taxa with aliform processes scored for this character",MC0102; MC0274; MC0104,moderate,2,2,2,M19; M26,no,2019,2026,7,frozen-v1.0,NOT_YET_AUDITED,,,FROZEN_CURRENT_ID,high,Accepted in Phase 2 after source-first review; no supported older canonical equivalent was identified.,,NOT_PHASE3_C12_TARGET,,,NOT_PHASE4_DE12_TARGET,,,NOT_PHASE5_GA11_TARGET,,,NOT_PHASE6_M26_TARGET,,,FROZEN_V1,moderate,Canonical identity frozen in MacronariaMatrix v1.0.0 after the multi-phase lineage and duplicate audit.
MC0574,MIDDLE_POSTERIOR_DORSAL_NEURAL_SPINES_ORIENTATION,"Middle–posterior dorsal neural spines, orientation: vertical or slightly posterodorsal (0); strongly posterodorsal, oriented at 45° to the hori- zontal or greater (1) (Wilson 2002; Poropat et al., 2016; note that this excludes the posteriormost dorsal neural spines, which usually revert to being dorsally directed).",Mannion et al. (2019) supplied character list,M19:C164,inherited_GR2018_block_provisional_distinct,,,"Wilson 2002; Poropat et al., 2016; note that this excludes the posteriormost dorsal neural spines, which usually revert to being dorsally directed",MC0133; MC0104; MC0102,moderate,2,2,2,M19; M26,no,2019,2026,7,frozen-v1.0,NOT_YET_AUDITED,,,FROZEN_CURRENT_ID,high,Accepted in Phase 2 after source-first review; no supported older canonical equivalent was identified.,,NOT_PHASE3_C12_TARGET,,,NOT_PHASE4_DE12_TARGET,,,NOT_PHASE5_GA11_TARGET,,,NOT_PHASE6_M26_TARGET,,,FROZEN_V1,moderate,Canonical identity frozen in MacronariaMatrix v1.0.0 after the multi-phase lineage and duplicate audit.
MC0576,MIDDLE_POSTERIOR_DORSAL_NEURAL_SPINES_PRESPI_NAL_POSTSPINAL,"Middle–posterior dorsal neural spines, prespi- nal and postspinal laminae: form mediolaterally wide surfaces, with little anterior relief, ‘infilling’ the pres- pinal and postspinal fossae (0); form distinct mediolat- erally narrow ridges or laminae along the midline of the prespinal and postspinal fossae (1) (Mannion et al., 2013).",Mannion et al. (2019) supplied character list,M19:C167,inherited_GR2018_block_provisional_distinct,,,"Mannion et al., 2013",MC0125; MC0124; MC0356,moderate,2,2,2,M19; M26,no,2019,2026,7,frozen-v1.0,NOT_YET_AUDITED,,,FROZEN_CURRENT_ID,high,Accepted in Phase 2 after source-first review; no supported older canonical equivalent was identified.,,NOT_PHASE3_C12_TARGET,,,NOT_PHASE4_DE12_TARGET,,,NOT_PHASE5_GA11_TARGET,,,NOT_PHASE6_M26_TARGET,,,FROZEN_V1,moderate,Canonical identity frozen in MacronariaMatrix v1.0.0 after the multi-phase lineage and duplicate audit.
MC0577,MIDDLE_POSTERIOR_DORSAL_NEURAL_SPINES_POST_SPINAL_LAMINA,"Middle–posterior dorsal neural spines, post- spinal lamina (forming distinct ridge) along prox- imal (lower) half of neural spine: present (0); absent (1) (Bonaparte, 1986b; Upchurch, 1995, 1998; Curry Rogers, 2005; Mannion et al., 2013; note that taxa coded as ‘0’ for C167 are scored as a ‘?’ here).",Mannion et al. (2019) supplied character list,M19:C169,inherited_GR2018_block_provisional_distinct,,,"Bonaparte, 1986b; Upchurch, 1995, 1998; Curry Rogers, 2005; Mannion et al., 2013; note that taxa coded as ‘0’ for C167 are scored as a ‘?’ here",MC0275; MC0104; MC0099,moderate,2,2,2,M19; M26,no,2019,2026,7,frozen-v1.0,NOT_YET_AUDITED,,,FROZEN_CURRENT_ID,high,Accepted in Phase 2 after source-first review; no supported older canonical equivalent was identified.,,NOT_PHASE3_C12_TARGET,,,NOT_PHASE4_DE12_TARGET,,,NOT_PHASE5_GA11_TARGET,,,NOT_PHASE6_M26_TARGET,,,FROZEN_V1,moderate,Canonical identity frozen in MacronariaMatrix v1.0.0 after the multi-phase lineage and duplicate audit.
MC0578,SACRAL_CAMELLATE_INTERNAL_TISSUE_STRUCTURE,"Sacral vertebrae, camellate internal tissue structure: absent (0); present (1) (Mannion et al., 2013).",Mannion et al. (2019) supplied character list,M19:C172,inherited_GR2018_block_provisional_distinct,,,"Mannion et al., 2013",MC0108; MC0361; MC0077,moderate,2,2,2,M19; M26,no,2019,2026,7,frozen-v1.0,NOT_YET_AUDITED,,,FROZEN_CURRENT_ID,high,Accepted in Phase 2 after source-first review; no supported older canonical equivalent was identified.,,NOT_PHASE3_C12_TARGET,,,NOT_PHASE4_DE12_TARGET,,,NOT_PHASE5_GA11_TARGET,,,NOT_PHASE6_M26_TARGET,,,FROZEN_V1,moderate,Canonical identity frozen in MacronariaMatrix v1.0.0 after the multi-phase lineage and duplicate audit.
MC0579,SACRAL_CENTRA_LATERAL_PNEUMATIC_FORAM_INA_VERY_DEEP,"Sacral centra, lateral pneumatic foram- ina or very deep depressions: absent (0); present (1) (Upchurch, 1998).",Mannion et al. (2019) supplied character list,M19:C173,inherited_GR2018_block_provisional_distinct,,,"Upchurch, 1998",MC0236; MC0078; MC0256,moderate,2,2,2,M19; M26,no,2019,2026,7,frozen-v1.0,NOT_YET_AUDITED,,,FROZEN_CURRENT_ID,high,Accepted in Phase 2 after source-first review; no supported older canonical equivalent was identified.,,NOT_PHASE3_C12_TARGET,,,NOT_PHASE4_DE12_TARGET,,,NOT_PHASE5_GA11_TARGET,,,NOT_PHASE6_M26_TARGET,,,FROZEN_V1,moderate,Canonical identity frozen in MacronariaMatrix v1.0.0 after the multi-phase lineage and duplicate audit.
MC0580,SACRAL_NEURAL_SPINES_DORSAL_PORTIONS_AT_LEAST_SACRAL,"Sacral neural spines, dorsal portions of at least sacral vertebrae 1–4 fused, forming a dorsal ‘plat- form’: absent (0); present (1) (Lü et al., 2007; Mannion et al., 2013).",Mannion et al. (2019) supplied character list,M19:C174,inherited_GR2018_block_provisional_distinct,,,"Lü et al., 2007; Mannion et al., 2013",MC0108; MC0111; MC0361,moderate,2,2,2,M19; M26,no,2019,2026,7,frozen-v1.0,NOT_YET_AUDITED,,,FROZEN_CURRENT_ID,high,Accepted in Phase 2 after source-first review; no supported older canonical equivalent was identified.,,NOT_PHASE3_C12_TARGET,,,NOT_PHASE4_DE12_TARGET,,,NOT_PHASE5_GA11_TARGET,,,NOT_PHASE6_M26_TARGET,,,FROZEN_V1,moderate,Canonical identity frozen in MacronariaMatrix v1.0.0 after the multi-phase lineage and duplicate audit.
MC0581,ANTERIORMOST_CAUDAL_CAMELLATE_TERNAL_TISSUE_STRUCTURE,"Anteriormost caudal vertebrae, camellate in- ternal tissue structure: absent (0); present (1) (Powell, 1986; Wilson, 2002).",Mannion et al. (2019) supplied character list,M19:C176,inherited_GR2018_block_provisional_distinct,,,"Powell, 1986; Wilson, 2002",MC0289; MC0367; MC0114,moderate,1,1,1,M19,no,2019,2019,0,frozen-v1.0,NOT_YET_AUDITED,,,NOT_PHASE2_TARGET,,,,NOT_PHASE3_C12_TARGET,,,NOT_PHASE4_DE12_TARGET,,,NOT_PHASE5_GA11_TARGET,,,NOT_PHASE6_M26_TARGET,,,FROZEN_HISTORICAL_PARENT,high,M19 C176 is retained as the historical broad parent for anteriormost-caudal camellation. M26 decomposes it into centrum-specific MC0917 and neural-arch-specific MC0937.
MC0582,ANTERIOR_CAUDAL_CENTRA_POSTERIOR_CON_VEXITY,"Anterior caudal centra with posterior con- vexity: convex in anteriormost caudal vertebrae, chan- ging to flat or concave in more distal anterior caudal vertebrae (0); convex throughout all anterior caudal vertebrae with ribs (1) (Mannion et al., 2013; revised here to only include taxa with some procoely in the anterior caudal sequence – taxa lacking procoelous an- terior caudal vertebrae are scored as a ‘?’).",Mannion et al. (2019) supplied character list,M19:C177,inherited_GR2018_block_provisional_distinct,,,"Mannion et al., 2013; revised here to only include taxa with some procoely in the anterior caudal sequence – taxa lacking procoelous an- terior caudal vertebrae are scored as a ‘?’",MC0120; MC0282; MC0114,moderate,2,2,2,M19; M26,no,2019,2026,7,frozen-v1.0,NOT_YET_AUDITED,,,FROZEN_CURRENT_ID,high,Accepted in Phase 2 after source-first review; no supported older canonical equivalent was identified.,,NOT_PHASE3_C12_TARGET,,,NOT_PHASE4_DE12_TARGET,,,NOT_PHASE5_GA11_TARGET,,,NOT_PHASE6_M26_TARGET,,,FROZEN_V1,moderate,Canonical identity frozen in MacronariaMatrix v1.0.0 after the multi-phase lineage and duplicate audit.
MC0583,ANTERIOR_CAUDAL_CENTRA_LATERAL_PNEUMATIC_FOS_SAE_FORAMINA,"Anterior caudal centra, lateral pneumatic fos- sae or foramina: absent (0); present, (McIntosh, 1990; Upchurch, 1995).",Mannion et al. (2019) supplied character list,M19:C178,inherited_GR2018_block_provisional_distinct,,,"McIntosh, 1990; Upchurch, 1995",MC0119; MC0236; MC0284,moderate,2,2,2,M19; M26,no,2019,2026,7,frozen-v1.0,NOT_YET_AUDITED,,,FROZEN_CURRENT_ID,high,Accepted in Phase 2 after source-first review; no supported older canonical equivalent was identified.,,NOT_PHASE3_C12_TARGET,,,NOT_PHASE4_DE12_TARGET,,,NOT_PHASE5_GA11_TARGET,,,NOT_PHASE6_M26_TARGET,,,FROZEN_V1,moderate,Canonical identity frozen in MacronariaMatrix v1.0.0 after the multi-phase lineage and duplicate audit.
MC0584,ANTERIOR_CAUDAL_CENTRA_LATERAL_PNEUMATIC_FOS_SAE_FORAMINA,"Anterior caudal centra, lateral pneumatic fos- sae or foramina: without sharply defined margins (0); with sharply defined margins (1) (Tidwell et al., 2001; Whitlock et al., 2011; Mannion et al., 2013).",Mannion et al. (2019) supplied character list,M19:C179,inherited_GR2018_block_provisional_distinct,,,"Tidwell et al., 2001; Whitlock et al., 2011; Mannion et al., 2013",MC0002; MC0265; MC0119,moderate,2,2,2,M19; M26,no,2019,2026,7,frozen-v1.0,NOT_YET_AUDITED,,,FROZEN_CURRENT_ID,high,Accepted in Phase 2 after source-first review; no supported older canonical equivalent was identified.,,NOT_PHASE3_C12_TARGET,,,NOT_PHASE4_DE12_TARGET,,,NOT_PHASE5_GA11_TARGET,,,NOT_PHASE6_M26_TARGET,,,FROZEN_V1,moderate,Canonical identity frozen in MacronariaMatrix v1.0.0 after the multi-phase lineage and duplicate audit.
MC0585,ANTERIOR_MIDDLE_CAUDAL_CENTRA_SMALL_SHAL_LOW_VASCULAR,"Anterior–middle caudal centra, small, shal- low vascular foramina pierce the lateral and/or ven- tral surfaces: absent (0); present (1) (Mannion & Calvo, 2011; Mannion et al., 2013).",Mannion et al. (2019) supplied character list,M19:C180,inherited_GR2018_block_provisional_distinct,,,"Mannion & Calvo, 2011; Mannion et al., 2013",MC0132; MC0131; MC0280,moderate,2,2,2,M19; M26,no,2019,2026,7,frozen-v1.0,NOT_YET_AUDITED,,,FROZEN_CURRENT_ID,high,Accepted in Phase 2 after source-first review; no supported older canonical equivalent was identified.,,NOT_PHASE3_C12_TARGET,,,NOT_PHASE4_DE12_TARGET,,,NOT_PHASE5_GA11_TARGET,,,NOT_PHASE6_M26_TARGET,,,FROZEN_V1,moderate,Canonical identity frozen in MacronariaMatrix v1.0.0 after the multi-phase lineage and duplicate audit.
MC0586,ANTERIOR_CAUDAL_CENTRA_VENTRAL_LONGITUDINAL_HOL_LOW,"Anterior caudal centra (excluding the ante- riormost caudal vertebrae), ventral longitudinal hol- low: absent (0); present (1) (McIntosh, 1990; Upchurch, 1995, 1998; Wilson, 2002; revised here to separate an- terior and middle caudal vertebrae).",Mannion et al. (2019) supplied character list,M19:C181,inherited_GR2018_block_provisional_distinct,MC0132,split_from,"McIntosh, 1990; Upchurch, 1995, 1998; Wilson, 2002; revised here to separate an- terior and middle caudal vertebrae",MC0287; MC0132; MC0456,moderate,2,2,2,M19; M26,no,2019,2026,7,frozen-v1.0,NOT_YET_AUDITED,,,FROZEN_SPLIT_DESCENDANT,high,Wilson's anterior+middle caudal ventral-hollow character is explicitly split so M19/M26 score the anterior caudals separately.,MC0132,NOT_PHASE3_C12_TARGET,,,NOT_PHASE4_DE12_TARGET,,,NOT_PHASE5_GA11_TARGET,,,NOT_PHASE6_M26_TARGET,,,FROZEN_V1,moderate,Canonical identity frozen in MacronariaMatrix v1.0.0 after the multi-phase lineage and duplicate audit.
MC0587,ANTERIOR_CAUDAL_CENTRA_DISTINCT_VENTROLATERAL_RIDGES_EXTENDING_FULL,"Anterior caudal centra (excluding the anteri- ormost caudal vertebrae), distinct ventrolateral ridges, extending the full length of the centrum: absent (0); present (1) (McIntosh, 1990; Upchurch, 1995, 1998; Upchurch et al., 2004; Mannion et al., 2013; revised here to separate anterior and middle caudal vertebrae).",Mannion et al. (2019) supplied character list,M19:C182,inherited_GR2018_block_provisional_distinct,,,"McIntosh, 1990; Upchurch, 1995, 1998; Upchurch et al., 2004; Mannion et al., 2013; revised here to separate anterior and middle caudal vertebrae",MC0120; MC0282; MC0281,moderate,2,2,2,M19; M26,no,2019,2026,7,frozen-v1.0,NOT_YET_AUDITED,,,FROZEN_CURRENT_ID,high,Accepted in Phase 2 after source-first review; no supported older canonical equivalent was identified.,,NOT_PHASE3_C12_TARGET,,,NOT_PHASE4_DE12_TARGET,,,NOT_PHASE5_GA11_TARGET,,,NOT_PHASE6_M26_TARGET,,,FROZEN_V1,moderate,Canonical identity frozen in MacronariaMatrix v1.0.0 after the multi-phase lineage and duplicate audit.
MC0588,MIDDLE_CAUDAL_CENTRA_ANTEROPOSTERIORLY_ELONGATE_RIDGE_SITUATED_AT,"Middle caudal centra, anteroposteriorly elongate ridge situated at approximately two-thirds of the way up the lateral surface: absent (0); present (1) (Upchurch & Martin, 2003; Mannion et al., 2013).",Mannion et al. (2019) supplied character list,M19:C183,inherited_GR2018_block_provisional_distinct,,,"Upchurch & Martin, 2003; Mannion et al., 2013",MC0285; MC0258; MC0369,moderate,2,2,2,M19; M26,no,2019,2026,7,frozen-v1.0,NOT_YET_AUDITED,,,FROZEN_CURRENT_ID,high,Accepted in Phase 2 after source-first review; no supported older canonical equivalent was identified.,,NOT_PHASE3_C12_TARGET,,,NOT_PHASE4_DE12_TARGET,,,NOT_PHASE5_GA11_TARGET,,,NOT_PHASE6_M26_TARGET,,,FROZEN_V1,moderate,Canonical identity frozen in MacronariaMatrix v1.0.0 after the multi-phase lineage and duplicate audit.
MC0589,MIDDLE_POSTERIOR_CAUDAL_CENTRA_POSTERIOR_ARTICULAR,"Middle–posterior caudal centra (at least some), posterior articular surface: flat or concave (0); convex (1) (Jacobs et al., 1993; Upchurch, 1995, 1998; Salgado et al., 1997; Wilson, 2002).",Mannion et al. (2019) supplied character list,M19:C184,inherited_GR2018_block_provisional_distinct,,,"Jacobs et al., 1993; Upchurch, 1995, 1998; Salgado et al., 1997; Wilson, 2002",MC0134; MC0135; MC0136,moderate,2,2,2,M19; M26,no,2019,2026,7,frozen-v1.0,NOT_YET_AUDITED,,,FROZEN_CURRENT_ID,high,Accepted in Phase 2 after source-first review; no supported older canonical equivalent was identified.,,NOT_PHASE3_C12_TARGET,,,NOT_PHASE4_DE12_TARGET,,,NOT_PHASE5_GA11_TARGET,,,NOT_PHASE6_M26_TARGET,,,FROZEN_V1,moderate,Canonical identity frozen in MacronariaMatrix v1.0.0 after the multi-phase lineage and duplicate audit.
MC0590,MIDDLE_POSTERIOR_CAUDAL_CENTRA_CONVEX_POSTERIOR_ARTICULAR,"Middle–posterior caudal centra with convex posterior articular surface: condylar convexity merges smoothly into the lateral surface of the main body of the centrum (0); distinct rim rings the condyle, sepa- rating it from the lateral surface of the main body of the centrum (1) (Mannion et al., 2013).",Mannion et al. (2019) supplied character list,M19:C185,inherited_GR2018_block_provisional_distinct,,,"Mannion et al., 2013",MC0134; MC0437; MC0135,moderate,2,2,2,M19; M26,no,2019,2026,7,frozen-v1.0,NOT_YET_AUDITED,,,FROZEN_CURRENT_ID,high,Accepted in Phase 2 after source-first review; no supported older canonical equivalent was identified.,,NOT_PHASE3_C12_TARGET,,,NOT_PHASE4_DE12_TARGET,,,NOT_PHASE5_GA11_TARGET,,,NOT_PHASE6_M26_TARGET,,,FROZEN_V1,moderate,Canonical identity frozen in MacronariaMatrix v1.0.0 after the multi-phase lineage and duplicate audit.
MC0591,DISTAL_CAUDAL_CENTRA_BICONVEX,"Distal caudal centra, biconvex: absent (0); pre- sent (1) (Wilson & Sereno, 1998).",Mannion et al. (2019) supplied character list,M19:C186,inherited_GR2018_block_provisional_distinct,,,"Wilson & Sereno, 1998",MC0137; MC0138; MC0136,moderate,2,2,2,M19; M26,no,2019,2026,7,frozen-v1.0,NOT_YET_AUDITED,,,FROZEN_CURRENT_ID,high,Accepted in Phase 2 after source-first review; no supported older canonical equivalent was identified.,,NOT_PHASE3_C12_TARGET,,,NOT_PHASE4_DE12_TARGET,,,NOT_PHASE5_GA11_TARGET,,,NOT_PHASE6_M26_TARGET,,,FROZEN_V1,moderate,Canonical identity frozen in MacronariaMatrix v1.0.0 after the multi-phase lineage and duplicate audit.
MC0592,ANTERIOR_CAUDAL_NEURAL_ARCHES_HYPOSPHENAL_RIDGE,"Anterior caudal neural arches, hyposphenal ridge shape: slender ridge (0); block-like hyposphene (1) (Taylor, 2009; Mannion et al., 2013).",Mannion et al. (2019) supplied character list,M19:C188,inherited_GR2018_block_provisional_distinct,,,"Taylor, 2009; Mannion et al., 2013",MC0367; MC0106; MC0125,moderate,2,2,2,M19; M26,no,2019,2026,7,frozen-v1.0,NOT_YET_AUDITED,,,FROZEN_CURRENT_ID,high,Accepted in Phase 2 after source-first review; no supported older canonical equivalent was identified.,,NOT_PHASE3_C12_TARGET,,,NOT_PHASE4_DE12_TARGET,,,NOT_PHASE5_GA11_TARGET,,,NOT_PHASE6_M26_TARGET,,,FROZEN_V1,moderate,Canonical identity frozen in MacronariaMatrix v1.0.0 after the multi-phase lineage and duplicate audit.
MC0593,ANTERIOR_CAUDAL_NEURAL_ARCHES_DISTINCT_PREZY_GODIAPOPHYSEAL_LAMINA,"Anterior caudal neural arches, distinct prezy- godiapophyseal lamina (PRDL): absent (0); present (1) (Chure et al., 2010; usually only present in the anteri- ormost region of the tail).",Mannion et al. (2019) supplied character list,M19:C189,inherited_GR2018_block_provisional_distinct,,,"Chure et al., 2010; usually only present in the anteri- ormost region of the tail",MC0123; MC0124; MC0125,moderate,2,2,2,M19; M26,no,2019,2026,7,frozen-v1.0,NOT_YET_AUDITED,,,FROZEN_CURRENT_ID,high,Accepted in Phase 2 after source-first review; no supported older canonical equivalent was identified.,,NOT_PHASE3_C12_TARGET,,,NOT_PHASE4_DE12_TARGET,,,NOT_PHASE5_GA11_TARGET,,,NOT_PHASE6_M26_TARGET,,,FROZEN_V1,moderate,Canonical identity frozen in MacronariaMatrix v1.0.0 after the multi-phase lineage and duplicate audit.
MC0594,ANTERIOR_CAUDAL_NEURAL_ARCHES_SHARP_LIPPED_LATERAL_COEL,"Anterior caudal neural arches, sharp lipped lateral coel [postzygapophyseal centrodiapophyseal fossa (POCDF) of Wilson et al., 2011] bounded by pos- terior centrodiapophyseal lamina [PCDL (or caudal rib itself)], centropostzygapophyseal lamina (CPOL) and postzygodiapophyseal lamina (PODL): absent (0); pre- sent (1) (Lü et al., 2008; Whitlock et al., 2011; Mannion et al., 2013).",Mannion et al. (2019) supplied character list,M19:C190,inherited_GR2018_block_provisional_distinct,,,"Lü et al., 2008; Whitlock et al., 2011; Mannion et al., 2013",MC0098; MC0095; MC0130,moderate,2,2,2,M19; M26,no,2019,2026,7,frozen-v1.0,NOT_YET_AUDITED,,,FROZEN_CURRENT_ID,high,Accepted in Phase 2 after source-first review; no supported older canonical equivalent was identified.,,NOT_PHASE3_C12_TARGET,,,NOT_PHASE4_DE12_TARGET,,,NOT_PHASE5_GA11_TARGET,,,NOT_PHASE6_M26_TARGET,,,FROZEN_V1,moderate,Canonical identity frozen in MacronariaMatrix v1.0.0 after the multi-phase lineage and duplicate audit.
MC0595,ANTERIOR_MIDDLE_CAUDAL_NEURAL_ARCHES_PREZYGAPOPHYSES_SWITCH_PROJECTING,"Anterior–middle caudal neural arches, prezygapophyses switch from projecting anterodor- sally, anteriorly and back to anterodorsally along the sequence: absent (0); present (1) (Mannion & Calvo, 2011; Mannion et al., 2013).",Mannion et al. (2019) supplied character list,M19:C191,inherited_GR2018_block_provisional_distinct,,,"Mannion & Calvo, 2011; Mannion et al., 2013",MC0284; MC0125; MC0133,moderate,2,2,2,M19; M26,no,2019,2026,7,frozen-v1.0,NOT_YET_AUDITED,,,FROZEN_CURRENT_ID,high,Accepted in Phase 2 after source-first review; no supported older canonical equivalent was identified.,,NOT_PHASE3_C12_TARGET,,,NOT_PHASE4_DE12_TARGET,,,NOT_PHASE5_GA11_TARGET,,,NOT_PHASE6_M26_TARGET,,,FROZEN_V1,moderate,Canonical identity frozen in MacronariaMatrix v1.0.0 after the multi-phase lineage and duplicate audit.
MC0598,ANTERIORMOST_CAUDAL_NEURAL_SPINES_SHARP_LIPPED_LATERAL_COEL,"Anteriormost caudal neural spines, sharp lipped lateral coel [spinodiapophyseal fossa (SDF) of Wilson et al., 2011] bounded by spinoprezygapophy- seal lamina (SPRL), spinopostzygapophyseal lamina (SPOL) and postzygodiapophyseal lamina (PODL): absent (0); present (1) (Wilson, 2002; Whitlock et al., 2011; Wilson et al., 2011; Mannion et al., 2013).",Mannion et al. (2019) supplied character list,M19:C194,inherited_GR2018_block_provisional_distinct,,,"Wilson, 2002; Whitlock et al., 2011; Wilson et al., 2011; Mannion et al., 2013",MC0122; MC0101; MC0121,moderate,2,2,2,M19; M26,no,2019,2026,7,frozen-v1.0,NOT_YET_AUDITED,,,FROZEN_CURRENT_ID,high,Accepted in Phase 2 after source-first review; no supported older canonical equivalent was identified.,,NOT_PHASE3_C12_TARGET,,,NOT_PHASE4_DE12_TARGET,,,NOT_PHASE5_GA11_TARGET,,,NOT_PHASE6_M26_TARGET,,,FROZEN_V1,moderate,Canonical identity frozen in MacronariaMatrix v1.0.0 after the multi-phase lineage and duplicate audit.
MC0599,ANTERIOR_CAUDAL_NEURAL_SPINES_PROJECT,"Anterior caudal neural spines, project: pos- terodorsally (0); dorsally (sometimes with a subtle anterior deflection) (1); anterodorsally, such that the anterodorsal margin of the neural spine projects be- yond the anterior margin of the centrum (2) (Gonzalez Riga et al., 2009; Mannion et al., 2013; Poropat et al., 2016) [ordered].",Mannion et al. (2019) supplied character list,M19:C195,inherited_GR2018_block_provisional_distinct,,,"Gonzalez Riga et al., 2009; Mannion et al., 2013; Poropat et al., 2016",MC0133; MC0284; MC0126,moderate,2,2,2,M19; M26,no,2019,2026,7,frozen-v1.0,NOT_YET_AUDITED,,,FROZEN_CURRENT_ID,high,Accepted in Phase 2 after source-first review; no supported older canonical equivalent was identified.,,NOT_PHASE3_C12_TARGET,,,NOT_PHASE4_DE12_TARGET,,,NOT_PHASE5_GA11_TARGET,,,NOT_PHASE6_M26_TARGET,,,FROZEN_V1,moderate,Canonical identity frozen in MacronariaMatrix v1.0.0 after the multi-phase lineage and duplicate audit.
MC0600,ANTERIOR_CAUDAL_NEURAL_SPINES_ANTERODOR_SAL_MARGIN_NEURAL,"Anterior caudal neural spines, anterodor- sal margin of neural spine: level with or posterior to posterior margin of postzygapophyses (0); situated anterior to posterior margin of postzygapophyses (usually does not even approach postzygapophyses) (1) (Salgado et al., 1997; Mannion et al., 2013).",Mannion et al. (2019) supplied character list,M19:C196,inherited_GR2018_block_provisional_distinct,,,"Salgado et al., 1997; Mannion et al., 2013",MC0104; MC0284; MC0283,moderate,2,2,2,M19; M26,no,2019,2026,7,frozen-v1.0,NOT_YET_AUDITED,,,FROZEN_CURRENT_ID,high,Accepted in Phase 2 after source-first review; no supported older canonical equivalent was identified.,,NOT_PHASE3_C12_TARGET,,,NOT_PHASE4_DE12_TARGET,,,NOT_PHASE5_GA11_TARGET,,,NOT_PHASE6_M26_TARGET,,,FROZEN_V1,moderate,Canonical identity frozen in MacronariaMatrix v1.0.0 after the multi-phase lineage and duplicate audit.
MC0601,ANTERIOR_CAUDAL_NEURAL_SPINES_PRESPINAL_POSTSPINAL_LAMINAE,"Anterior caudal neural spines, prespinal and postspinal laminae: absent or form mediolaterally wide surfaces, with little anterior relief, ‘infilling’ the prespinal and postspinal fossae (0); form distinct medi- olaterally narrow ridges or laminae along the midline of the prespinal and postspinal fossae (1) (Mannion et al., 2013).",Mannion et al. (2019) supplied character list,M19:C197,inherited_GR2018_block_provisional_distinct,,,"Mannion et al., 2013",MC0125; MC0124; MC0123,moderate,2,2,2,M19; M26,no,2019,2026,7,frozen-v1.0,NOT_YET_AUDITED,,,FROZEN_CURRENT_ID,high,Accepted in Phase 2 after source-first review; no supported older canonical equivalent was identified.,,NOT_PHASE3_C12_TARGET,,,NOT_PHASE4_DE12_TARGET,,,NOT_PHASE5_GA11_TARGET,,,NOT_PHASE6_M26_TARGET,,,FROZEN_V1,moderate,Canonical identity frozen in MacronariaMatrix v1.0.0 after the multi-phase lineage and duplicate audit.
MC0603,MIDDLE_CAUDAL_NEURAL_SPINES_LATERAL_VIEW_WIDEN_ANTEROPOSTERIORLY,"Middle caudal neural spines, in lateral view, widen anteroposteriorly (approximately doubling) from their base to their summit: absent (0); present (1) (Mannion et al., 2013).",Mannion et al. (2019) supplied character list,M19:C199,inherited_GR2018_block_provisional_distinct,,,"Mannion et al., 2013",MC0120; MC0133; MC0126,moderate,2,2,2,M19; M26,no,2019,2026,7,frozen-v1.0,NOT_YET_AUDITED,,,FROZEN_CURRENT_ID,high,Accepted in Phase 2 after source-first review; no supported older canonical equivalent was identified.,,NOT_PHASE3_C12_TARGET,,,NOT_PHASE4_DE12_TARGET,,,NOT_PHASE5_GA11_TARGET,,,NOT_PHASE6_M26_TARGET,,,FROZEN_V1,moderate,Canonical identity frozen in MacronariaMatrix v1.0.0 after the multi-phase lineage and duplicate audit.
MC0604,MIDDLE_CAUDAL_NEURAL_SPINES_EXTEND_POSTER_IORLY_MID,"Middle caudal neural spines, extend poster- iorly to the mid-point (or beyond) of the proceeding caudal centrum: present (0); absent (usually do not extend beyond the posterior margin of the centrum) (1) (Remes et al., 2009; Mannion et al., 2013; note that in taxa with anteriorly biased neural arches this pos- terior extension is extrapolated as if the arch was cen- trally positioned on the centrum).",Mannion et al. (2019) supplied character list,M19:C200,inherited_GR2018_block_provisional_distinct,,,"Remes et al., 2009; Mannion et al., 2013; note that in taxa with anteriorly biased neural arches this pos- terior extension is extrapolated as if the arch was cen- trally positioned on the centrum",MC0248; MC0437; MC0133,moderate,2,2,2,M19; M26,no,2019,2026,7,frozen-v1.0,NOT_YET_AUDITED,,,FROZEN_CURRENT_ID,high,Accepted in Phase 2 after source-first review; no supported older canonical equivalent was identified.,,NOT_PHASE3_C12_TARGET,,,NOT_PHASE4_DE12_TARGET,,,NOT_PHASE5_GA11_TARGET,,,NOT_PHASE6_M26_TARGET,,,FROZEN_V1,moderate,Canonical identity frozen in MacronariaMatrix v1.0.0 after the multi-phase lineage and duplicate audit.
MC0605,CAUDAL_RIBS,"Caudal ribs: present beyond approximately Cd10 (usually at least up to approximately Cd15) (0); only present through to approximately Cd10 (1) (Upchurch, 1998; Wilson, 2002).",Mannion et al. (2019) supplied character list,M19:C201,inherited_GR2018_block_provisional_distinct,,,"Upchurch, 1998; Wilson, 2002",MC0093; MC0120; MC0084,moderate,2,2,2,M19; M26,no,2019,2026,7,frozen-v1.0,NOT_YET_AUDITED,,,FROZEN_CURRENT_ID,high,Accepted in Phase 2 after source-first review; no supported older canonical equivalent was identified.,,NOT_PHASE3_C12_TARGET,,,NOT_PHASE4_DE12_TARGET,,,NOT_PHASE5_GA11_TARGET,,,NOT_PHASE6_M26_TARGET,,,FROZEN_V1,moderate,Canonical identity frozen in MacronariaMatrix v1.0.0 after the multi-phase lineage and duplicate audit.
MC0606,FIRST_CAUDAL_RIB_EXPANDS_ANTEROPOSTERIORLY_TOWARDS_ITS_DISTAL,"First caudal rib, expands anteroposteriorly towards its distal end, forming an ‘anchor’ shape in dorsal view: absent (0); present (1) (Suteethorn et al., 2010; Mannion et al., 2013).",Mannion et al. (2019) supplied character list,M19:C203,inherited_GR2018_block_provisional_distinct,,,"Suteethorn et al., 2010; Mannion et al., 2013",MC0299; MC0460; MC0447,moderate,2,2,2,M19; M26,no,2019,2026,7,frozen-v1.0,NOT_YET_AUDITED,,,FROZEN_CURRENT_ID,high,Accepted in Phase 2 after source-first review; no supported older canonical equivalent was identified.,,NOT_PHASE3_C12_TARGET,,,NOT_PHASE4_DE12_TARGET,,,NOT_PHASE5_GA11_TARGET,,,NOT_PHASE6_M26_TARGET,,,FROZEN_V1,moderate,Canonical identity frozen in MacronariaMatrix v1.0.0 after the multi-phase lineage and duplicate audit.
MC0608,ANTERIOR_CAUDAL_RIBS,"Anterior caudal ribs: curve strongly antero- laterally (0); mainly laterally (1); curve strongly poste- rolaterally (2) (Mannion & Calvo, 2011; D’Emic, 2012; Mannion et al., 2013) [ordered].",Mannion et al. (2019) supplied character list,M19:C205,inherited_GR2018_block_provisional_distinct,,,"Mannion & Calvo, 2011; D’Emic, 2012; Mannion et al., 2013",MC0281; MC0153; MC0291,moderate,2,2,2,M19; M26,no,2019,2026,7,frozen-v1.0,NOT_YET_AUDITED,,,FROZEN_CURRENT_ID,high,Accepted in Phase 2 after source-first review; no supported older canonical equivalent was identified.,,NOT_PHASE3_C12_TARGET,,,NOT_PHASE4_DE12_TARGET,,,NOT_PHASE5_GA11_TARGET,,,NOT_PHASE6_M26_TARGET,,,FROZEN_V1,moderate,Canonical identity frozen in MacronariaMatrix v1.0.0 after the multi-phase lineage and duplicate audit.
MC0609,ANTERIOR_CAUDAL_RIBS,"Anterior caudal ribs: do not extend beyond posterior end of centrum (excluding posterior ball) (0); extend beyond posterior end of centrum (excluding posterior ball) (1) (Mannion & Calvo, 2011; Mannion et al., 2013; revised here so that only taxa with pos- terolaterally directed caudal ribs are scored for this character).",Mannion et al. (2019) supplied character list,M19:C206,inherited_GR2018_block_provisional_distinct,,,"Mannion & Calvo, 2011; Mannion et al., 2013; revised here so that only taxa with pos- terolaterally directed caudal ribs are scored for this character",MC0438; MC0248; MC0127,moderate,2,2,2,M19; M26,no,2019,2026,7,frozen-v1.0,NOT_YET_AUDITED,,,FROZEN_CURRENT_ID,high,Accepted in Phase 2 after source-first review; no supported older canonical equivalent was identified.,,NOT_PHASE3_C12_TARGET,,,NOT_PHASE4_DE12_TARGET,,,NOT_PHASE5_GA11_TARGET,,,NOT_PHASE6_M26_TARGET,,,FROZEN_V1,moderate,Canonical identity frozen in MacronariaMatrix v1.0.0 after the multi-phase lineage and duplicate audit.
MC0610,FIRST_CHEVRON,"First chevron, morphology: Y-shaped and does not differ notably from subsequent chevrons (0); anteroposteriorly flattened and V-shaped, with dorso- ventrally reduced distal blade (1) (Gomani, 2005; Rauhut, 2006; Mannion & Calvo, 2011; Mannion et al., 2013).",Mannion et al. (2019) supplied character list,M19:C207,inherited_GR2018_block_provisional_distinct,,,"Gomani, 2005; Rauhut, 2006; Mannion & Calvo, 2011; Mannion et al., 2013",MC0146; MC0174; MC0143,moderate,2,2,2,M19; M26,no,2019,2026,7,frozen-v1.0,NOT_YET_AUDITED,,,FROZEN_CURRENT_ID,high,Accepted in Phase 2 after source-first review; no supported older canonical equivalent was identified.,,NOT_PHASE3_C12_TARGET,,,NOT_PHASE4_DE12_TARGET,,,NOT_PHASE5_GA11_TARGET,,,NOT_PHASE6_M26_TARGET,,,FROZEN_V1,moderate,Canonical identity frozen in MacronariaMatrix v1.0.0 after the multi-phase lineage and duplicate audit.
MC0611,ANTERIOR_CHEVRONS_PROXIMAL_ENDS,"Anterior chevrons, proximal ends: open dor- sally (0); bridged dorsally by a bar of bone (1) (Powell, 1992; Calvo & Salgado, 1995; Upchurch, 1995, 1998; Mannion et al., 2013).",Mannion et al. (2019) supplied character list,M19:C208,inherited_GR2018_block_provisional_distinct,,,"Powell, 1992; Calvo & Salgado, 1995; Upchurch, 1995, 1998; Mannion et al., 2013",MC0148; MC0143; MC0145,moderate,2,2,2,M19; M26,no,2019,2026,7,frozen-v1.0,NOT_YET_AUDITED,,,FROZEN_CURRENT_ID,high,Accepted in Phase 2 after source-first review; no supported older canonical equivalent was identified.,,NOT_PHASE3_C12_TARGET,,,NOT_PHASE4_DE12_TARGET,,,NOT_PHASE5_GA11_TARGET,,,NOT_PHASE6_M26_TARGET,,,FROZEN_V1,moderate,Canonical identity frozen in MacronariaMatrix v1.0.0 after the multi-phase lineage and duplicate audit.
MC0612,ANTERIOR_MIDDLE_CHEVRONS_LATERAL_BULGES_CLOSE_DISTAL_ENDS,"Anterior–middle chevrons, lateral bulges close to distal ends of chevron blades: absent (0); present (1) (Mannion et al., 2013).",Mannion et al. (2019) supplied character list,M19:C209,inherited_GR2018_block_provisional_distinct,,,"Mannion et al., 2013",MC0143; MC0440; MC0146,moderate,2,2,2,M19; M26,no,2019,2026,7,frozen-v1.0,NOT_YET_AUDITED,,,FROZEN_CURRENT_ID,high,Accepted in Phase 2 after source-first review; no supported older canonical equivalent was identified.,,NOT_PHASE3_C12_TARGET,,,NOT_PHASE4_DE12_TARGET,,,NOT_PHASE5_GA11_TARGET,,,NOT_PHASE6_M26_TARGET,,,FROZEN_V1,moderate,Canonical identity frozen in MacronariaMatrix v1.0.0 after the multi-phase lineage and duplicate audit.
MC0613,MIDDLE_POSTERIOR_CHEVRONS_ANTERIOR_EX_PANSION_DISTAL_BLADE,"Middle–posterior chevrons, with anterior ex- pansion of distal blade: present (0); absent (1) (Berman & McIntosh, 1978; Upchurch, 1995, 1998; Wilson & Sereno, 1998; Mannion et al., 2013).",Mannion et al. (2019) supplied character list,M19:C210,inherited_GR2018_block_provisional_distinct,,,"Berman & McIntosh, 1978; Upchurch, 1995, 1998; Wilson & Sereno, 1998; Mannion et al., 2013",MC0143; MC0148; MC0144,moderate,2,2,2,M19; M26,no,2019,2026,7,frozen-v1.0,NOT_YET_AUDITED,,,FROZEN_CURRENT_ID,high,Accepted in Phase 2 after source-first review; no supported older canonical equivalent was identified.,,NOT_PHASE3_C12_TARGET,,,NOT_PHASE4_DE12_TARGET,,,NOT_PHASE5_GA11_TARGET,,,NOT_PHASE6_M26_TARGET,,,FROZEN_V1,moderate,Canonical identity frozen in MacronariaMatrix v1.0.0 after the multi-phase lineage and duplicate audit.
MC0614,MIDDLE_POSTERIOR_CHEVRONS_POSTERIOR_EXPANSION_DISTAL_BLADE,"Middle–posterior chevrons, with posterior expansion of distal blade (excluding the natural pos- teroventral curvature of many chevrons): present (0); absent (1) (Berman & McIntosh, 1978; Upchurch, 1995, 1998; Wilson & Sereno, 1998; Mannion et al., 2013).",Mannion et al. (2019) supplied character list,M19:C211,inherited_GR2018_block_provisional_distinct,,,"Berman & McIntosh, 1978; Upchurch, 1995, 1998; Wilson & Sereno, 1998; Mannion et al., 2013",MC0143; MC0148; MC0144,moderate,2,2,2,M19; M26,no,2019,2026,7,frozen-v1.0,NOT_YET_AUDITED,,,FROZEN_CURRENT_ID,high,Accepted in Phase 2 after source-first review; no supported older canonical equivalent was identified.,,NOT_PHASE3_C12_TARGET,,,NOT_PHASE4_DE12_TARGET,,,NOT_PHASE5_GA11_TARGET,,,NOT_PHASE6_M26_TARGET,,,FROZEN_V1,moderate,Canonical identity frozen in MacronariaMatrix v1.0.0 after the multi-phase lineage and duplicate audit.
MC0617,SCAPULA_POSTERIOR_MARGIN_DORSAL_PART_ACROMION,"Scapula, posterior margin of the dorsal part of the acromion: straight and oriented vertically, or slop- ing to face posterodorsally (0); concave, posterodorsal corner of acromion overhangs the dorsal surface of the scapular blade (1) (Rauhut et al., 2005; Mannion, 2009; Mannion et al., 2013).",Mannion et al. (2019) supplied character list,M19:C214,inherited_GR2018_block_provisional_distinct,,,"Rauhut et al., 2005; Mannion, 2009; Mannion et al., 2013",MC0378; MC0150; MC0442,moderate,2,2,2,M19; M26,no,2019,2026,7,frozen-v1.0,NOT_YET_AUDITED,,,FROZEN_CURRENT_ID,high,Accepted in Phase 2 after source-first review; no supported older canonical equivalent was identified.,,NOT_PHASE3_C12_TARGET,,,NOT_PHASE4_DE12_TARGET,,,NOT_PHASE5_GA11_TARGET,,,NOT_PHASE6_M26_TARGET,,,FROZEN_V1,moderate,Canonical identity frozen in MacronariaMatrix v1.0.0 after the multi-phase lineage and duplicate audit.
MC0618,SCAPULAR_ACROMION_SUBTRIANGULAR_AT_POSTEROVENTRAL_CORNER,"Scapular acromion, subtriangular process at posteroventral corner: absent (0); present (1) (Smith et al., 2001; Bonaparte et al., 2006; Carballido et al., 2011; D’Emic et al., 2011; Mannion et al., 2013).",Mannion et al. (2019) supplied character list,M19:C215,inherited_GR2018_block_provisional_distinct,,,"Smith et al., 2001; Bonaparte et al., 2006; Carballido et al., 2011; D’Emic et al., 2011; Mannion et al., 2013",MC0150; MC0247; MC0374,moderate,2,2,2,M19; M26,no,2019,2026,7,frozen-v1.0,NOT_YET_AUDITED,,,FROZEN_CURRENT_ID,high,Accepted in Phase 2 after source-first review; no supported older canonical equivalent was identified.,,NOT_PHASE3_C12_TARGET,,,NOT_PHASE4_DE12_TARGET,,,NOT_PHASE5_GA11_TARGET,,,NOT_PHASE6_M26_TARGET,,,FROZEN_V1,moderate,Canonical identity frozen in MacronariaMatrix v1.0.0 after the multi-phase lineage and duplicate audit.
MC0619,SCAPULAR_BLADE_SUBTRIANGULAR_AT_ANTEROVENTRAL_CORNER,"Scapular blade, subtriangular process at anteroventral corner: absent (0); present (1) (Carballido et al., 2011; D’Emic et al., 2011; Mannion et al., 2013).",Mannion et al. (2019) supplied character list,M19:C216,inherited_GR2018_block_provisional_distinct,,,"Carballido et al., 2011; D’Emic et al., 2011; Mannion et al., 2013",MC0154; MC0151; MC0152,moderate,2,2,2,M19; M26,no,2019,2026,7,frozen-v1.0,NOT_YET_AUDITED,,,FROZEN_CURRENT_ID,high,Accepted in Phase 2 after source-first review; no supported older canonical equivalent was identified.,,NOT_PHASE3_C12_TARGET,,,NOT_PHASE4_DE12_TARGET,,,NOT_PHASE5_GA11_TARGET,,,NOT_PHASE6_M26_TARGET,,,FROZEN_V1,moderate,Canonical identity frozen in MacronariaMatrix v1.0.0 after the multi-phase lineage and duplicate audit.
MC0620,CORACOID_ANTERIOR_DORSAL_MARGINS_LATERAL_VIEW,"Coracoid, anterior and dorsal margins in lateral view: merge smoothly into each other, giving a rounded profile (0); meet each other at an abrupt angle, making the coracoid quadrangular in outline (1) (Upchurch, 1998).",Mannion et al. (2019) supplied character list,M19:C218,inherited_GR2018_block_provisional_distinct,,,"Upchurch, 1998",MC0293; MC0156; MC0157,moderate,2,2,2,M19; M26,no,2019,2026,7,frozen-v1.0,NOT_YET_AUDITED,,,FROZEN_CURRENT_ID,high,Accepted in Phase 2 after source-first review; no supported older canonical equivalent was identified.,,NOT_PHASE3_C12_TARGET,,,NOT_PHASE4_DE12_TARGET,,,NOT_PHASE5_GA11_TARGET,,,NOT_PHASE6_M26_TARGET,,,FROZEN_V1,moderate,Canonical identity frozen in MacronariaMatrix v1.0.0 after the multi-phase lineage and duplicate audit.
MC0622,CORACOID_VENTRAL_MARGIN_LATERAL_VIEW_FORMS_NOTCH_ANTERIOR,"Coracoid, ventral margin in lateral view forms a notch anterior to the glenoid, resulting in an ‘infra- glenoid lip’ anterior to the notch: absent (0); present (1) (Wilson, 2002; Mannion et al., 2013).",Mannion et al. (2019) supplied character list,M19:C220,inherited_GR2018_block_provisional_distinct,,,"Wilson, 2002; Mannion et al., 2013",MC0157; MC0378; MC0153,moderate,2,2,2,M19; M26,no,2019,2026,7,frozen-v1.0,NOT_YET_AUDITED,,,FROZEN_CURRENT_ID,high,Accepted in Phase 2 after source-first review; no supported older canonical equivalent was identified.,,NOT_PHASE3_C12_TARGET,,,NOT_PHASE4_DE12_TARGET,,,NOT_PHASE5_GA11_TARGET,,,NOT_PHASE6_M26_TARGET,,,FROZEN_V1,moderate,Canonical identity frozen in MacronariaMatrix v1.0.0 after the multi-phase lineage and duplicate audit.
MC0624,STERNAL_PLATE_PROMINENT_POSTEROLATERAL_EXPAN_SION_PRODUCES_KIDNEY,"Sternal plate, prominent posterolateral expan- sion produces a ‘kidney’-shaped profile in dorsal view: absent (0); present (1) (McIntosh, 1990; Upchurch, 1998).",Mannion et al. (2019) supplied character list,M19:C222,inherited_GR2018_block_provisional_distinct,,,"McIntosh, 1990; Upchurch, 1998",MC0381; MC0380; MC0158,moderate,2,2,2,M19; M26,no,2019,2026,7,frozen-v1.0,NOT_YET_AUDITED,,,FROZEN_CURRENT_ID,high,Accepted in Phase 2 after source-first review; no supported older canonical equivalent was identified.,,NOT_PHASE3_C12_TARGET,,,NOT_PHASE4_DE12_TARGET,,,NOT_PHASE5_GA11_TARGET,,,NOT_PHASE6_M26_TARGET,,,FROZEN_V1,moderate,Canonical identity frozen in MacronariaMatrix v1.0.0 after the multi-phase lineage and duplicate audit.
MC0625,HUMERUS_LATERAL_MARGIN_DIAPHYSIS_ANTERIOR_VIEW,"Humerus, shape of lateral margin of diaphysis (approximately the middle third of the humerus) in anterior view: concave (0); straight (1) (Curry Rogers, 2005; Mannion et al., 2013).",Mannion et al. (2019) supplied character list,M19:C224,inherited_GR2018_block_provisional_distinct,,,"Curry Rogers, 2005; Mannion et al., 2013",MC0199; MC0383; MC0172,moderate,2,2,2,M19; M26,no,2019,2026,7,frozen-v1.0,NOT_YET_AUDITED,,,FROZEN_CURRENT_ID,high,Accepted in Phase 2 after source-first review; no supported older canonical equivalent was identified.,,NOT_PHASE3_C12_TARGET,,,NOT_PHASE4_DE12_TARGET,,,NOT_PHASE5_GA11_TARGET,,,NOT_PHASE6_M26_TARGET,,,FROZEN_V1,moderate,Canonical identity frozen in MacronariaMatrix v1.0.0 after the multi-phase lineage and duplicate audit.
MC0630,RADIUS_STRONG_TWIST_AXIS_SUCH_THAT_LONG_AXES,"Radius, strong twist in axis, such that the long- axes of the proximal and distal ends are not oriented in the same plane: absent (0); present (1) (Mannion et al., 2013).",Mannion et al. (2019) supplied character list,M19:C231,inherited_GR2018_block_provisional_distinct,,,"Mannion et al., 2013",MC0171; MC0386; MC0317,moderate,2,2,2,M19; M26,no,2019,2026,7,frozen-v1.0,NOT_YET_AUDITED,,,FROZEN_CURRENT_ID,high,Accepted in Phase 2 after source-first review; no supported older canonical equivalent was identified.,,NOT_PHASE3_C12_TARGET,,,NOT_PHASE4_DE12_TARGET,,,NOT_PHASE5_GA11_TARGET,,,NOT_PHASE6_M26_TARGET,,,FROZEN_V1,moderate,Canonical identity frozen in MacronariaMatrix v1.0.0 after the multi-phase lineage and duplicate audit.
MC0631,RADIUS_WELL_DEVELOPED_INTEROSSEOUS_RIDGE_THAT_EXTENDS_ALONG,"Radius, well-developed interosseous ridge that extends along most of the radius length (at least along the distal two-thirds): absent (0); present (1) (Curry Rogers, 2005; Mannion et al., 2013).",Mannion et al. (2019) supplied character list,M19:C232,inherited_GR2018_block_provisional_distinct,,,"Curry Rogers, 2005; Mannion et al., 2013",MC0386; MC0177; MC0289,moderate,2,2,2,M19; M26,no,2019,2026,7,frozen-v1.0,NOT_YET_AUDITED,,,FROZEN_CURRENT_ID,high,Accepted in Phase 2 after source-first review; no supported older canonical equivalent was identified.,,NOT_PHASE3_C12_TARGET,,,NOT_PHASE4_DE12_TARGET,,,NOT_PHASE5_GA11_TARGET,,,NOT_PHASE6_M26_TARGET,,,FROZEN_V1,moderate,Canonical identity frozen in MacronariaMatrix v1.0.0 after the multi-phase lineage and duplicate audit.
MC0633,ULNA_ORIENTATION_ANTEROMEDIAL,"Ulna, orientation of anteromedial process: flat or sloping downwards less than 40° (0); sloping down- wards at an angle of at least 40° to the horizontal (1) (Mannion et al., 2013).",Mannion et al. (2019) supplied character list,M19:C235,inherited_GR2018_block_provisional_distinct,,,"Mannion et al., 2013",MC0354; MC0298; MC0347,moderate,2,2,2,M19; M26,no,2019,2026,7,frozen-v1.0,NOT_YET_AUDITED,,,FROZEN_CURRENT_ID,high,Accepted in Phase 2 after source-first review; no supported older canonical equivalent was identified.,,NOT_PHASE3_C12_TARGET,,,NOT_PHASE4_DE12_TARGET,,,NOT_PHASE5_GA11_TARGET,,,NOT_PHASE6_M26_TARGET,,,FROZEN_V1,moderate,Canonical identity frozen in MacronariaMatrix v1.0.0 after the multi-phase lineage and duplicate audit.
MC0635,CARPAL_BONES,"Carpal bones: at least one carpal present (0); absent (1) (Upchurch, 1995, 1998).",Mannion et al. (2019) supplied character list,M19:C238,inherited_GR2018_block_provisional_distinct,,,"Upchurch, 1995, 1998",MC0173; MC0174; MC0390,moderate,2,2,2,M19; M26,no,2019,2026,7,frozen-v1.0,NOT_YET_AUDITED,,,FROZEN_CURRENT_ID,high,Accepted in Phase 2 after source-first review; no supported older canonical equivalent was identified.,,NOT_PHASE3_C12_TARGET,,,NOT_PHASE4_DE12_TARGET,,,NOT_PHASE5_GA11_TARGET,,,NOT_PHASE6_M26_TARGET,,,FROZEN_V1,moderate,Canonical identity frozen in MacronariaMatrix v1.0.0 after the multi-phase lineage and duplicate audit.
MC0638,MANUAL_DIGITS,"Manual digits: possess at least some pha- langes (0); have lost the phalanges (1) (Wilson, 2002; Upchurch et al., 2004).",Mannion et al. (2019) supplied character list,M19:C242,inherited_GR2018_block_provisional_distinct,,,"Wilson, 2002; Upchurch et al., 2004",MC0181; MC0227; MC0182,moderate,2,2,2,M19; M26,no,2019,2026,7,frozen-v1.0,NOT_YET_AUDITED,,,FROZEN_CURRENT_ID,high,Accepted in Phase 2 after source-first review; no supported older canonical equivalent was identified.,,NOT_PHASE3_C12_TARGET,,,NOT_PHASE4_DE12_TARGET,,,NOT_PHASE5_GA11_TARGET,,,NOT_PHASE6_M26_TARGET,,,FROZEN_V1,moderate,Canonical identity frozen in MacronariaMatrix v1.0.0 after the multi-phase lineage and duplicate audit.
MC0639,ILIUM_PREACETABULAR_DORSAL_VIEW,"Ilium, preacetabular process in dorsal view: projects anteriorly (0); projects anterolaterally (1) (Upchurch et al., 2004).",Mannion et al. (2019) supplied character list,M19:C244,inherited_GR2018_block_provisional_distinct,,,"Upchurch et al., 2004",MC0451; MC0187; MC0298,moderate,2,2,2,M19; M26,no,2019,2026,7,frozen-v1.0,NOT_YET_AUDITED,,,FROZEN_CURRENT_ID,high,Accepted in Phase 2 after source-first review; no supported older canonical equivalent was identified.,,NOT_PHASE3_C12_TARGET,,,NOT_PHASE4_DE12_TARGET,,,NOT_PHASE5_GA11_TARGET,,,NOT_PHASE6_M26_TARGET,,,FROZEN_V1,moderate,Canonical identity frozen in MacronariaMatrix v1.0.0 after the multi-phase lineage and duplicate audit.
MC0641,ILIUM_PREACETABULAR,"Ilium, preacetabular process shape: dorsoven- trally tapers anteriorly to a point (0); semicircular, or rounded outline, such that it does not continue to taper along its anteriormost portion (1) (Calvo & Salgado, 1995; Upchurch, 1998; Wilson & Sereno, 1998; Mannion et al., 2013).",Mannion et al. (2019) supplied character list,M19:C246,inherited_GR2018_block_provisional_distinct,,,"Calvo & Salgado, 1995; Upchurch, 1998; Wilson & Sereno, 1998; Mannion et al., 2013",MC0188; MC0451; MC0187,moderate,2,2,2,M19; M26,no,2019,2026,7,frozen-v1.0,NOT_YET_AUDITED,,,FROZEN_CURRENT_ID,high,Accepted in Phase 2 after source-first review; no supported older canonical equivalent was identified.,,NOT_PHASE3_C12_TARGET,,,NOT_PHASE4_DE12_TARGET,,,NOT_PHASE5_GA11_TARGET,,,NOT_PHASE6_M26_TARGET,,,FROZEN_V1,moderate,Canonical identity frozen in MacronariaMatrix v1.0.0 after the multi-phase lineage and duplicate audit.
MC0642,ILIUM_PNEUMATIZED,"Ilium, pneumatized: absent (0); present (1) (Wilson & Upchurch, 2009; Mannion et al., 2013).",Mannion et al. (2019) supplied character list,M19:C249,inherited_GR2018_block_provisional_distinct,,,"Wilson & Upchurch, 2009; Mannion et al., 2013",MC0451; MC0413; MC0141,moderate,2,2,2,M19; M26,no,2019,2026,7,frozen-v1.0,NOT_YET_AUDITED,,,FROZEN_CURRENT_ID,high,Accepted in Phase 2 after source-first review; no supported older canonical equivalent was identified.,,NOT_PHASE3_C12_TARGET,,,NOT_PHASE4_DE12_TARGET,,,NOT_PHASE5_GA11_TARGET,,,NOT_PHASE6_M26_TARGET,,,FROZEN_V1,moderate,Canonical identity frozen in MacronariaMatrix v1.0.0 after the multi-phase lineage and duplicate audit.
MC0643,PUBIS_OBTURATOR_FORAMEN_LATERAL_VIEW_IS,"Pubis, obturator foramen, in lateral view is: subcircular (0); oval or elliptical, with long axis ori- ented in same plane as long axis of pubis (1) (Mannion & Calvo, 2011; Mannion et al., 2013).",Mannion et al. (2019) supplied character list,M19:C250,inherited_GR2018_block_provisional_distinct,,,"Mannion & Calvo, 2011; Mannion et al., 2013",MC0162; MC0317; MC0203,moderate,2,2,2,M19; M26,no,2019,2026,7,frozen-v1.0,NOT_YET_AUDITED,,,FROZEN_CURRENT_ID,high,Accepted in Phase 2 after source-first review; no supported older canonical equivalent was identified.,,NOT_PHASE3_C12_TARGET,,,NOT_PHASE4_DE12_TARGET,,,NOT_PHASE5_GA11_TARGET,,,NOT_PHASE6_M26_TARGET,,,FROZEN_V1,moderate,Canonical identity frozen in MacronariaMatrix v1.0.0 after the multi-phase lineage and duplicate audit.
MC0644,PUBIS_ANTERIOR_MARGIN_DISTAL_END_STRONGLY_CONCAVE_LATERAL,"Pubis, anterior margin of distal end strongly concave in lateral view, such that the distal end forms a prominent, anteriorly expanded boot: absent (0); pre- sent (1) (Naish & Martill, 2001; Mannion et al., 2013).",Mannion et al. (2019) supplied character list,M19:C251,inherited_GR2018_block_provisional_distinct,,,"Naish & Martill, 2001; Mannion et al., 2013",MC0447; MC0299; MC0189,moderate,2,2,2,M19; M26,no,2019,2026,7,frozen-v1.0,NOT_YET_AUDITED,,,FROZEN_CURRENT_ID,high,Accepted in Phase 2 after source-first review; no supported older canonical equivalent was identified.,,NOT_PHASE3_C12_TARGET,,,NOT_PHASE4_DE12_TARGET,,,NOT_PHASE5_GA11_TARGET,,,NOT_PHASE6_M26_TARGET,,,FROZEN_V1,moderate,Canonical identity frozen in MacronariaMatrix v1.0.0 after the multi-phase lineage and duplicate audit.
MC0647,FEMUR_PROXIMOLATERAL_MARGIN_ABOVE_LAT_ERAL_BULGE,"Femur, proximolateral margin, above the lat- eral bulge: level with or lateral to the lateral margin of the distal half of the shaft (0); medial to the lateral margin of the distal half of the shaft (1) (McIntosh, 1990; Calvo & Salgado, 1995; Salgado et al., 1997; Royo-Torres, 2009; Royo-Torres et al., 2012; Mannion et al., 2013).",Mannion et al. (2019) supplied character list,M19:C255,inherited_GR2018_block_provisional_distinct,,,"McIntosh, 1990; Calvo & Salgado, 1995; Salgado et al., 1997; Royo-Torres, 2009; Royo-Torres et al., 2012; Mannion et al., 2013",MC0199; MC0445; MC0194,moderate,2,2,2,M19; M26,no,2019,2026,7,frozen-v1.0,NOT_YET_AUDITED,,,FROZEN_CURRENT_ID,high,Accepted in Phase 2 after source-first review; no supported older canonical equivalent was identified.,,NOT_PHASE3_C12_TARGET,,,NOT_PHASE4_DE12_TARGET,,,NOT_PHASE5_GA11_TARGET,,,NOT_PHASE6_M26_TARGET,,,FROZEN_V1,moderate,Canonical identity frozen in MacronariaMatrix v1.0.0 after the multi-phase lineage and duplicate audit.
MC0648,FEMUR_ANTEROPOSTERIOR_THICKNESS_LATERAL_MARGIN_PROXIMAL_THIRD,"Femur, anteroposterior thickness of lateral margin of proximal third: relatively constant with main body of femur (0); narrows to form a flange-like trochanteric shelf, forming a medially bounding ver- tical ridge along the posterior surface (1) (Mannion et al., 2013).",Mannion et al. (2019) supplied character list,M19:C256,inherited_GR2018_block_provisional_distinct,,,"Mannion et al., 2013",MC0199; MC0456; MC0172,moderate,2,2,2,M19; M26,no,2019,2026,7,frozen-v1.0,NOT_YET_AUDITED,,,FROZEN_CURRENT_ID,high,Accepted in Phase 2 after source-first review; no supported older canonical equivalent was identified.,,NOT_PHASE3_C12_TARGET,,,NOT_PHASE4_DE12_TARGET,,,NOT_PHASE5_GA11_TARGET,,,NOT_PHASE6_M26_TARGET,,,FROZEN_V1,moderate,Canonical identity frozen in MacronariaMatrix v1.0.0 after the multi-phase lineage and duplicate audit.
MC0650,FEMUR_FOURTH_TROCHANTER,"Femur, fourth trochanter: not visible in an- terior view (0); visible in anterior view (1) (Gallina & Apesteguía, 2005; Whitlock, 2011a).",Mannion et al. (2019) supplied character list,M19:C258,inherited_GR2018_block_provisional_distinct,,,"Gallina & Apesteguía, 2005; Whitlock, 2011a",MC0196; MC0243; MC0029,moderate,2,2,2,M19; M26,no,2019,2026,7,frozen-v1.0,NOT_YET_AUDITED,,,FROZEN_CURRENT_ID,high,Accepted in Phase 2 after source-first review; no supported older canonical equivalent was identified.,,NOT_PHASE3_C12_TARGET,,,NOT_PHASE4_DE12_TARGET,,,NOT_PHASE5_GA11_TARGET,,,NOT_PHASE6_M26_TARGET,,,FROZEN_V1,moderate,Canonical identity frozen in MacronariaMatrix v1.0.0 after the multi-phase lineage and duplicate audit.
MC0652,TIBIA_LATERAL_EDGE_PROXIMAL_END_FORMS_PINCHED_OUT,"Tibia, lateral edge of proximal end forms a pinched out projection, posterior to cnemial crest (the ‘second cnemial crest’ of Bonaparte et al., 2000): pre- sent (0); absent (1) (Bonaparte et al., 2000; Mannion et al., 2013).",Mannion et al. (2019) supplied character list,M19:C261,inherited_GR2018_block_provisional_distinct,,,"the ‘second cnemial crest’ of Bonaparte et al., 2000 | Bonaparte et al., 2000; Mannion et al., 2013",MC0204; MC0402; MC0255,moderate,2,2,2,M19; M26,no,2019,2026,7,frozen-v1.0,NOT_YET_AUDITED,,,FROZEN_CURRENT_ID,high,Accepted in Phase 2 after source-first review; no supported older canonical equivalent was identified.,,NOT_PHASE3_C12_TARGET,,,NOT_PHASE4_DE12_TARGET,,,NOT_PHASE5_GA11_TARGET,,,NOT_PHASE6_M26_TARGET,,,FROZEN_V1,moderate,Canonical identity frozen in MacronariaMatrix v1.0.0 after the multi-phase lineage and duplicate audit.
MC0654,FIBULA_LATERAL_MUSCLE_SCAR_IS,"Fibula, lateral muscle scar is: oval in outline (0); formed from two vertically elongate, parallel ridges (1) (Powell, 1992; Upchurch, 1998).",Mannion et al. (2019) supplied character list,M19:C263,inherited_GR2018_block_provisional_distinct,,,"Powell, 1992; Upchurch, 1998",MC0208; MC0458; MC0320,moderate,2,2,2,M19; M26,no,2019,2026,7,frozen-v1.0,NOT_YET_AUDITED,,,FROZEN_CURRENT_ID,high,Accepted in Phase 2 after source-first review; no supported older canonical equivalent was identified.,,NOT_PHASE3_C12_TARGET,,,NOT_PHASE4_DE12_TARGET,,,NOT_PHASE5_GA11_TARGET,,,NOT_PHASE6_M26_TARGET,,,FROZEN_V1,moderate,Canonical identity frozen in MacronariaMatrix v1.0.0 after the multi-phase lineage and duplicate audit.
MC0657,ASTRAGALUS_LATERALLY_DIRECTED_VENTRAL_SHELF_UNDERLIES_DISTAL_END,"Astragalus, laterally-directed ventral shelf underlies the distal end of the fibula: present (0); ab- sent (1) (Wilson & Upchurch, 2009; Mannion et al., 2013).",Mannion et al. (2019) supplied character list,M19:C267,inherited_GR2018_block_provisional_distinct,,,"Wilson & Upchurch, 2009; Mannion et al., 2013",MC0245; MC0212; MC0462,moderate,2,2,2,M19; M26,no,2019,2026,7,frozen-v1.0,NOT_YET_AUDITED,,,FROZEN_CURRENT_ID,high,Accepted in Phase 2 after source-first review; no supported older canonical equivalent was identified.,,NOT_PHASE3_C12_TARGET,,,NOT_PHASE4_DE12_TARGET,,,NOT_PHASE5_GA11_TARGET,,,NOT_PHASE6_M26_TARGET,,,FROZEN_V1,moderate,Canonical identity frozen in MacronariaMatrix v1.0.0 after the multi-phase lineage and duplicate audit.
MC0659,CALCANEUM_PROXIMAL_VIEW,"Calcaneum, shape in proximal view: subcircu- lar (0); subrectangular (1) (Wilson & Upchurch, 2009; Mannion et al., 2013).",Mannion et al. (2019) supplied character list,M19:C271,inherited_GR2018_block_provisional_distinct,,,"Wilson & Upchurch, 2009; Mannion et al., 2013",MC0215; MC0310; MC0176,moderate,2,2,2,M19; M26,no,2019,2026,7,frozen-v1.0,NOT_YET_AUDITED,,,FROZEN_CURRENT_ID,high,Accepted in Phase 2 after source-first review; no supported older canonical equivalent was identified.,,NOT_PHASE3_C12_TARGET,,,NOT_PHASE4_DE12_TARGET,,,NOT_PHASE5_GA11_TARGET,,,NOT_PHASE6_M26_TARGET,,,FROZEN_V1,moderate,Canonical identity frozen in MacronariaMatrix v1.0.0 after the multi-phase lineage and duplicate audit.
MC0660,METATARSALS_METATARSAL_I_PROMINENT_VENTROLATERAL_EXPANSION_ALONG_ITS,"Metatarsals, metatarsal I with a prominent ventrolateral expansion along its distal half, such that the distal end expands further laterally than the prox- imal end: absent (0); present (1) (Berman & McIntosh, 1978; McIntosh, 1990; Upchurch, 1995, 1998; D’Emic et al., 2011; Mannion et al., 2013).",Mannion et al. (2019) supplied character list,M19:C272,inherited_GR2018_block_provisional_distinct,,,"Berman & McIntosh, 1978; McIntosh, 1990; Upchurch, 1995, 1998; D’Emic et al., 2011; Mannion et al., 2013",MC0300; MC0220; MC0221,moderate,2,2,2,M19; M26,no,2019,2026,7,frozen-v1.0,NOT_YET_AUDITED,,,FROZEN_CURRENT_ID,high,Accepted in Phase 2 after source-first review; no supported older canonical equivalent was identified.,,NOT_PHASE3_C12_TARGET,,,NOT_PHASE4_DE12_TARGET,,,NOT_PHASE5_GA11_TARGET,,,NOT_PHASE6_M26_TARGET,,,FROZEN_V1,moderate,Canonical identity frozen in MacronariaMatrix v1.0.0 after the multi-phase lineage and duplicate audit.
MC0661,METATARSALS_LATERAL_MARGIN_METATARSAL_II_PROXIMAL_VIEW,"Metatarsals, lateral margin of metatarsal II in proximal view: concave (0); straight (1) (Mannion et al., 2013).",Mannion et al. (2019) supplied character list,M19:C273,inherited_GR2018_block_provisional_distinct,,,"Mannion et al., 2013",MC0300; MC0221; MC0225,moderate,2,2,2,M19; M26,no,2019,2026,7,frozen-v1.0,NOT_YET_AUDITED,,,FROZEN_CURRENT_ID,high,Accepted in Phase 2 after source-first review; no supported older canonical equivalent was identified.,,NOT_PHASE3_C12_TARGET,,,NOT_PHASE4_DE12_TARGET,,,NOT_PHASE5_GA11_TARGET,,,NOT_PHASE6_M26_TARGET,,,FROZEN_V1,moderate,Canonical identity frozen in MacronariaMatrix v1.0.0 after the multi-phase lineage and duplicate audit.
MC0662,METATARSALS_METATARSAL_II_DISTAL_ARTICULAR_EXTENDS_UP_DORSAL,"Metatarsals, metatarsal II distal articular surface extends up on to the dorsal surface (extending proximally approximately 25% of metatarsal length and most prominently along medial half): absent (0); present (1) (D’Emic et al., 2011; Mannion et al., 2013).",Mannion et al. (2019) supplied character list,M19:C274,inherited_GR2018_block_provisional_distinct,,,"D’Emic et al., 2011; Mannion et al., 2013",MC0300; MC0225; MC0221,moderate,2,2,2,M19; M26,no,2019,2026,7,frozen-v1.0,NOT_YET_AUDITED,,,FROZEN_CURRENT_ID,high,Accepted in Phase 2 after source-first review; no supported older canonical equivalent was identified.,,NOT_PHASE3_C12_TARGET,,,NOT_PHASE4_DE12_TARGET,,,NOT_PHASE5_GA11_TARGET,,,NOT_PHASE6_M26_TARGET,,,FROZEN_V1,moderate,Canonical identity frozen in MacronariaMatrix v1.0.0 after the multi-phase lineage and duplicate audit.
MC0665,PEDAL_UNGUALS_TUBEROSITY_VENTRAL_MARGIN_ALONG_DISTAL_HALF,"Pedal unguals, tuberosity on the ventral margin, along distal half: absent (0); present (1) (Canudo et al., 2008; Mannion et al., 2013).",Mannion et al. (2019) supplied character list,M19:C278,inherited_GR2018_block_provisional_distinct,,,"Canudo et al., 2008; Mannion et al., 2013",MC0228; MC0233; MC0393,moderate,2,2,2,M19; M26,no,2019,2026,7,frozen-v1.0,NOT_YET_AUDITED,,,FROZEN_CURRENT_ID,high,Accepted in Phase 2 after source-first review; no supported older canonical equivalent was identified.,,NOT_PHASE3_C12_TARGET,,,NOT_PHASE4_DE12_TARGET,,,NOT_PHASE5_GA11_TARGET,,,NOT_PHASE6_M26_TARGET,,,FROZEN_V1,moderate,Canonical identity frozen in MacronariaMatrix v1.0.0 after the multi-phase lineage and duplicate audit.
MC0666,HUMERUS_STRONG_BULGE_TUBEROSITY_LATERAL_MARGIN_POSTERIOR_APPROXIMATELY,"Humerus, strong bulge or tuberosity (site for M. scapulohumeralis anterior) on the lateral margin of the posterior surface (usually visible in anterior view), approximately level with the most prominently developed portion of the deltopectoral crest: absent or weakly developed, and not visible in anterior view (0); present, forms a distinct lateral bulge that interrupts the line of the lateral humeral margin in anterior view (1) (Borsuk-Białynicka, 1977; Upchurch et al., 2015).",Mannion et al. (2019) supplied character list,M19:C280,inherited_GR2018_block_provisional_distinct,,,"Borsuk-Białynicka, 1977; Upchurch et al., 2015",MC0445; MC0457; MC0383,moderate,2,2,2,M19; M26,no,2019,2026,7,frozen-v1.0,NOT_YET_AUDITED,,,FROZEN_CURRENT_ID,high,Accepted in Phase 2 after source-first review; no supported older canonical equivalent was identified.,,NOT_PHASE3_C12_TARGET,,,NOT_PHASE4_DE12_TARGET,,,NOT_PHASE5_GA11_TARGET,,,NOT_PHASE6_M26_TARGET,,,FROZEN_V1,moderate,Canonical identity frozen in MacronariaMatrix v1.0.0 after the multi-phase lineage and duplicate audit.
MC0667,ULNA_POSTERIOR_PROXIMAL_END,"Ulna, posterior process of proximal end: weakly developed, so that the proximal profile of the ulna is ‘V’-shaped (formed by the anteromedial and an- terolateral processes) (0); strongly developed, so that the proximal profile of the ulna is ‘T’- or ‘Y’-shaped, and there is a deep fossa between the anteromedial and posterior processes, rivalling the radial fossa in depth (1) (Upchurch et al., 2015).",Mannion et al. (2019) supplied character list,M19:C281,inherited_GR2018_block_provisional_distinct,,,"Upchurch et al., 2015",MC0457; MC0239; MC0165,moderate,2,2,2,M19; M26,no,2019,2026,7,frozen-v1.0,NOT_YET_AUDITED,,,FROZEN_CURRENT_ID,high,Accepted in Phase 2 after source-first review; no supported older canonical equivalent was identified.,,NOT_PHASE3_C12_TARGET,,,NOT_PHASE4_DE12_TARGET,,,NOT_PHASE5_GA11_TARGET,,,NOT_PHASE6_M26_TARGET,,,FROZEN_V1,moderate,Canonical identity frozen in MacronariaMatrix v1.0.0 after the multi-phase lineage and duplicate audit.
MC0668,ULNA_DISTAL_END,"Ulna, shape of the distal end: comma-shaped, with tapering curved anterior process associated with an anteromedial fossa for reception of the radius (0); elliptical or oval in outline, with the anteromedial fossa strongly reduced or absent (1) (Upchurch et al., 2015).",Mannion et al. (2019) supplied character list,M19:C282,inherited_GR2018_block_provisional_distinct,,,"Upchurch et al., 2015",MC0210; MC0447; MC0245,moderate,2,2,2,M19; M26,no,2019,2026,7,frozen-v1.0,NOT_YET_AUDITED,,,FROZEN_CURRENT_ID,high,Accepted in Phase 2 after source-first review; no supported older canonical equivalent was identified.,,NOT_PHASE3_C12_TARGET,,,NOT_PHASE4_DE12_TARGET,,,NOT_PHASE5_GA11_TARGET,,,NOT_PHASE6_M26_TARGET,,,FROZEN_V1,moderate,Canonical identity frozen in MacronariaMatrix v1.0.0 after the multi-phase lineage and duplicate audit.
MC0669,RADIUS_PROFILE_PROXIMAL_END,"Radius, profile of proximal end: ‘D’-shaped or elliptical (0); oval or subtriangular, with marked taper- ing towards the medial process (1) (Upchurch et al., 2015).",Mannion et al. (2019) supplied character list,M19:C283,inherited_GR2018_block_provisional_distinct,,,"Upchurch et al., 2015",MC0386; MC0245; MC0449,moderate,2,2,2,M19; M26,no,2019,2026,7,frozen-v1.0,NOT_YET_AUDITED,,,FROZEN_CURRENT_ID,high,Accepted in Phase 2 after source-first review; no supported older canonical equivalent was identified.,,NOT_PHASE3_C12_TARGET,,,NOT_PHASE4_DE12_TARGET,,,NOT_PHASE5_GA11_TARGET,,,NOT_PHASE6_M26_TARGET,,,FROZEN_V1,moderate,Canonical identity frozen in MacronariaMatrix v1.0.0 after the multi-phase lineage and duplicate audit.
MC0670,RADIUS_RIDGE_FLANGE_MEDIAL_MARGIN_NEAR_PROXIMAL_END,"Radius, ridge or flange on medial margin, near proximal end, for attachment of the M. biceps brachii and M. brachialis inferior: absent or very weakly devel- oped (0); present, projecting beyond the medial margin of the main radial shaft (1) (Borsuk-Białynicka, 1977; Upchurch et al., 2015).",Mannion et al. (2019) supplied character list,M19:C284,inherited_GR2018_block_provisional_distinct,,,"Borsuk-Białynicka, 1977; Upchurch et al., 2015",MC0386; MC0376; MC0377,moderate,2,2,2,M19; M26,no,2019,2026,7,frozen-v1.0,NOT_YET_AUDITED,,,FROZEN_CURRENT_ID,high,Accepted in Phase 2 after source-first review; no supported older canonical equivalent was identified.,,NOT_PHASE3_C12_TARGET,,,NOT_PHASE4_DE12_TARGET,,,NOT_PHASE5_GA11_TARGET,,,NOT_PHASE6_M26_TARGET,,,FROZEN_V1,moderate,Canonical identity frozen in MacronariaMatrix v1.0.0 after the multi-phase lineage and duplicate audit.
MC0671,RADIUS_POSTERIOR_MARGIN_DISTAL_END,"Radius, posterior margin of distal end: lacks condylar-like processes and fossa (0); forms two low rounded processes (posteromedial and posterolateral), with a shallow fossa between them (1) (D’Emic, 2013; Upchurch et al., 2015).",Mannion et al. (2019) supplied character list,M19:C285,inherited_GR2018_block_provisional_distinct,,,"D’Emic, 2013; Upchurch et al., 2015",MC0270; MC0447; MC0206,moderate,2,2,2,M19; M26,no,2019,2026,7,frozen-v1.0,NOT_YET_AUDITED,,,FROZEN_CURRENT_ID,high,Accepted in Phase 2 after source-first review; no supported older canonical equivalent was identified.,,NOT_PHASE3_C12_TARGET,,,NOT_PHASE4_DE12_TARGET,,,NOT_PHASE5_GA11_TARGET,,,NOT_PHASE6_M26_TARGET,,,FROZEN_V1,moderate,Canonical identity frozen in MacronariaMatrix v1.0.0 after the multi-phase lineage and duplicate audit.
MC0672,SNOUT_DORSAL_VIEW_PREMAXILLARY_MAXILLARY_INDEX,"Snout, shape in dorsal view, Premaxillary- Maxillary Index (PMI): 60% or less (0); >60% to 75% (1); greater than 75% (2) (Upchurch, 1998; Whitlock, 2011a; Poropat et al., 2016; note that this can be cal- culated using the lower jaw when the skull is incom- plete) [ordered].",Mannion et al. (2019) supplied character list,M19:C286,inherited_GR2018_block_provisional_distinct,,,"Upchurch, 1998; Whitlock, 2011a; Poropat et al., 2016; note that this can be cal- culated using the lower jaw when the skull is incom- plete",MC0172; MC0002; MC0415,moderate,2,2,2,M19; M26,no,2019,2026,7,frozen-v1.0,NOT_YET_AUDITED,,,FROZEN_CURRENT_ID,high,Accepted in Phase 2 after source-first review; no supported older canonical equivalent was identified.,,NOT_PHASE3_C12_TARGET,,,NOT_PHASE4_DE12_TARGET,,,NOT_PHASE5_GA11_TARGET,,,NOT_PHASE6_M26_TARGET,,,FROZEN_V1,moderate,Canonical identity frozen in MacronariaMatrix v1.0.0 after the multi-phase lineage and duplicate audit.
MC0673,PREMAXILLA_ASCENDING_LATERAL_VIEW,"Premaxilla, shape of ascending process in lateral view: convex (0); concave, with a large dorsal projection (1); sub-rectilinear and directed posterodor- sally (2) (Whitlock, 2011a).",Mannion et al. (2019) supplied character list,M19:C287,inherited_GR2018_block_provisional_distinct,,,"Whitlock, 2011a",MC0260; MC0303; MC0212,moderate,2,2,2,M19; M26,no,2019,2026,7,frozen-v1.0,NOT_YET_AUDITED,,,FROZEN_CURRENT_ID,high,Accepted in Phase 2 after source-first review; no supported older canonical equivalent was identified.,,NOT_PHASE3_C12_TARGET,,,NOT_PHASE4_DE12_TARGET,,,NOT_PHASE5_GA11_TARGET,,,NOT_PHASE6_M26_TARGET,,,FROZEN_V1,moderate,Canonical identity frozen in MacronariaMatrix v1.0.0 after the multi-phase lineage and duplicate audit.
MC0674,MAXILLA_ANTERIOR_PORTION_LAT_ERAL_EXCAVATED_BY_DORSOVENTRALLY,"Maxilla, anterior (dentigerous) portion of lat- eral surface excavated by dorsoventrally elongate, deep vascular grooves: absent (0); present (1) (Wilson, 2002, 2005b).",Mannion et al. (2019) supplied character list,M19:C288,inherited_GR2018_block_provisional_distinct,,,"Wilson, 2002, 2005b",MC0258; MC0343; MC0076,moderate,2,2,2,M19; M26,no,2019,2026,7,frozen-v1.0,NOT_YET_AUDITED,,,FROZEN_CURRENT_ID,high,Accepted in Phase 2 after source-first review; no supported older canonical equivalent was identified.,,NOT_PHASE3_C12_TARGET,,,NOT_PHASE4_DE12_TARGET,,,NOT_PHASE5_GA11_TARGET,,,NOT_PHASE6_M26_TARGET,,,FROZEN_V1,moderate,Canonical identity frozen in MacronariaMatrix v1.0.0 after the multi-phase lineage and duplicate audit.
MC0675,MAXILLA_FORAMEN_ANTERIOR_PREANTORBITAL_FENESTRA,"Maxilla, foramen anterior to the preantorbital fenestra: absent (0); present (1) (Zaher et al., 2011).",Mannion et al. (2019) supplied character list,M19:C289,inherited_GR2018_block_provisional_distinct,,,"Zaher et al., 2011",MC0004; MC0007; MC0023,moderate,2,2,2,M19; M26,no,2019,2026,7,frozen-v1.0,NOT_YET_AUDITED,,,FROZEN_CURRENT_ID,high,Accepted in Phase 2 after source-first review; no supported older canonical equivalent was identified.,,NOT_PHASE3_C12_TARGET,,,NOT_PHASE4_DE12_TARGET,,,NOT_PHASE5_GA11_TARGET,,,NOT_PHASE6_M26_TARGET,,,FROZEN_V1,moderate,Canonical identity frozen in MacronariaMatrix v1.0.0 after the multi-phase lineage and duplicate audit.
MC0676,MAXILLA_POSITION_EXTERNAL_OPENING_PREANTORBITAL_FENESTRA,"Maxilla, position of external opening of the preantorbital fenestra: lies below antorbital fenestra (0); lies anterior to antorbital fenstra, with the posterior margin of the preantorbital fenestra lying entirely an- terior to the anterior margin of the antorbital fenestra (1) (Marpmann et al., 2015; Poropat et al., 2016).",Mannion et al. (2019) supplied character list,M19:C290,inherited_GR2018_block_provisional_distinct,,,"Marpmann et al., 2015; Poropat et al., 2016",MC0004; MC0037; MC0007,moderate,2,2,2,M19; M26,no,2019,2026,7,frozen-v1.0,NOT_YET_AUDITED,,,FROZEN_CURRENT_ID,high,Accepted in Phase 2 after source-first review; no supported older canonical equivalent was identified.,,NOT_PHASE3_C12_TARGET,,,NOT_PHASE4_DE12_TARGET,,,NOT_PHASE5_GA11_TARGET,,,NOT_PHASE6_M26_TARGET,,,FROZEN_V1,moderate,Canonical identity frozen in MacronariaMatrix v1.0.0 after the multi-phase lineage and duplicate audit.
MC0677,MAXILLA_PREANTORBITAL_FENESTRA_DEVELOPMENT,"Maxilla, preantorbital fenestra development: weakly developed, shallow fossa (difficult to distin- guish from posterior maxillary foramen) (0); deep, sharp-lipped fossa (1) (Zaher et al., 2011; Carballido et al., 2012; Poropat et al., 2016).",Mannion et al. (2019) supplied character list,M19:C291,inherited_GR2018_block_provisional_distinct,,,"Zaher et al., 2011; Carballido et al., 2012; Poropat et al., 2016",MC0004; MC0308; MC0296,moderate,2,2,2,M19; M26,no,2019,2026,7,frozen-v1.0,NOT_YET_AUDITED,,,FROZEN_CURRENT_ID,high,Accepted in Phase 2 after source-first review; no supported older canonical equivalent was identified.,,NOT_PHASE3_C12_TARGET,,,NOT_PHASE4_DE12_TARGET,,,NOT_PHASE5_GA11_TARGET,,,NOT_PHASE6_M26_TARGET,,,FROZEN_V1,moderate,Canonical identity frozen in MacronariaMatrix v1.0.0 after the multi-phase lineage and duplicate audit.
MC0678,MAXILLA_POSTERIOR_EXTENT_DORSAL,"Maxilla, posterior extent of dorsal (ascending) process: anterior to, or level with, posterior end of main body (0); extending posterior to posterior end of main body (1) (Whitlock, 2011a).",Mannion et al. (2019) supplied character list,M19:C292,inherited_GR2018_block_provisional_distinct,,,"Whitlock, 2011a",MC0212; MC0260; MC0017,moderate,2,2,2,M19; M26,no,2019,2026,7,frozen-v1.0,NOT_YET_AUDITED,,,FROZEN_CURRENT_ID,high,Accepted in Phase 2 after source-first review; no supported older canonical equivalent was identified.,,NOT_PHASE3_C12_TARGET,,,NOT_PHASE4_DE12_TARGET,,,NOT_PHASE5_GA11_TARGET,,,NOT_PHASE6_M26_TARGET,,,FROZEN_V1,moderate,Canonical identity frozen in MacronariaMatrix v1.0.0 after the multi-phase lineage and duplicate audit.
MC0679,MAXILLA_VENTRAL_MARGIN_JUGAL,"Maxilla, ventral margin of jugal process: reduced in dorsoventral height, such that the ventral margin is strongly emarginated relative to the re- mainder of the ventral margin of the maxilla (0); con- tinuous with ventral margin of remainder of maxilla, or very gently emarginated (1) (Curry Rogers, 2005; Poropat et al., 2016).",Mannion et al. (2019) supplied character list,M19:C293,inherited_GR2018_block_provisional_distinct,,,"Curry Rogers, 2005; Poropat et al., 2016",MC0010; MC0451; MC0322,moderate,2,2,2,M19; M26,no,2019,2026,7,frozen-v1.0,NOT_YET_AUDITED,,,FROZEN_CURRENT_ID,high,Accepted in Phase 2 after source-first review; no supported older canonical equivalent was identified.,,NOT_PHASE3_C12_TARGET,,,NOT_PHASE4_DE12_TARGET,,,NOT_PHASE5_GA11_TARGET,,,NOT_PHASE6_M26_TARGET,,,FROZEN_V1,moderate,Canonical identity frozen in MacronariaMatrix v1.0.0 after the multi-phase lineage and duplicate audit.
MC0680,MAXILLA_CONTACT_QUADRATOJUGAL,"Maxilla, contact with quadratojugal: absent or small (i.e. no more than a point contact) (0); extensive (1) (Upchurch, 1995; Poropat et al., 2016).",Mannion et al. (2019) supplied character list,M19:C294,inherited_GR2018_block_provisional_distinct,,,"Upchurch, 1995; Poropat et al., 2016",MC0031; MC0313; MC0052,moderate,2,2,2,M19; M26,no,2019,2026,7,frozen-v1.0,NOT_YET_AUDITED,,,FROZEN_CURRENT_ID,high,Accepted in Phase 2 after source-first review; no supported older canonical equivalent was identified.,,NOT_PHASE3_C12_TARGET,,,NOT_PHASE4_DE12_TARGET,,,NOT_PHASE5_GA11_TARGET,,,NOT_PHASE6_M26_TARGET,,,FROZEN_V1,moderate,Canonical identity frozen in MacronariaMatrix v1.0.0 after the multi-phase lineage and duplicate audit.
MC0681,JUGAL_DORSAL,"Jugal, dorsal process: present (0); absent (1) (Tschopp et al., 2015a).",Mannion et al. (2019) supplied character list,M19:C295,inherited_GR2018_block_provisional_distinct,,,"Tschopp et al., 2015a",MC0011; MC0017; MC0012,moderate,2,2,2,M19; M26,no,2019,2026,7,frozen-v1.0,NOT_YET_AUDITED,,,FROZEN_CURRENT_ID,high,Accepted in Phase 2 after source-first review; no supported older canonical equivalent was identified.,,NOT_PHASE3_C12_TARGET,,,NOT_PHASE4_DE12_TARGET,,,NOT_PHASE5_GA11_TARGET,,,NOT_PHASE6_M26_TARGET,,,FROZEN_V1,moderate,Canonical identity frozen in MacronariaMatrix v1.0.0 after the multi-phase lineage and duplicate audit.
MC0684,FRONTAL_LATERAL_MARGIN,"Frontal, lateral margin: expands posteriorly, orbital margin concave in dorsal view (0); unexpanded posteriorly, orbital margin straight or convex in dorsal view (1) (Whitlock et al., 2010; Poropat et al., 2016).",Mannion et al. (2019) supplied character list,M19:C298,inherited_GR2018_block_provisional_distinct,,,"Whitlock et al., 2010; Poropat et al., 2016",MC0010; MC0199; MC0447,moderate,2,2,2,M19; M26,no,2019,2026,7,frozen-v1.0,NOT_YET_AUDITED,,,FROZEN_CURRENT_ID,high,Accepted in Phase 2 after source-first review; no supported older canonical equivalent was identified.,,NOT_PHASE3_C12_TARGET,,,NOT_PHASE4_DE12_TARGET,,,NOT_PHASE5_GA11_TARGET,,,NOT_PHASE6_M26_TARGET,,,FROZEN_V1,moderate,Canonical identity frozen in MacronariaMatrix v1.0.0 after the multi-phase lineage and duplicate audit.
MC0688,PARIETAL_HEIGHT_SUTURE_FRONTAL,"Parietal, relative height of suture with frontal: lies level with or above the dorsal surfaces of the frontals and parietals (0); lies below the dorsal surfaces of the parietals and frontals (i.e. in a deep transverse trough) (1) (Curry Rogers, 2005; Poropat et al., 2016).",Mannion et al. (2019) supplied character list,M19:C303,inherited_GR2018_block_provisional_distinct,,,"Curry Rogers, 2005; Poropat et al., 2016",MC0014; MC0258; MC0399,moderate,2,2,2,M19; M26,no,2019,2026,7,frozen-v1.0,NOT_YET_AUDITED,,,FROZEN_CURRENT_ID,high,Accepted in Phase 2 after source-first review; no supported older canonical equivalent was identified.,,NOT_PHASE3_C12_TARGET,,,NOT_PHASE4_DE12_TARGET,,,NOT_PHASE5_GA11_TARGET,,,NOT_PHASE6_M26_TARGET,,,FROZEN_V1,moderate,Canonical identity frozen in MacronariaMatrix v1.0.0 after the multi-phase lineage and duplicate audit.
MC0689,PARIETAL_ELEVATION_ANTERIOR_MARGIN_CREATES_STEP_LIKE_CURVING,"Parietal, elevation of anterior margin creates a step-like curving crest transversely, where the par- ietal meets the frontal: absent (0); present (1) (Curry Rogers & Forster, 2004; Curry Rogers, 2005; Poropat et al., 2016).",Mannion et al. (2019) supplied character list,M19:C304,inherited_GR2018_block_provisional_distinct,,,"Curry Rogers & Forster, 2004; Curry Rogers, 2005; Poropat et al., 2016",MC0258; MC0259; MC0002,moderate,2,2,2,M19; M26,no,2019,2026,7,frozen-v1.0,NOT_YET_AUDITED,,,FROZEN_CURRENT_ID,high,Accepted in Phase 2 after source-first review; no supported older canonical equivalent was identified.,,NOT_PHASE3_C12_TARGET,,,NOT_PHASE4_DE12_TARGET,,,NOT_PHASE5_GA11_TARGET,,,NOT_PHASE6_M26_TARGET,,,FROZEN_V1,moderate,Canonical identity frozen in MacronariaMatrix v1.0.0 after the multi-phase lineage and duplicate audit.
MC0690,PTERYGOID,"Pterygoid, morphology: robust element (0); plate-like, with its three processes coplanar (1) (Curry Rogers & Forster, 2004; Wilson, 2005a; Poropat et al., 2016).",Mannion et al. (2019) supplied character list,M19:C305,inherited_GR2018_block_provisional_distinct,,,"Curry Rogers & Forster, 2004; Wilson, 2005a; Poropat et al., 2016",MC0321; MC0325; MC0322,moderate,2,2,2,M19; M26,no,2019,2026,7,frozen-v1.0,NOT_YET_AUDITED,,,FROZEN_CURRENT_ID,high,Accepted in Phase 2 after source-first review; no supported older canonical equivalent was identified.,,NOT_PHASE3_C12_TARGET,,,NOT_PHASE4_DE12_TARGET,,,NOT_PHASE5_GA11_TARGET,,,NOT_PHASE6_M26_TARGET,,,FROZEN_V1,moderate,Canonical identity frozen in MacronariaMatrix v1.0.0 after the multi-phase lineage and duplicate audit.
MC0691,PTERYGOID_SUTURAL_CONTACT_ECTOPTERYGOID,"Pterygoid, sutural contact with ectopterygoid: anteroposteriorly elongate, along the medial or lat- eral surface (0); anteroposteriorly short, restricted to the anterior tip of the pterygoid (1) (Zaher et al., 2011; Poropat et al., 2016).",Mannion et al. (2019) supplied character list,M19:C306,inherited_GR2018_block_provisional_distinct,,,"Zaher et al., 2011; Poropat et al., 2016",MC0012; MC0321; MC0037,moderate,2,2,2,M19; M26,no,2019,2026,7,frozen-v1.0,NOT_YET_AUDITED,,,FROZEN_CURRENT_ID,high,Accepted in Phase 2 after source-first review; no supported older canonical equivalent was identified.,,NOT_PHASE3_C12_TARGET,,,NOT_PHASE4_DE12_TARGET,,,NOT_PHASE5_GA11_TARGET,,,NOT_PHASE6_M26_TARGET,,,FROZEN_V1,moderate,Canonical identity frozen in MacronariaMatrix v1.0.0 after the multi-phase lineage and duplicate audit.
MC0692,SUPRAOCCIPITAL_EXOCCIPITAL_OPISTHOTIC_PAIRED_FACETS_FOR_ARTICULATION_PRO,"Supraoccipital-exoccipital-opisthotic, paired facets for articulation with the proatlas: absent (0); present (1) (Poropat et al., 2016).",Mannion et al. (2019) supplied character list,M19:C309,inherited_GR2018_block_provisional_distinct,,,"Poropat et al., 2016",MC0262; MC0043; MC0044,moderate,2,2,2,M19; M26,no,2019,2026,7,frozen-v1.0,NOT_YET_AUDITED,,,FROZEN_CURRENT_ID,high,Accepted in Phase 2 after source-first review; no supported older canonical equivalent was identified.,,NOT_PHASE3_C12_TARGET,,,NOT_PHASE4_DE12_TARGET,,,NOT_PHASE5_GA11_TARGET,,,NOT_PHASE6_M26_TARGET,,,FROZEN_V1,moderate,Canonical identity frozen in MacronariaMatrix v1.0.0 after the multi-phase lineage and duplicate audit.
MC0693,PARASPHENOID_ROSTRUM_CROSS_SECTIONAL,"Parasphenoid rostrum, cross-sectional shape: triangular (0); transversely thin, sheet-like (1) (Berman & McIntosh, 1978; Upchurch, 1995, 1998; Tschopp et al., 2015a; Poropat et al., 2016)",Mannion et al. (2019) supplied character list,M19:C310,inherited_GR2018_block_provisional_distinct,,,"Berman & McIntosh, 1978; Upchurch, 1995, 1998; Tschopp et al., 2015a; Poropat et al., 2016",MC0154; MC0326; MC0070,moderate,2,2,2,M19; M26,no,2019,2026,7,frozen-v1.0,NOT_YET_AUDITED,,,FROZEN_CURRENT_ID,high,Accepted in Phase 2 after source-first review; no supported older canonical equivalent was identified.,,NOT_PHASE3_C12_TARGET,,,NOT_PHASE4_DE12_TARGET,,,NOT_PHASE5_GA11_TARGET,,,NOT_PHASE6_M26_TARGET,,,FROZEN_V1,moderate,Canonical identity frozen in MacronariaMatrix v1.0.0 after the multi-phase lineage and duplicate audit.
MC0694,BASIPTERYGOID_PROCESSES,"Basipterygoid processes, shape: widely diverg- ing at 30° or more (0); narrowly diverging at less than 30° (1) (Upchurch, 1995, 1998; Mannion et al., 2012).",Mannion et al. (2019) supplied character list,M19:C311,inherited_GR2018_block_provisional_distinct,,,"Upchurch, 1995, 1998; Mannion et al., 2012",MC0047; MC0046; MC0053,moderate,2,2,2,M19; M26,no,2019,2026,7,frozen-v1.0,NOT_YET_AUDITED,,,FROZEN_CURRENT_ID,high,Accepted in Phase 2 after source-first review; no supported older canonical equivalent was identified.,,NOT_PHASE3_C12_TARGET,,,NOT_PHASE4_DE12_TARGET,,,NOT_PHASE5_GA11_TARGET,,,NOT_PHASE6_M26_TARGET,,,FROZEN_V1,moderate,Canonical identity frozen in MacronariaMatrix v1.0.0 after the multi-phase lineage and duplicate audit.
MC0696,BASIOCCIPITAL_ORIENTATION_OCCIPITAL_CONDYLE_HORIZONTAL_PLANE,"Basioccipital, orientation of occipital condyle relative to the horizontal plane (in lateral view with supraoccipital held in a vertical plane): 60° or less (0); greater than 60° (typically close to 90°) (1) (Upchurch, 1995, 1998).",Mannion et al. (2019) supplied character list,M19:C313,inherited_GR2018_block_provisional_distinct,,,"Upchurch, 1995, 1998",MC0262; MC0054; MC0049,moderate,2,2,2,M19; M26,no,2019,2026,7,frozen-v1.0,NOT_YET_AUDITED,,,FROZEN_CURRENT_ID,high,Accepted in Phase 2 after source-first review; no supported older canonical equivalent was identified.,,NOT_PHASE3_C12_TARGET,,,NOT_PHASE4_DE12_TARGET,,,NOT_PHASE5_GA11_TARGET,,,NOT_PHASE6_M26_TARGET,,,FROZEN_V1,moderate,Canonical identity frozen in MacronariaMatrix v1.0.0 after the multi-phase lineage and duplicate audit.
MC0697,BASAL_TUBERA_ANGLE_DIVERGENCE_POSTERIOR_VIEW,"Basal tubera, angle of divergence in posterior view: less than 50° (0); more than or equal to 50° (1) (Curry Rogers, 2005; Poropat et al., 2016).",Mannion et al. (2019) supplied character list,M19:C314,inherited_GR2018_block_provisional_distinct,,,"Curry Rogers, 2005; Poropat et al., 2016",MC0047; MC0049; MC0048,moderate,2,2,2,M19; M26,no,2019,2026,7,frozen-v1.0,NOT_YET_AUDITED,,,FROZEN_CURRENT_ID,high,Accepted in Phase 2 after source-first review; no supported older canonical equivalent was identified.,,NOT_PHASE3_C12_TARGET,,,NOT_PHASE4_DE12_TARGET,,,NOT_PHASE5_GA11_TARGET,,,NOT_PHASE6_M26_TARGET,,,FROZEN_V1,moderate,Canonical identity frozen in MacronariaMatrix v1.0.0 after the multi-phase lineage and duplicate audit.
MC0698,BASISPHENOID_POSITION_EXTERNAL_OPENING_FOR_CRANIAL_NERVE_VI,"Basisphenoid, relative position of the external opening for cranial nerve VI: lies ventral, and gener- ally close, to the opening for cranial nerve III (0); lies anteroventral to, and more distant from, the opening for cranial nerve III (1) (Remes, 2009; Poropat et al., 2016).",Mannion et al. (2019) supplied character list,M19:C315,inherited_GR2018_block_provisional_distinct,,,"Remes, 2009; Poropat et al., 2016",MC0350; MC0370; MC0355,moderate,2,2,2,M19; M26,no,2019,2026,7,frozen-v1.0,NOT_YET_AUDITED,,,FROZEN_CURRENT_ID,high,Accepted in Phase 2 after source-first review; no supported older canonical equivalent was identified.,,NOT_PHASE3_C12_TARGET,,,NOT_PHASE4_DE12_TARGET,,,NOT_PHASE5_GA11_TARGET,,,NOT_PHASE6_M26_TARGET,,,FROZEN_V1,moderate,Canonical identity frozen in MacronariaMatrix v1.0.0 after the multi-phase lineage and duplicate audit.
MC0699,BASISPHENOID_OPENING_FOR_CRANIAL_NERVE_VI,"Basisphenoid, opening for cranial nerve VI: penetrates the pituitary fossa (0); does not pene- trate the pituitary fossa (1) (Paulina Carabajal, 2012; Poropat et al., 2016).",Mannion et al. (2019) supplied character list,M19:C316,inherited_GR2018_block_provisional_distinct,,,"Paulina Carabajal, 2012; Poropat et al., 2016",MC0052; MC0051; MC0350,moderate,2,2,2,M19; M26,no,2019,2026,7,frozen-v1.0,NOT_YET_AUDITED,,,FROZEN_CURRENT_ID,high,Accepted in Phase 2 after source-first review; no supported older canonical equivalent was identified.,,NOT_PHASE3_C12_TARGET,,,NOT_PHASE4_DE12_TARGET,,,NOT_PHASE5_GA11_TARGET,,,NOT_PHASE6_M26_TARGET,,,FROZEN_V1,moderate,Canonical identity frozen in MacronariaMatrix v1.0.0 after the multi-phase lineage and duplicate audit.
MC0700,BASIOCCIPITAL_EXOCCIPITAL_OPISTHOTIC_NUMBER_EXITS_FOR_CRANIAL_NERVE,"Basioccipital+exoccipital-opisthotic, number of exits for cranial nerve XII: 2 (0); 1 (1) (Paulina Carabajal, 2012; Poropat et al., 2016).",Mannion et al. (2019) supplied character list,M19:C317,inherited_GR2018_block_provisional_distinct,,,"Paulina Carabajal, 2012; Poropat et al., 2016",MC0050; MC0054; MC0350,moderate,2,2,2,M19; M26,no,2019,2026,7,frozen-v1.0,NOT_YET_AUDITED,,,FROZEN_CURRENT_ID,high,Accepted in Phase 2 after source-first review; no supported older canonical equivalent was identified.,,NOT_PHASE3_C12_TARGET,,,NOT_PHASE4_DE12_TARGET,,,NOT_PHASE5_GA11_TARGET,,,NOT_PHASE6_M26_TARGET,,,FROZEN_V1,moderate,Canonical identity frozen in MacronariaMatrix v1.0.0 after the multi-phase lineage and duplicate audit.
MC0701,BASISPHENOID_POSITION_EXTERNAL_FOR_AMEN_INTERNAL_CAROTID_ARTERY,"Basisphenoid, position of the external for- amen of the internal carotid artery: lateral to basip- terygoid process (0); medial to basipterygoid process (1) (Paulina Carabajal, 2012; Poropat et al., 2016).",Mannion et al. (2019) supplied character list,M19:C318,inherited_GR2018_block_provisional_distinct,,,"Paulina Carabajal, 2012; Poropat et al., 2016",MC0051; MC0052; MC0047,moderate,2,2,2,M19; M26,no,2019,2026,7,frozen-v1.0,NOT_YET_AUDITED,,,FROZEN_CURRENT_ID,high,Accepted in Phase 2 after source-first review; no supported older canonical equivalent was identified.,,NOT_PHASE3_C12_TARGET,,,NOT_PHASE4_DE12_TARGET,,,NOT_PHASE5_GA11_TARGET,,,NOT_PHASE6_M26_TARGET,,,FROZEN_V1,moderate,Canonical identity frozen in MacronariaMatrix v1.0.0 after the multi-phase lineage and duplicate audit.
MC0702,DENTARY_ANGLE_BETWEEN_LONG_AXIS_ANTERIOR_MARGIN_LONG,"Dentary, angle between the long-axis of the anterior margin (mandibular symphysis) and the long- axis of the main body of the dentary, in lateral view: greater than 90°, with the dorsal margin of the dentary extending further anteriorly than the ventral margin (0); approximately 90°, with the dorsal and ventral margins extending an equal distance anteriorly (1) (Salgado & Calvo, 1997; Upchurch, 1998; Wilson, 2002; Poropat et al., 2016).",Mannion et al. (2019) supplied character list,M19:C319,inherited_GR2018_block_provisional_distinct,,,"Salgado & Calvo, 1997; Upchurch, 1998; Wilson, 2002; Poropat et al., 2016",MC0057; MC0055; MC0317,moderate,2,2,2,M19; M26,no,2019,2026,7,frozen-v1.0,NOT_YET_AUDITED,,,FROZEN_CURRENT_ID,high,Accepted in Phase 2 after source-first review; no supported older canonical equivalent was identified.,,NOT_PHASE3_C12_TARGET,,,NOT_PHASE4_DE12_TARGET,,,NOT_PHASE5_GA11_TARGET,,,NOT_PHASE6_M26_TARGET,,,FROZEN_V1,moderate,Canonical identity frozen in MacronariaMatrix v1.0.0 after the multi-phase lineage and duplicate audit.
MC0704,ATLANTAL_INTERCENTRUM_VENTRAL_MARGIN_POS_TERIOR,"Atlantal intercentrum, ventral margin of pos- terior surface: straight or convex (0); concave, forming ventrolateral projections (1) (González Riga & Ortíz David, 2014; Poropat et al., 2016).",Mannion et al. (2019) supplied character list,M19:C321,inherited_GR2018_block_provisional_distinct,,,"González Riga & Ortíz David, 2014; Poropat et al., 2016",MC0079; MC0404; MC0098,moderate,2,2,2,M19; M26,no,2019,2026,7,frozen-v1.0,NOT_YET_AUDITED,,,FROZEN_CURRENT_ID,high,Accepted in Phase 2 after source-first review; no supported older canonical equivalent was identified.,,NOT_PHASE3_C12_TARGET,,,NOT_PHASE4_DE12_TARGET,,,NOT_PHASE5_GA11_TARGET,,,NOT_PHASE6_M26_TARGET,,,FROZEN_V1,moderate,Canonical identity frozen in MacronariaMatrix v1.0.0 after the multi-phase lineage and duplicate audit.
MC0705,AXIS_AEI_AVERAGE_ELONGATION_INDEX,"Axis, aEI [average elongation index: an- teroposterior length of centrum (excluding articular ball if present) divided by mean average value of the mediolateral width and dorsoventral height of posterior articular surface of centrum]: 2.0 or greater (0); less than 2.0 (1) (Upchurch et al., 2007; Poropat et al., 2016).",Mannion et al. (2019) supplied character list,M19:C322,inherited_GR2018_block_provisional_distinct,,,"Upchurch et al., 2007; Poropat et al., 2016",MC0219; MC0218; MC0137,moderate,2,2,2,M19; M26,no,2019,2026,7,frozen-v1.0,NOT_YET_AUDITED,,,FROZEN_CURRENT_ID,high,Accepted in Phase 2 after source-first review; no supported older canonical equivalent was identified.,,NOT_PHASE3_C12_TARGET,,,NOT_PHASE4_DE12_TARGET,,,NOT_PHASE5_GA11_TARGET,,,NOT_PHASE6_M26_TARGET,,,FROZEN_V1,moderate,Canonical identity frozen in MacronariaMatrix v1.0.0 after the multi-phase lineage and duplicate audit.
MC0706,POSTAXIAL_CERVICAL_CENTRA_PNEUMATIZATION_LATERAL,"Postaxial cervical centra, pneumatization of lateral surface: lateral pneumatic opening occu- pies approximately anterior two-thirds of centrum or more (0); reduced and restricted to less than the an- terior two-thirds of the centrum (1) (Whitlock, 2011a; Poropat et al., 2016).",Mannion et al. (2019) supplied character list,M19:C323,inherited_GR2018_block_provisional_distinct,,,"Whitlock, 2011a; Poropat et al., 2016",MC0084; MC0087; MC0437,moderate,2,2,2,M19; M26,no,2019,2026,7,frozen-v1.0,NOT_YET_AUDITED,,,FROZEN_CURRENT_ID,high,Accepted in Phase 2 after source-first review; no supported older canonical equivalent was identified.,,NOT_PHASE3_C12_TARGET,,,NOT_PHASE4_DE12_TARGET,,,NOT_PHASE5_GA11_TARGET,,,NOT_PHASE6_M26_TARGET,,,FROZEN_V1,moderate,Canonical identity frozen in MacronariaMatrix v1.0.0 after the multi-phase lineage and duplicate audit.
MC0707,POSTAXIAL_CERVICAL_CENTRA_MIDLINE_NOTCH_DORSAL_MARGIN_POSTERIOR,"Postaxial cervical centra, midline notch on the dorsal margin of the posterior articular surface: absent (0); present (1) (Carballido et al., 2012).",Mannion et al. (2019) supplied character list,M19:C324,inherited_GR2018_block_provisional_distinct,,,"Carballido et al., 2012",MC0086; MC0267; MC0082,moderate,2,2,2,M19; M26,no,2019,2026,7,frozen-v1.0,NOT_YET_AUDITED,,,FROZEN_CURRENT_ID,high,Accepted in Phase 2 after source-first review; no supported older canonical equivalent was identified.,,NOT_PHASE3_C12_TARGET,,,NOT_PHASE4_DE12_TARGET,,,NOT_PHASE5_GA11_TARGET,,,NOT_PHASE6_M26_TARGET,,,FROZEN_V1,moderate,Canonical identity frozen in MacronariaMatrix v1.0.0 after the multi-phase lineage and duplicate audit.
MC0708,POSTAXIAL_ANTERIOR_CERVICAL_PREZYGA_POPHYSES,"Postaxial anterior cervical vertebrae, prezyga- pophyses: extend anterior to the anterior tip of the condyle (0); terminate level with or posterior to the an- terior tip of the condyle (1) (Curry Rogers, 2005, 2009; Poropat et al., 2016).",Mannion et al. (2019) supplied character list,M19:C325,inherited_GR2018_block_provisional_distinct,,,"Curry Rogers, 2005, 2009; Poropat et al., 2016",MC0248; MC0266; MC0282,moderate,2,2,2,M19; M26,no,2019,2026,7,frozen-v1.0,NOT_YET_AUDITED,,,FROZEN_CURRENT_ID,high,Accepted in Phase 2 after source-first review; no supported older canonical equivalent was identified.,,NOT_PHASE3_C12_TARGET,,,NOT_PHASE4_DE12_TARGET,,,NOT_PHASE5_GA11_TARGET,,,NOT_PHASE6_M26_TARGET,,,FROZEN_V1,moderate,Canonical identity frozen in MacronariaMatrix v1.0.0 after the multi-phase lineage and duplicate audit.
MC0709,POSTAXIAL_ANTERIOR_CERVICAL_NEURAL_SPINES_ORIENTATION_POSTERIOR_MARGIN,"Postaxial anterior cervical neural spines, orientation of posterior margin in lateral view: dorsal (vertical) or anterodorsal (0); posterodorsal (1) (Curry Rogers, 2005).",Mannion et al. (2019) supplied character list,M19:C326,inherited_GR2018_block_provisional_distinct,,,"Curry Rogers, 2005",MC0133; MC0085; MC0089,moderate,2,2,2,M19; M26,no,2019,2026,7,frozen-v1.0,NOT_YET_AUDITED,,,FROZEN_CURRENT_ID,high,Accepted in Phase 2 after source-first review; no supported older canonical equivalent was identified.,,NOT_PHASE3_C12_TARGET,,,NOT_PHASE4_DE12_TARGET,,,NOT_PHASE5_GA11_TARGET,,,NOT_PHASE6_M26_TARGET,,,FROZEN_V1,moderate,Canonical identity frozen in MacronariaMatrix v1.0.0 after the multi-phase lineage and duplicate audit.
MC0710,MIDDLE_CERVICAL_NEURAL_SPINES_HEIGHT_ARCH_HEIGHT,"Middle cervical neural spines, height to arch height ratio: 2.0 or lower (0); greater than 2.0 (1) (Rauhut et al., 2005; Whitlock, 2011a).",Mannion et al. (2019) supplied character list,M19:C327,inherited_GR2018_block_provisional_distinct,,,"Rauhut et al., 2005; Whitlock, 2011a",MC0426; MC0087; MC0137,moderate,2,2,2,M19; M26,no,2019,2026,7,frozen-v1.0,NOT_YET_AUDITED,,,FROZEN_CURRENT_ID,high,Accepted in Phase 2 after source-first review; no supported older canonical equivalent was identified.,,NOT_PHASE3_C12_TARGET,,,NOT_PHASE4_DE12_TARGET,,,NOT_PHASE5_GA11_TARGET,,,NOT_PHASE6_M26_TARGET,,,FROZEN_V1,moderate,Canonical identity frozen in MacronariaMatrix v1.0.0 after the multi-phase lineage and duplicate audit.
MC0711,POSTERIOR_CER_VICAL_NEURAL_ARCHES_POSTZYGAPOPHYSES,"Posterior (usually just the posterior-most) cer- vical neural arches, postzygapophyses: terminate at or beyond the posterior edge of the centrum (0); ter- minate in front of the posterior edge of the centrum (1) (Tschopp & Mateus, 2013; Poropat et al., 2016).",Mannion et al. (2019) supplied character list,M19:C328,inherited_GR2018_block_provisional_distinct,,,"Tschopp & Mateus, 2013; Poropat et al., 2016",MC0087; MC0072; MC0437,moderate,2,2,2,M19; M26,no,2019,2026,7,frozen-v1.0,NOT_YET_AUDITED,,,FROZEN_CURRENT_ID,high,Accepted in Phase 2 after source-first review; no supported older canonical equivalent was identified.,,NOT_PHASE3_C12_TARGET,,,NOT_PHASE4_DE12_TARGET,,,NOT_PHASE5_GA11_TARGET,,,NOT_PHASE6_M26_TARGET,,,FROZEN_V1,moderate,Canonical identity frozen in MacronariaMatrix v1.0.0 after the multi-phase lineage and duplicate audit.
MC0712,POSTERIOR_CERVICAL_NEURAL_SPINES_HORIZONTAL_RUGOSE_RIDGE_IMMEDIATELY,"Posterior cervical neural spines, horizontal, rugose ridge immediately below spine summit on lat- eral surface: absent, spinodiapophyseal fossa fades out gradually dorsally (0); present, serves as distinct dorsal edge of the spinodiapophyseal fossa (1) (Tschopp & Mateus, 2013).",Mannion et al. (2019) supplied character list,M19:C329,inherited_GR2018_block_provisional_distinct,,,"Tschopp & Mateus, 2013",MC0427; MC0089; MC0267,moderate,2,2,2,M19; M26,no,2019,2026,7,frozen-v1.0,NOT_YET_AUDITED,,,FROZEN_CURRENT_ID,high,Accepted in Phase 2 after source-first review; no supported older canonical equivalent was identified.,,NOT_PHASE3_C12_TARGET,,,NOT_PHASE4_DE12_TARGET,,,NOT_PHASE5_GA11_TARGET,,,NOT_PHASE6_M26_TARGET,,,FROZEN_V1,moderate,Canonical identity frozen in MacronariaMatrix v1.0.0 after the multi-phase lineage and duplicate audit.
MC0714,CERVICAL_RIBS_DORSAL_PROXIMAL_POR_TION_SHAFT,"Cervical ribs, dorsal surface of proximal por- tion of shaft: excavated, forming a longitudinal groove (0); unexcavated (1) (Poropat et al., 2015a, 2016).",Mannion et al. (2019) supplied character list,M19:C331,inherited_GR2018_block_provisional_distinct,,,"Poropat et al., 2015a, 2016",MC0262; MC0343; MC0249,moderate,2,2,2,M19; M26,no,2019,2026,7,frozen-v1.0,NOT_YET_AUDITED,,,FROZEN_CURRENT_ID,high,Accepted in Phase 2 after source-first review; no supported older canonical equivalent was identified.,,NOT_PHASE3_C12_TARGET,,,NOT_PHASE4_DE12_TARGET,,,NOT_PHASE5_GA11_TARGET,,,NOT_PHASE6_M26_TARGET,,,FROZEN_V1,moderate,Canonical identity frozen in MacronariaMatrix v1.0.0 after the multi-phase lineage and duplicate audit.
MC0715,ANTERIOR_DORSAL_CENTRA_VENTRAL_KEEL_MID_LINE,"Anterior dorsal centra, ventral keel on mid- line: absent (0); present (1) (Mannion et al., 2012; Poropat et al., 2016).",Mannion et al. (2019) supplied character list,M19:C332,inherited_GR2018_block_provisional_distinct,,,"Mannion et al., 2012; Poropat et al., 2016",MC0250; MC0434; MC0132,moderate,2,2,2,M19; M26,no,2019,2026,7,frozen-v1.0,NOT_YET_AUDITED,,,FROZEN_CURRENT_ID,high,Accepted in Phase 2 after source-first review; no supported older canonical equivalent was identified.,,NOT_PHASE3_C12_TARGET,,,NOT_PHASE4_DE12_TARGET,,,NOT_PHASE5_GA11_TARGET,,,NOT_PHASE6_M26_TARGET,,,FROZEN_V1,moderate,Canonical identity frozen in MacronariaMatrix v1.0.0 after the multi-phase lineage and duplicate audit.
MC0716,MIDDLE_POSTERIOR_DORSAL_CENTRA_VENTRAL_SUR_FACE,"Middle–posterior dorsal centra, ventral sur- face: flat or transversely convex (0); transversely con- cave, between ventrolateral ridges (1) (Upchurch et al., 2004; Curry Rogers, 2005; Poropat et al., 2016).",Mannion et al. (2019) supplied character list,M19:C333,inherited_GR2018_block_provisional_distinct,,,"Upchurch et al., 2004; Curry Rogers, 2005; Poropat et al., 2016",MC0016; MC0338; MC0231,moderate,2,2,2,M19; M26,no,2019,2026,7,frozen-v1.0,NOT_YET_AUDITED,,,FROZEN_CURRENT_ID,high,Accepted in Phase 2 after source-first review; no supported older canonical equivalent was identified.,,NOT_PHASE3_C12_TARGET,,,NOT_PHASE4_DE12_TARGET,,,NOT_PHASE5_GA11_TARGET,,,NOT_PHASE6_M26_TARGET,,,FROZEN_V1,moderate,Canonical identity frozen in MacronariaMatrix v1.0.0 after the multi-phase lineage and duplicate audit.
MC0717,MIDDLE_POSTERIOR_DORSAL_CENTRA_LATERAL_PNEU_MATIC_FORAMINA,"Middle–posterior dorsal centra, lateral pneu- matic foramina divided by internal ridge/s: absent (0); present (1) (Salgado et al., 1997; Mannion et al., 2012).",Mannion et al. (2019) supplied character list,M19:C334,inherited_GR2018_block_provisional_distinct,,,"Salgado et al., 1997; Mannion et al., 2012",MC0434; MC0098; MC0100,moderate,2,2,2,M19; M26,no,2019,2026,7,frozen-v1.0,NOT_YET_AUDITED,,,FROZEN_CURRENT_ID,high,Accepted in Phase 2 after source-first review; no supported older canonical equivalent was identified.,,NOT_PHASE3_C12_TARGET,,,NOT_PHASE4_DE12_TARGET,,,NOT_PHASE5_GA11_TARGET,,,NOT_PHASE6_M26_TARGET,,,FROZEN_V1,moderate,Canonical identity frozen in MacronariaMatrix v1.0.0 after the multi-phase lineage and duplicate audit.
MC0718,ANTERIOR_DORSAL_NEURAL_ARCHES_TERIOR_NEURAL_CANAL_OPENING,"Anterior dorsal neural arches, shape of an- terior neural canal opening: height greater than or equal to width (0); height is less than width (1) (Curry Rogers, 2005; Poropat et al., 2016).",Mannion et al. (2019) supplied character list,M19:C335,inherited_GR2018_block_provisional_distinct,,,"Curry Rogers, 2005; Poropat et al., 2016",MC0426; MC0084; MC0271,moderate,2,2,2,M19; M26,no,2019,2026,7,frozen-v1.0,NOT_YET_AUDITED,,,FROZEN_CURRENT_ID,high,Accepted in Phase 2 after source-first review; no supported older canonical equivalent was identified.,,NOT_PHASE3_C12_TARGET,,,NOT_PHASE4_DE12_TARGET,,,NOT_PHASE5_GA11_TARGET,,,NOT_PHASE6_M26_TARGET,,,FROZEN_V1,moderate,Canonical identity frozen in MacronariaMatrix v1.0.0 after the multi-phase lineage and duplicate audit.
MC0719,ANTERIOR_MIDDLE_DORSAL_NEURAL_ARCHES_VER_TICAL_MIDLINE,"Anterior–middle dorsal neural arches, ver- tical midline ridge (‘median infrapostzygapophyseal lamina’) extending from roof of neural canal to ventral midpoint of postzygapophyses/intrapostzygapophyseal lamina (TPOL): absent (0); present (1) (González Riga, 2003; Curry Rogers, 2005, 2009; Gallina, 2011; Gallina & Apesteguía, 2011).",Mannion et al. (2019) supplied character list,M19:C336,inherited_GR2018_block_provisional_distinct,,,"González Riga, 2003; Curry Rogers, 2005, 2009; Gallina, 2011; Gallina & Apesteguía, 2011",MC0432; MC0100; MC0101,moderate,2,2,2,M19; M26,no,2019,2026,7,frozen-v1.0,NOT_YET_AUDITED,,,FROZEN_CURRENT_ID,high,Accepted in Phase 2 after source-first review; no supported older canonical equivalent was identified.,,NOT_PHASE3_C12_TARGET,,,NOT_PHASE4_DE12_TARGET,,,NOT_PHASE5_GA11_TARGET,,,NOT_PHASE6_M26_TARGET,,,FROZEN_V1,moderate,Canonical identity frozen in MacronariaMatrix v1.0.0 after the multi-phase lineage and duplicate audit.
MC0720,ANTERIOR_MIDDLE_DORSAL_NEURAL_ARCHES_ZYGA_POPHYSEAL_ARTICULATION,"Anterior–middle dorsal neural arches, zyga- pophyseal articulation angle: between horizontal and less than 40° to the horizontal (0); strongly dorsomedi- ally oriented (40° or more) (1) (Carballido et al., 2012; Poropat et al., 2016).",Mannion et al. (2019) supplied character list,M19:C337,inherited_GR2018_block_provisional_distinct,,,"Carballido et al., 2012; Poropat et al., 2016",MC0347; MC0099; MC0097,moderate,2,2,2,M19; M26,no,2019,2026,7,frozen-v1.0,NOT_YET_AUDITED,,,FROZEN_CURRENT_ID,high,Accepted in Phase 2 after source-first review; no supported older canonical equivalent was identified.,,NOT_PHASE3_C12_TARGET,,,NOT_PHASE4_DE12_TARGET,,,NOT_PHASE5_GA11_TARGET,,,NOT_PHASE6_M26_TARGET,,,FROZEN_V1,moderate,Canonical identity frozen in MacronariaMatrix v1.0.0 after the multi-phase lineage and duplicate audit.
MC0721,MIDDLE_POSTERIOR_DORSAL_NEURAL_ARCHES_NEURAL_CANAL_ANTERIOR,"Middle–posterior dorsal neural arches, neural canal in anterior view: entirely surrounded by the neural arch (0); enclosed in a deep fossa in the dorsal surface of the centrum (i.e. much of the canal is enclosed laterally by pedicels that are part of the centrum rather than the neural arch) (1) (Carballido et al., 2012; Poropat et al., 2016).",Mannion et al. (2019) supplied character list,M19:C338,inherited_GR2018_block_provisional_distinct,,,"Carballido et al., 2012; Poropat et al., 2016",MC0282; MC0437; MC0087,moderate,2,2,2,M19; M26,no,2019,2026,7,frozen-v1.0,NOT_YET_AUDITED,,,FROZEN_CURRENT_ID,high,Accepted in Phase 2 after source-first review; no supported older canonical equivalent was identified.,,NOT_PHASE3_C12_TARGET,,,NOT_PHASE4_DE12_TARGET,,,NOT_PHASE5_GA11_TARGET,,,NOT_PHASE6_M26_TARGET,,,FROZEN_V1,moderate,Canonical identity frozen in MacronariaMatrix v1.0.0 after the multi-phase lineage and duplicate audit.
MC0722,MIDDLE_POSTERIOR_DORSAL_NEURAL_ARCHES_POS_ITION_PARAPOPHYSIS,"Middle–posterior dorsal neural arches, pos- ition of parapophysis: posterior to the vertical plane defined by the anterior margin of the centrum (exclud- ing any convex articular condyle) (0); level with, or an- terior to, the vertical plane defined by the margin of the centrum (excluding any convex articular condyle) (1) (Tschopp & Mateus, 2013).",Mannion et al. (2019) supplied character list,M19:C339,inherited_GR2018_block_provisional_distinct,,,"Tschopp & Mateus, 2013",MC0098; MC0104; MC0437,moderate,2,2,2,M19; M26,no,2019,2026,7,frozen-v1.0,NOT_YET_AUDITED,,,FROZEN_CURRENT_ID,high,Accepted in Phase 2 after source-first review; no supported older canonical equivalent was identified.,,NOT_PHASE3_C12_TARGET,,,NOT_PHASE4_DE12_TARGET,,,NOT_PHASE5_GA11_TARGET,,,NOT_PHASE6_M26_TARGET,,,FROZEN_V1,moderate,Canonical identity frozen in MacronariaMatrix v1.0.0 after the multi-phase lineage and duplicate audit.
MC0723,MIDDLE_POSTERIOR_DORSAL_NEURAL_ARCHES_TERIOR_CENTRADIAPOPHYSEAL_LAMINA,"Middle–posterior dorsal neural arches, an- terior centradiapophyseal lamina (ACDL): absent (0); present (1) (Mannion et al., 2012; Poropat et al., 2016).",Mannion et al. (2019) supplied character list,M19:C340,inherited_GR2018_block_provisional_distinct,,,"Mannion et al., 2012; Poropat et al., 2016",MC0098; MC0099; MC0097,moderate,2,2,2,M19; M26,no,2019,2026,7,frozen-v1.0,NOT_YET_AUDITED,,,FROZEN_CURRENT_ID,high,Accepted in Phase 2 after source-first review; no supported older canonical equivalent was identified.,,NOT_PHASE3_C12_TARGET,,,NOT_PHASE4_DE12_TARGET,,,NOT_PHASE5_GA11_TARGET,,,NOT_PHASE6_M26_TARGET,,,FROZEN_V1,moderate,Canonical identity frozen in MacronariaMatrix v1.0.0 after the multi-phase lineage and duplicate audit.
MC0724,POSTERIOR_DORSAL_NEURAL_ARCHES_ZYGAPOPHYSEAL_ARTICULATION_ANGLE_HORIZONT,"Posterior dorsal neural arches, zygapophyseal articulation angle relative to horizontal line: less than 30°, usually close to horizontal (0); steeply oriented, 30° or greater (1) (Carballido et al., 2012; Poropat et al., 2016).",Mannion et al. (2019) supplied character list,M19:C341,inherited_GR2018_block_provisional_distinct,,,"Carballido et al., 2012; Poropat et al., 2016",MC0394; MC0100; MC0106,moderate,2,2,2,M19; M26,no,2019,2026,7,frozen-v1.0,NOT_YET_AUDITED,,,FROZEN_CURRENT_ID,high,Accepted in Phase 2 after source-first review; no supported older canonical equivalent was identified.,,NOT_PHASE3_C12_TARGET,,,NOT_PHASE4_DE12_TARGET,,,NOT_PHASE5_GA11_TARGET,,,NOT_PHASE6_M26_TARGET,,,FROZEN_V1,moderate,Canonical identity frozen in MacronariaMatrix v1.0.0 after the multi-phase lineage and duplicate audit.
MC0725,MIDDLE_POSTERIOR_DORSAL_NEURAL_SPINES_SPRLS,"Middle–posterior dorsal neural spines (single, not bifid), SPRLs: remain separate or converge at about spine midheight (or above) to form a dorsally restricted median composite lamina (SPRF well-devel- oped and occupies the ventral half of the anterior spine surface) (0); SPRLs, if present, are short and merge into the PRSL close to the base of the spine (the PRSL may extend between the bases of the SPRLs to the top of the TPRL) (1) (Upchurch, 1995; Whitlock, 2011a; Carballido et al., 2012; Poropat et al., 2016).",Mannion et al. (2019) supplied character list,M19:C342,inherited_GR2018_block_provisional_distinct,,,"Upchurch, 1995; Whitlock, 2011a; Carballido et al., 2012; Poropat et al., 2016",MC0089; MC0271; MC0104,moderate,2,2,2,M19; M26,no,2019,2026,7,frozen-v1.0,NOT_YET_AUDITED,,,FROZEN_CURRENT_ID,high,Accepted in Phase 2 after source-first review; no supported older canonical equivalent was identified.,,NOT_PHASE3_C12_TARGET,,,NOT_PHASE4_DE12_TARGET,,,NOT_PHASE5_GA11_TARGET,,,NOT_PHASE6_M26_TARGET,,,FROZEN_V1,moderate,Canonical identity frozen in MacronariaMatrix v1.0.0 after the multi-phase lineage and duplicate audit.
MC0726,MIDDLE_POSTERIOR_DORSAL_NEURAL_SPINES_POST_SPINAL_LAMINA,"Middle–posterior dorsal neural spines, post- spinal lamina: does not extend ventral to the neural spine (0); extends ventral to the neural spine, beyond the postzygapophyseal articular surfaces (1) (Poropat et al., 2016; note that only taxa scored as ‘0’ for C169 are scored for this character).",Mannion et al. (2019) supplied character list,M19:C343,inherited_GR2018_block_provisional_distinct,,,"Poropat et al., 2016; note that only taxa scored as ‘0’ for C169 are scored for this character",MC0275; MC0104; MC0100,moderate,2,2,2,M19; M26,no,2019,2026,7,frozen-v1.0,NOT_YET_AUDITED,,,FROZEN_CURRENT_ID,high,Accepted in Phase 2 after source-first review; no supported older canonical equivalent was identified.,,NOT_PHASE3_C12_TARGET,,,NOT_PHASE4_DE12_TARGET,,,NOT_PHASE5_GA11_TARGET,,,NOT_PHASE6_M26_TARGET,,,FROZEN_V1,moderate,Canonical identity frozen in MacronariaMatrix v1.0.0 after the multi-phase lineage and duplicate audit.
MC0728,MIDDLE_POSTERIOR_DORSAL_NEURAL_SPINES_SPDL_BIFURCATES_AT,"Middle–posterior dorsal neural spines, SPDL bifurcates at its dorsal end to create a SPDL-F: ab- sent (0); present (1) (Poropat et al., 2016; note that this refers to a bifurcation of the posterior SPDL when there are two SPDLs, rather than just the presence of an aSPDL and pSPDL).",Mannion et al. (2019) supplied character list,M19:C345,inherited_GR2018_block_provisional_distinct,,,"Poropat et al., 2016; note that this refers to a bifurcation of the posterior SPDL when there are two SPDLs, rather than just the presence of an aSPDL and pSPDL",MC0099; MC0101; MC0433,moderate,2,2,2,M19; M26,no,2019,2026,7,frozen-v1.0,NOT_YET_AUDITED,,,FROZEN_CURRENT_ID,high,Accepted in Phase 2 after source-first review; no supported older canonical equivalent was identified.,,NOT_PHASE3_C12_TARGET,,,NOT_PHASE4_DE12_TARGET,,,NOT_PHASE5_GA11_TARGET,,,NOT_PHASE6_M26_TARGET,,,FROZEN_V1,moderate,Canonical identity frozen in MacronariaMatrix v1.0.0 after the multi-phase lineage and duplicate audit.
MC0730,SACRAL_CENTRA_MEDIOLATERAL_WIDTH_MIDDLE_SACRAL_CENTRA_FIRST,"Sacral centra, ratio of mediolateral width of middle sacral centra to first and last sacral centra: approximately constant, ratio less than 1.3 (0); 1.3 or greater (1) (Salgado et al., 2005; D’Emic & Wilson, 2011; Poropat et al., 2016).",Mannion et al. (2019) supplied character list,M19:C347,inherited_GR2018_block_provisional_distinct,,,"Salgado et al., 2005; D’Emic & Wilson, 2011; Poropat et al., 2016",MC0361; MC0108; MC0111,moderate,2,2,2,M19; M26,no,2019,2026,7,frozen-v1.0,NOT_YET_AUDITED,,,FROZEN_CURRENT_ID,high,Accepted in Phase 2 after source-first review; no supported older canonical equivalent was identified.,,NOT_PHASE3_C12_TARGET,,,NOT_PHASE4_DE12_TARGET,,,NOT_PHASE5_GA11_TARGET,,,NOT_PHASE6_M26_TARGET,,,FROZEN_V1,moderate,Canonical identity frozen in MacronariaMatrix v1.0.0 after the multi-phase lineage and duplicate audit.
MC0731,SACRAL_NEURAL_SPINES_ALL_FUSED_FORMING_DORSAL_PLATFORM,"Sacral neural spines, all fused, forming a dorsal ‘platform’: absent (0); present (1) (Martínez et al., 2004; Poropat et al., 2016; revised here so that only taxa with the derived state for C174 are scored).",Mannion et al. (2019) supplied character list,M19:C348,inherited_GR2018_block_provisional_distinct,,,"Martínez et al., 2004; Poropat et al., 2016; revised here so that only taxa with the derived state for C174 are scored",MC0111; MC0275; MC0271,moderate,2,2,2,M19; M26,no,2019,2026,7,frozen-v1.0,NOT_YET_AUDITED,,,FROZEN_CURRENT_ID,high,Accepted in Phase 2 after source-first review; no supported older canonical equivalent was identified.,,NOT_PHASE3_C12_TARGET,,,NOT_PHASE4_DE12_TARGET,,,NOT_PHASE5_GA11_TARGET,,,NOT_PHASE6_M26_TARGET,,,FROZEN_V1,moderate,Canonical identity frozen in MacronariaMatrix v1.0.0 after the multi-phase lineage and duplicate audit.
MC0732,FIRST_CAUDAL_CENTRUM_ANTERIOR_ARTICULAR_FACE,"First caudal centrum, anterior articular face shape: flat or concave (0); convex (1) (Wilson, 2002; Whitlock, 2011a; Poropat et al., 2016).",Mannion et al. (2019) supplied character list,M19:C349,inherited_GR2018_block_provisional_distinct,MC0116,split_from,"Wilson, 2002; Whitlock, 2011a; Poropat et al., 2016",MC0116; MC0134; MC0136,moderate,2,2,2,M19; M26,no,2019,2026,7,frozen-v1.0,NOT_YET_AUDITED,,,FROZEN_SPLIT_DESCENDANT,high,The broad first-caudal articular-face character is decomposed to score anterior-face convexity specifically.,MC0116,NOT_PHASE3_C12_TARGET,,,NOT_PHASE4_DE12_TARGET,,,NOT_PHASE5_GA11_TARGET,,,NOT_PHASE6_M26_TARGET,,,FROZEN_V1,moderate,Canonical identity frozen in MacronariaMatrix v1.0.0 after the multi-phase lineage and duplicate audit.
MC0733,ANTERIOR_MIDDLE_CAUDAL_CENTRA_COMPARISON_ANTERIOR_POSTERIOR_ARTICULAR,"Anterior–middle caudal centra (excluding Cd1), comparison of anterior and posterior articular faces of amphicoelous centra: anterior face more con- cave than posterior one, or these two faces are equally concave (0); posterior face more deeply concave than anterior face (1) (González Riga et al., 2009; Carballido et al., 2012; D’Emic et al., 2013; Poropat et al., 2016; revised here to only score for taxa with at least some amphicoelous caudal centra in the anterior–middle caudal sequence).",Mannion et al. (2019) supplied character list,M19:C350,inherited_GR2018_block_provisional_distinct,,,"González Riga et al., 2009; Carballido et al., 2012; D’Emic et al., 2013; Poropat et al., 2016; revised here to only score for taxa with at least some amphicoelous caudal centra in the anterior–middle caudal sequence",MC0134; MC0118; MC0094,moderate,2,2,2,M19; M26,no,2019,2026,7,frozen-v1.0,NOT_YET_AUDITED,,,FROZEN_CURRENT_ID,high,Accepted in Phase 2 after source-first review; no supported older canonical equivalent was identified.,,NOT_PHASE3_C12_TARGET,,,NOT_PHASE4_DE12_TARGET,,,NOT_PHASE5_GA11_TARGET,,,NOT_PHASE6_M26_TARGET,,,FROZEN_V1,moderate,Canonical identity frozen in MacronariaMatrix v1.0.0 after the multi-phase lineage and duplicate audit.
MC0734,MIDDLE_CAUDAL_CENTRA_CONVEX_POSTERIOR_ARTICULAR_CONDYLE_DORSALLY,"Middle caudal centra with convex posterior articular surface, condyle dorsally displaced: absent (0); present (1) (González Riga, 2003; Poropat et al., 2016).",Mannion et al. (2019) supplied character list,M19:C351,inherited_GR2018_block_provisional_distinct,,,"González Riga, 2003; Poropat et al., 2016",MC0132; MC0237; MC0434,moderate,2,2,2,M19; M26,no,2019,2026,7,frozen-v1.0,NOT_YET_AUDITED,,,FROZEN_CURRENT_ID,high,Accepted in Phase 2 after source-first review; no supported older canonical equivalent was identified.,,NOT_PHASE3_C12_TARGET,,,NOT_PHASE4_DE12_TARGET,,,NOT_PHASE5_GA11_TARGET,,,NOT_PHASE6_M26_TARGET,,,FROZEN_V1,moderate,Canonical identity frozen in MacronariaMatrix v1.0.0 after the multi-phase lineage and duplicate audit.
MC0735,ANTERIORMOST_CAUDAL_NEURAL_ARCHES_PREZYGAP_OPHYSES_CURVE_DOWNWARDS,"Anteriormost caudal neural arches, prezygap- ophyses curve downwards (‘droop’) at their distal ends: absent (0); present (1) (Santucci & Arruda-Campos, 2011).",Mannion et al. (2019) supplied character list,M19:C352,inherited_GR2018_block_provisional_distinct,,,"Santucci & Arruda-Campos, 2011",MC0125; MC0123; MC0124,moderate,2,2,2,M19; M26,no,2019,2026,7,frozen-v1.0,NOT_YET_AUDITED,,,FROZEN_CURRENT_ID,high,Accepted in Phase 2 after source-first review; no supported older canonical equivalent was identified.,,NOT_PHASE3_C12_TARGET,,,NOT_PHASE4_DE12_TARGET,,,NOT_PHASE5_GA11_TARGET,,,NOT_PHASE6_M26_TARGET,,,FROZEN_V1,moderate,Canonical identity frozen in MacronariaMatrix v1.0.0 after the multi-phase lineage and duplicate audit.
MC0736,ANTERIOR_CAUDAL_NEURAL_SPINES_ANTERIOR_EX_PANSION_LOWER,"Anterior caudal neural spines, anterior ex- pansion of lower portion of spinoprezygapophyseal lamina (SPRL): absent (0); present (‘SPRL-process’) (1) (D’Emic, 2012; Mannion et al., 2012; note that this is best observed in lateral view).",Mannion et al. (2019) supplied character list,M19:C353,inherited_GR2018_block_provisional_distinct,,,"D’Emic, 2012; Mannion et al., 2012; note that this is best observed in lateral view",MC0121; MC0122; MC0436,moderate,2,2,2,M19; M26,no,2019,2026,7,frozen-v1.0,NOT_YET_AUDITED,,,FROZEN_CURRENT_ID,high,Accepted in Phase 2 after source-first review; no supported older canonical equivalent was identified.,,NOT_PHASE3_C12_TARGET,,,NOT_PHASE4_DE12_TARGET,,,NOT_PHASE5_GA11_TARGET,,,NOT_PHASE6_M26_TARGET,,,FROZEN_V1,moderate,Canonical identity frozen in MacronariaMatrix v1.0.0 after the multi-phase lineage and duplicate audit.
MC0737,FIRST_CAUDAL_RIB_SUBTRIANGULAR_PRO_JECTS_POSTERIORLY_AT,"First caudal rib, subtriangular process pro- jects posteriorly at approximately midlength: absent (0); present (1) (Mannion & Calvo, 2011; Poropat et al., 2016).",Mannion et al. (2019) supplied character list,M19:C354,inherited_GR2018_block_provisional_distinct,,,"Mannion & Calvo, 2011; Poropat et al., 2016",MC0120; MC0093; MC0044,moderate,2,2,2,M19; M26,no,2019,2026,7,frozen-v1.0,NOT_YET_AUDITED,,,FROZEN_CURRENT_ID,high,Accepted in Phase 2 after source-first review; no supported older canonical equivalent was identified.,,NOT_PHASE3_C12_TARGET,,,NOT_PHASE4_DE12_TARGET,,,NOT_PHASE5_GA11_TARGET,,,NOT_PHASE6_M26_TARGET,,,FROZEN_V1,moderate,Canonical identity frozen in MacronariaMatrix v1.0.0 after the multi-phase lineage and duplicate audit.
MC0738,ANTERIORMOST_CAUDAL_RIBS_TUBERCLE_DORSAL_AT_APPROXIMATELY_MIDLENGTH,"Anteriormost caudal ribs, tubercle on dorsal surface at approximately midlength: absent (0); pre- sent (1) (Kellner et al., 2005; D’Emic et al., 2013; Poropat et al., 2016).",Mannion et al. (2019) supplied character list,M19:C355,inherited_GR2018_block_provisional_distinct,,,"Kellner et al., 2005; D’Emic et al., 2013; Poropat et al., 2016",MC0462; MC0093; MC0090,moderate,2,2,2,M19; M26,no,2019,2026,7,frozen-v1.0,NOT_YET_AUDITED,,,FROZEN_CURRENT_ID,high,Accepted in Phase 2 after source-first review; no supported older canonical equivalent was identified.,,NOT_PHASE3_C12_TARGET,,,NOT_PHASE4_DE12_TARGET,,,NOT_PHASE5_GA11_TARGET,,,NOT_PHASE6_M26_TARGET,,,FROZEN_V1,moderate,Canonical identity frozen in MacronariaMatrix v1.0.0 after the multi-phase lineage and duplicate audit.
MC0740,ANTERIOR_MIDDLE_CHEVRONS_POSTEROVENTRALLY_DIRECTED_RIDGE_BULGE_LATERAL,"Anterior–middle chevrons, posteroventrally directed ridge or bulge on lateral surface of distal half of proximal ramus: absent (0); present (1) (Santucci & Arruda-Campos, 2011; Poropat et al., 2016).",Mannion et al. (2019) supplied character list,M19:C357,inherited_GR2018_block_provisional_distinct,,,"Santucci & Arruda-Campos, 2011; Poropat et al., 2016",MC0440; MC0284; MC0143,moderate,2,2,2,M19; M26,no,2019,2026,7,frozen-v1.0,NOT_YET_AUDITED,,,FROZEN_CURRENT_ID,high,Accepted in Phase 2 after source-first review; no supported older canonical equivalent was identified.,,NOT_PHASE3_C12_TARGET,,,NOT_PHASE4_DE12_TARGET,,,NOT_PHASE5_GA11_TARGET,,,NOT_PHASE6_M26_TARGET,,,FROZEN_V1,moderate,Canonical identity frozen in MacronariaMatrix v1.0.0 after the multi-phase lineage and duplicate audit.
MC0741,SCAPULA_VENTROLATERAL_MARGIN_ACROMION_ANTEROPOSTERIORLY_CONCAVE_REGION_P,"Scapula, ventrolateral margin of acromion, anteroposteriorly concave region posterior to glenoid, followed by a flattened area: absent (0); present (1) (Poropat et al., 2015a, 2016).",Mannion et al. (2019) supplied character list,M19:C358,inherited_GR2018_block_provisional_distinct,,,"Poropat et al., 2015a, 2016",MC0378; MC0373; MC0442,moderate,2,2,2,M19; M26,no,2019,2026,7,frozen-v1.0,NOT_YET_AUDITED,,,FROZEN_CURRENT_ID,high,Accepted in Phase 2 after source-first review; no supported older canonical equivalent was identified.,,NOT_PHASE3_C12_TARGET,,,NOT_PHASE4_DE12_TARGET,,,NOT_PHASE5_GA11_TARGET,,,NOT_PHASE6_M26_TARGET,,,FROZEN_V1,moderate,Canonical identity frozen in MacronariaMatrix v1.0.0 after the multi-phase lineage and duplicate audit.
MC0744,CORACOID_GLENOID,"Coracoid, glenoid: does not expand strongly laterally relative to the lateral surface of the coracoid (0); expands prominently laterally and curves dorso- laterally so that part of the glenoid articular surface can be seen in lateral view (1) (Poropat et al., 2016).",Mannion et al. (2019) supplied character list,M19:C361,inherited_GR2018_block_provisional_distinct,,,"Poropat et al., 2016",MC0153; MC0157; MC0293,moderate,2,2,2,M19; M26,no,2019,2026,7,frozen-v1.0,NOT_YET_AUDITED,,,FROZEN_CURRENT_ID,high,Accepted in Phase 2 after source-first review; no supported older canonical equivalent was identified.,,NOT_PHASE3_C12_TARGET,,,NOT_PHASE4_DE12_TARGET,,,NOT_PHASE5_GA11_TARGET,,,NOT_PHASE6_M26_TARGET,,,FROZEN_V1,moderate,Canonical identity frozen in MacronariaMatrix v1.0.0 after the multi-phase lineage and duplicate audit.
MC0747,HUMERUS_PROXIMAL_END,"Humerus, proximal end: expands laterally relative to the shaft, giving the humerus an hourglass outline in anterior view (0); asymmetrical, with no ex- pansion of lateral margin relative to shaft (1) (Tschopp et al., 2015a; Poropat et al., 2016).",Mannion et al. (2019) supplied character list,M19:C365,inherited_GR2018_block_provisional_distinct,,,"Tschopp et al., 2015a; Poropat et al., 2016",MC0290; MC0383; MC0449,moderate,2,2,2,M19; M26,no,2019,2026,7,frozen-v1.0,NOT_YET_AUDITED,,,FROZEN_CURRENT_ID,high,Accepted in Phase 2 after source-first review; no supported older canonical equivalent was identified.,,NOT_PHASE3_C12_TARGET,,,NOT_PHASE4_DE12_TARGET,,,NOT_PHASE5_GA11_TARGET,,,NOT_PHASE6_M26_TARGET,,,FROZEN_V1,moderate,Canonical identity frozen in MacronariaMatrix v1.0.0 after the multi-phase lineage and duplicate audit.
MC0748,HUMERUS_HUMERAL_HEAD_FORMS_PROMINENT_SUBCIRCULAR_POSTERIOR_PROXIMAL,"Humerus, humeral head forms a prominent subcircular process on the posterior surface of the proximal end: absent (0); present (1) (Bonaparte et al., 2006; Upchurch et al., 2015; Poropat et al., 2016).",Mannion et al. (2019) supplied character list,M19:C366,inherited_GR2018_block_provisional_distinct,,,"Bonaparte et al., 2006; Upchurch et al., 2015; Poropat et al., 2016",MC0163; MC0290; MC0449,moderate,2,2,2,M19; M26,no,2019,2026,7,frozen-v1.0,NOT_YET_AUDITED,,,FROZEN_CURRENT_ID,high,Accepted in Phase 2 after source-first review; no supported older canonical equivalent was identified.,,NOT_PHASE3_C12_TARGET,,,NOT_PHASE4_DE12_TARGET,,,NOT_PHASE5_GA11_TARGET,,,NOT_PHASE6_M26_TARGET,,,FROZEN_V1,moderate,Canonical identity frozen in MacronariaMatrix v1.0.0 after the multi-phase lineage and duplicate audit.
MC0749,HUMERUS_PROMINENT_VERTICAL_RIDGE_EXTENDS_ALONG_LATERAL_MARGIN,"Humerus, prominent vertical ridge extends along the lateral margin of the posterior surface, from the proximolateral corner to approximately the level of the deltopectoral crest (this ridge defines the lateral margin of the lateral triceps fossa and causes this fossa to be much deeper than the medial one): absent (0); present (1) (Poropat et al., 2016).",Mannion et al. (2019) supplied character list,M19:C367,inherited_GR2018_block_provisional_distinct,,,"Poropat et al., 2016",MC0445; MC0383; MC0159,moderate,2,2,2,M19; M26,no,2019,2026,7,frozen-v1.0,NOT_YET_AUDITED,,,FROZEN_CURRENT_ID,high,Accepted in Phase 2 after source-first review; no supported older canonical equivalent was identified.,,NOT_PHASE3_C12_TARGET,,,NOT_PHASE4_DE12_TARGET,,,NOT_PHASE5_GA11_TARGET,,,NOT_PHASE6_M26_TARGET,,,FROZEN_V1,moderate,Canonical identity frozen in MacronariaMatrix v1.0.0 after the multi-phase lineage and duplicate audit.
MC0750,HUMERUS_TUBEROSITY_FOR_ATTACHMENT_M_CORACOBRACHIALIS_ANTERIOR_PROXIMAL,"Humerus, tuberosity for attachment of the M. coracobrachialis on the anterior surface of the proximal third: absent (0); present (1) (Powell, 2003; Harris, 2007; Otero, 2010; Poropat et al., 2016).",Mannion et al. (2019) supplied character list,M19:C368,inherited_GR2018_block_provisional_distinct,,,"Powell, 2003; Harris, 2007; Otero, 2010; Poropat et al., 2016",MC0393; MC0387; MC0382,moderate,2,2,2,M19; M26,no,2019,2026,7,frozen-v1.0,NOT_YET_AUDITED,,,FROZEN_CURRENT_ID,high,Accepted in Phase 2 after source-first review; no supported older canonical equivalent was identified.,,NOT_PHASE3_C12_TARGET,,,NOT_PHASE4_DE12_TARGET,,,NOT_PHASE5_GA11_TARGET,,,NOT_PHASE6_M26_TARGET,,,FROZEN_V1,moderate,Canonical identity frozen in MacronariaMatrix v1.0.0 after the multi-phase lineage and duplicate audit.
MC0751,HUMERUS_DELTOPECTORAL_CREST_MEDIOLATERAL_THICKNESS_ANTERIOR_ATTACHMENT,"Humerus, deltopectoral crest, mediolateral thickness of anterior attachment surface: approxi- mately constant along length (0); distal half medi- olaterally expanded relative to proximal half (often doubling in thickness) (1) (Wilson, 2002; Poropat et al., 2016; note that the anterior attachment surface of taxa with a medially deflected deltopectoral crest faces primarily medially).",Mannion et al. (2019) supplied character list,M19:C369,inherited_GR2018_block_provisional_distinct,,,"Wilson, 2002; Poropat et al., 2016; note that the anterior attachment surface of taxa with a medially deflected deltopectoral crest faces primarily medially",MC0161; MC0383; MC0445,moderate,2,2,2,M19; M26,no,2019,2026,7,frozen-v1.0,NOT_YET_AUDITED,,,FROZEN_CURRENT_ID,high,Accepted in Phase 2 after source-first review; no supported older canonical equivalent was identified.,,NOT_PHASE3_C12_TARGET,,,NOT_PHASE4_DE12_TARGET,,,NOT_PHASE5_GA11_TARGET,,,NOT_PHASE6_M26_TARGET,,,FROZEN_V1,moderate,Canonical identity frozen in MacronariaMatrix v1.0.0 after the multi-phase lineage and duplicate audit.
MC0752,HUMERUS_MAXIMUM_MEDIOLATERAL_WIDTH_DISTAL_END_PROXIMODISTAL_LENGTH,"Humerus, ratio of maximum mediolateral width of distal end to proximodistal length: 0.30 or greater (0); less than 0.30 (1) (Poropat et al., 2016).",Mannion et al. (2019) supplied character list,M19:C370,inherited_GR2018_block_provisional_distinct,,,"Poropat et al., 2016",MC0386; MC0361; MC0379,moderate,2,2,2,M19; M26,no,2019,2026,7,frozen-v1.0,NOT_YET_AUDITED,,,FROZEN_CURRENT_ID,high,Accepted in Phase 2 after source-first review; no supported older canonical equivalent was identified.,,NOT_PHASE3_C12_TARGET,,,NOT_PHASE4_DE12_TARGET,,,NOT_PHASE5_GA11_TARGET,,,NOT_PHASE6_M26_TARGET,,,FROZEN_V1,moderate,Canonical identity frozen in MacronariaMatrix v1.0.0 after the multi-phase lineage and duplicate audit.
MC0753,RADIUS_BEVELLING_DISTAL_END_LONG_AXIS_SHAFT,"Radius, bevelling of distal end relative to long-axis of shaft: restricted to lateral half (0); extends across the entire distal end (1) (Poropat et al., 2016).",Mannion et al. (2019) supplied character list,M19:C371,inherited_GR2018_block_provisional_distinct,,,"Poropat et al., 2016",MC0171; MC0464; MC0180,moderate,2,2,2,M19; M26,no,2019,2026,7,frozen-v1.0,NOT_YET_AUDITED,,,FROZEN_CURRENT_ID,high,Accepted in Phase 2 after source-first review; no supported older canonical equivalent was identified.,,NOT_PHASE3_C12_TARGET,,,NOT_PHASE4_DE12_TARGET,,,NOT_PHASE5_GA11_TARGET,,,NOT_PHASE6_M26_TARGET,,,FROZEN_V1,moderate,Canonical identity frozen in MacronariaMatrix v1.0.0 after the multi-phase lineage and duplicate audit.
MC0754,ULNA_ANGLE_BETWEEN_LONG_AXES_ANTEROME_DIAL_ANTEROLATERAL,"Ulna, angle between long-axes of anterome- dial and anterolateral processes in proximal end view: 80° or greater (usually approximately a right-angle) (0); less than 80° (acute) (1) (Tschopp et al., 2015a).",Mannion et al. (2019) supplied character list,M19:C372,inherited_GR2018_block_provisional_distinct,,,"Tschopp et al., 2015a",MC0047; MC0242; MC0330,moderate,2,2,2,M19; M26,no,2019,2026,7,frozen-v1.0,NOT_YET_AUDITED,,,FROZEN_CURRENT_ID,high,Accepted in Phase 2 after source-first review; no supported older canonical equivalent was identified.,,NOT_PHASE3_C12_TARGET,,,NOT_PHASE4_DE12_TARGET,,,NOT_PHASE5_GA11_TARGET,,,NOT_PHASE6_M26_TARGET,,,FROZEN_V1,moderate,Canonical identity frozen in MacronariaMatrix v1.0.0 after the multi-phase lineage and duplicate audit.
MC0755,METACARPALS_LONGEST_METACARPAL_RADIUS_PROXIMODISTAL_LENGTH,"Metacarpals, longest metacarpal to radius proximodistal length ratio: less than 0.50 (0); 0.50 or greater (1) (Poropat et al., 2016; revised here so that only taxa scored as a ‘1’ for C52 are scored).",Mannion et al. (2019) supplied character list,M19:C373,inherited_GR2018_block_provisional_distinct,,,"Poropat et al., 2016; revised here so that only taxa scored as a ‘1’ for C52 are scored",MC0177; MC0388; MC0389,moderate,2,2,2,M19; M26,no,2019,2026,7,frozen-v1.0,NOT_YET_AUDITED,,,FROZEN_CURRENT_ID,high,Accepted in Phase 2 after source-first review; no supported older canonical equivalent was identified.,,NOT_PHASE3_C12_TARGET,,,NOT_PHASE4_DE12_TARGET,,,NOT_PHASE5_GA11_TARGET,,,NOT_PHASE6_M26_TARGET,,,FROZEN_V1,moderate,Canonical identity frozen in MacronariaMatrix v1.0.0 after the multi-phase lineage and duplicate audit.
MC0756,METACARPALS_METACARPAL_II_MINIMUM_TRANSVERSE_WIDTH_SHAFT_METACARPAL,"Metacarpals, metacarpal II, ratio of minimum transverse width of shaft to metacarpal length: 0.2 or higher (0); less than 0.2 (1) (Sekiya, 2011).",Mannion et al. (2019) supplied character list,M19:C374,inherited_GR2018_block_provisional_distinct,,,"Sekiya, 2011",MC0178; MC0388; MC0389,moderate,2,2,2,M19; M26,no,2019,2026,7,frozen-v1.0,NOT_YET_AUDITED,,,FROZEN_CURRENT_ID,high,Accepted in Phase 2 after source-first review; no supported older canonical equivalent was identified.,,NOT_PHASE3_C12_TARGET,,,NOT_PHASE4_DE12_TARGET,,,NOT_PHASE5_GA11_TARGET,,,NOT_PHASE6_M26_TARGET,,,FROZEN_V1,moderate,Canonical identity frozen in MacronariaMatrix v1.0.0 after the multi-phase lineage and duplicate audit.
MC0757,METACARPALS_METACARPAL_III,"Metacarpals, metacarpal III: longest meta- carpal (0); shorter than at least one other metacarpal (1) (Curry Rogers, 2005; Poropat et al., 2016).",Mannion et al. (2019) supplied character list,M19:C375,inherited_GR2018_block_provisional_distinct,,,"Curry Rogers, 2005; Poropat et al., 2016",MC0178; MC0388; MC0389,moderate,2,2,2,M19; M26,no,2019,2026,7,frozen-v1.0,NOT_YET_AUDITED,,,FROZEN_CURRENT_ID,high,Accepted in Phase 2 after source-first review; no supported older canonical equivalent was identified.,,NOT_PHASE3_C12_TARGET,,,NOT_PHASE4_DE12_TARGET,,,NOT_PHASE5_GA11_TARGET,,,NOT_PHASE6_M26_TARGET,,,FROZEN_V1,moderate,Canonical identity frozen in MacronariaMatrix v1.0.0 after the multi-phase lineage and duplicate audit.
MC0758,METACARPALS_METACARPAL_IV_DISTAL_END_PROFILE,"Metacarpals, metacarpal IV, distal end profile: subrectangular (0); possesses small pointed lateral and medial projections such that the dorsal margin is longer than the ventral margin, producing a dorsoven- trally compressed hexagonal or trapezoidal outline (1) (Poropat et al., 2016).",Mannion et al. (2019) supplied character list,M19:C376,inherited_GR2018_block_provisional_distinct,,,"Poropat et al., 2016",MC0178; MC0448; MC0449,moderate,2,2,2,M19; M26,no,2019,2026,7,frozen-v1.0,NOT_YET_AUDITED,,,FROZEN_CURRENT_ID,high,Accepted in Phase 2 after source-first review; no supported older canonical equivalent was identified.,,NOT_PHASE3_C12_TARGET,,,NOT_PHASE4_DE12_TARGET,,,NOT_PHASE5_GA11_TARGET,,,NOT_PHASE6_M26_TARGET,,,FROZEN_V1,moderate,Canonical identity frozen in MacronariaMatrix v1.0.0 after the multi-phase lineage and duplicate audit.
MC0760,METACARPALS_METACARPAL_V_PROXIMAL_END_LONG_AXIS_DIAMETER,"Metacarpals, metacarpal V, ratio of proximal end long-axis diameter to that of metacarpal IV: equal or smaller (0); larger than that for metacarpal IV (1) (Poropat et al., 2015b, 2016).",Mannion et al. (2019) supplied character list,M19:C378,inherited_GR2018_block_provisional_distinct,,,"Poropat et al., 2015b, 2016",MC0178; MC0449; MC0388,moderate,2,2,2,M19; M26,no,2019,2026,7,frozen-v1.0,NOT_YET_AUDITED,,,FROZEN_CURRENT_ID,high,Accepted in Phase 2 after source-first review; no supported older canonical equivalent was identified.,,NOT_PHASE3_C12_TARGET,,,NOT_PHASE4_DE12_TARGET,,,NOT_PHASE5_GA11_TARGET,,,NOT_PHASE6_M26_TARGET,,,FROZEN_V1,moderate,Canonical identity frozen in MacronariaMatrix v1.0.0 after the multi-phase lineage and duplicate audit.
MC0761,METACARPALS_METACARPAL_V_MEDIALLY_BIASED_FLANGE_LIKE_SWELLING,"Metacarpals, metacarpal V with a medially biased flange-like swelling along proximal half of ven- tral surface: absent (0); present (1) (Apesteguía, 2005a; Mannion & Calvo, 2011; Poropat et al., 2016).",Mannion et al. (2019) supplied character list,M19:C379,inherited_GR2018_block_provisional_distinct,,,"Apesteguía, 2005a; Mannion & Calvo, 2011; Poropat et al., 2016",MC0178; MC0449; MC0388,moderate,2,2,2,M19; M26,no,2019,2026,7,frozen-v1.0,NOT_YET_AUDITED,,,FROZEN_CURRENT_ID,high,Accepted in Phase 2 after source-first review; no supported older canonical equivalent was identified.,,NOT_PHASE3_C12_TARGET,,,NOT_PHASE4_DE12_TARGET,,,NOT_PHASE5_GA11_TARGET,,,NOT_PHASE6_M26_TARGET,,,FROZEN_V1,moderate,Canonical identity frozen in MacronariaMatrix v1.0.0 after the multi-phase lineage and duplicate audit.
MC0762,ILIUM_DORSOVENTRAL_HEIGHT_ILIAC_BLADE_ABOVE_PUBIC_PEDUNCLE,"Ilium, ratio of dorsoventral height of iliac blade above pubic peduncle to anteroposterior length of ilium: less than 0.35 (0); 0.35 or greater (1) (Tschopp et al., 2015a; Poropat et al., 2016).",Mannion et al. (2019) supplied character list,M19:C380,inherited_GR2018_block_provisional_distinct,,,"Tschopp et al., 2015a; Poropat et al., 2016",MC0411; MC0241; MC0452,moderate,2,2,2,M19; M26,no,2019,2026,7,frozen-v1.0,NOT_YET_AUDITED,,,FROZEN_CURRENT_ID,high,Accepted in Phase 2 after source-first review; no supported older canonical equivalent was identified.,,NOT_PHASE3_C12_TARGET,,,NOT_PHASE4_DE12_TARGET,,,NOT_PHASE5_GA11_TARGET,,,NOT_PHASE6_M26_TARGET,,,FROZEN_V1,moderate,Canonical identity frozen in MacronariaMatrix v1.0.0 after the multi-phase lineage and duplicate audit.
MC0763,ILIUM_PROTUBERANCE_LATERAL_ISCHIADIC_ARTICULATION,"Ilium, protuberance on the lateral surface of the ischiadic articulation: absent (0); present (1) (Borsuk-Białynicka, 1977; Poropat et al., 2015a, 2016).",Mannion et al. (2019) supplied character list,M19:C383,inherited_GR2018_block_provisional_distinct,,,"Borsuk-Białynicka, 1977; Poropat et al., 2015a, 2016",MC0393; MC0391; MC0412,moderate,2,2,2,M19; M26,no,2019,2026,7,frozen-v1.0,NOT_YET_AUDITED,,,FROZEN_CURRENT_ID,high,Accepted in Phase 2 after source-first review; no supported older canonical equivalent was identified.,,NOT_PHASE3_C12_TARGET,,,NOT_PHASE4_DE12_TARGET,,,NOT_PHASE5_GA11_TARGET,,,NOT_PHASE6_M26_TARGET,,,FROZEN_V1,moderate,Canonical identity frozen in MacronariaMatrix v1.0.0 after the multi-phase lineage and duplicate audit.
MC0764,PUBIS_PROXIMODISTALLY_ORIENTED_RIDGE_LAT_ERAL_BLADE_SEPARATED,"Pubis, proximodistally oriented ridge on lat- eral surface of blade, separated from the anterior margin of the pubis by a longitudinal groove: absent (0) present (1) (Powell, 2003; Salgado and Carvalho, 2008; Otero, 2010; Poropat et al., 2016).",Mannion et al. (2019) supplied character list,M19:C384,inherited_GR2018_block_provisional_distinct,,,"Powell, 2003; Salgado and Carvalho, 2008; Otero, 2010; Poropat et al., 2016",MC0262; MC0456; MC0189,moderate,2,2,2,M19; M26,no,2019,2026,7,frozen-v1.0,NOT_YET_AUDITED,,,FROZEN_CURRENT_ID,high,Accepted in Phase 2 after source-first review; no supported older canonical equivalent was identified.,,NOT_PHASE3_C12_TARGET,,,NOT_PHASE4_DE12_TARGET,,,NOT_PHASE5_GA11_TARGET,,,NOT_PHASE6_M26_TARGET,,,FROZEN_V1,moderate,Canonical identity frozen in MacronariaMatrix v1.0.0 after the multi-phase lineage and duplicate audit.
MC0765,PUBIS_DISTAL_END_TRANSVERSELY_EXPANDED_ALONG_LATERAL_SHAFT,"Pubis, distal end transversely expanded along lateral surface relative to shaft: present (0); absent (laminar distal blade) (1) (Curry Rogers, 2005; Poropat et al., 2016).",Mannion et al. (2019) supplied character list,M19:C385,inherited_GR2018_block_provisional_distinct,,,"Curry Rogers, 2005; Poropat et al., 2016",MC0299; MC0209; MC0447,moderate,2,2,2,M19; M26,no,2019,2026,7,frozen-v1.0,NOT_YET_AUDITED,,,FROZEN_CURRENT_ID,high,Accepted in Phase 2 after source-first review; no supported older canonical equivalent was identified.,,NOT_PHASE3_C12_TARGET,,,NOT_PHASE4_DE12_TARGET,,,NOT_PHASE5_GA11_TARGET,,,NOT_PHASE6_M26_TARGET,,,FROZEN_V1,moderate,Canonical identity frozen in MacronariaMatrix v1.0.0 after the multi-phase lineage and duplicate audit.
MC0766,ISCHIUM_ILIAC_ARTICULAR_ANTEROPOS_TERIOR_LENGTH_MEDIOLATERAL_WIDTH,"Ischium, iliac articular surface, anteropos- terior length to mediolateral width ratio: 1.0 or greater (0); less than 1.0 (1) (Poropat et al., 2016).",Mannion et al. (2019) supplied character list,M19:C386,inherited_GR2018_block_provisional_distinct,,,"Poropat et al., 2016",MC0395; MC0393; MC0394,moderate,2,2,2,M19; M26,no,2019,2026,7,frozen-v1.0,NOT_YET_AUDITED,,,FROZEN_CURRENT_ID,high,Accepted in Phase 2 after source-first review; no supported older canonical equivalent was identified.,,NOT_PHASE3_C12_TARGET,,,NOT_PHASE4_DE12_TARGET,,,NOT_PHASE5_GA11_TARGET,,,NOT_PHASE6_M26_TARGET,,,FROZEN_V1,moderate,Canonical identity frozen in MacronariaMatrix v1.0.0 after the multi-phase lineage and duplicate audit.
MC0767,ISCHIUM_RIDGE_LATERAL_LOWER_PART_PROXIMAL_PLATE_PROXIMAL,"Ischium, ridge (for attachment of M. flexor tibialis internus III) on lateral surface of the lower part of the proximal plate/proximal portion of shaft, close to the posterior/dorsal margin of ischium: associ- ated with parallel groove, posterior/dorsal to ridge (0); groove absent (1) (Sereno et al., 2007; D’Emic, 2012; Poropat et al., 2016).",Mannion et al. (2019) supplied character list,M19:C387,inherited_GR2018_block_provisional_distinct,,,"Sereno et al., 2007; D’Emic, 2012; Poropat et al., 2016",MC0326; MC0393; MC0394,moderate,2,2,2,M19; M26,no,2019,2026,7,frozen-v1.0,NOT_YET_AUDITED,,,FROZEN_CURRENT_ID,high,Accepted in Phase 2 after source-first review; no supported older canonical equivalent was identified.,,NOT_PHASE3_C12_TARGET,,,NOT_PHASE4_DE12_TARGET,,,NOT_PHASE5_GA11_TARGET,,,NOT_PHASE6_M26_TARGET,,,FROZEN_V1,moderate,Canonical identity frozen in MacronariaMatrix v1.0.0 after the multi-phase lineage and duplicate audit.
MC0769,FEMUR_MEDIOLATERAL_BREADTH_TIBIAL_CONDYLE_BREADTH_FIBULAR_CONDYLE,"Femur, ratio of mediolateral breadth of tibial condyle to breadth of fibular condyle: greater than 0.8 (0); 0.8 or less (1) (Wilson, 2002; Poropat et al., 2016).",Mannion et al. (2019) supplied character list,M19:C389,inherited_GR2018_block_provisional_distinct,,,"Wilson, 2002; Poropat et al., 2016",MC0200; MC0205; MC0209,moderate,2,2,2,M19; M26,no,2019,2026,7,frozen-v1.0,NOT_YET_AUDITED,,,FROZEN_CURRENT_ID,high,Accepted in Phase 2 after source-first review; no supported older canonical equivalent was identified.,,NOT_PHASE3_C12_TARGET,,,NOT_PHASE4_DE12_TARGET,,,NOT_PHASE5_GA11_TARGET,,,NOT_PHASE6_M26_TARGET,,,FROZEN_V1,moderate,Canonical identity frozen in MacronariaMatrix v1.0.0 after the multi-phase lineage and duplicate audit.
MC0770,FIBULA_ARTICULAR_LATERAL_TROCHANTER,"Fibula, articular surface of lateral trochanter: not visible in anterior view (0); visible in anterior view (1) (Poropat et al., 2016).",Mannion et al. (2019) supplied character list,M19:C392,inherited_GR2018_block_provisional_distinct,,,"Poropat et al., 2016",MC0208; MC0246; MC0029,moderate,2,2,2,M19; M26,no,2019,2026,7,frozen-v1.0,NOT_YET_AUDITED,,,FROZEN_CURRENT_ID,high,Accepted in Phase 2 after source-first review; no supported older canonical equivalent was identified.,,NOT_PHASE3_C12_TARGET,,,NOT_PHASE4_DE12_TARGET,,,NOT_PHASE5_GA11_TARGET,,,NOT_PHASE6_M26_TARGET,,,FROZEN_V1,moderate,Canonical identity frozen in MacronariaMatrix v1.0.0 after the multi-phase lineage and duplicate audit.
MC0771,FIBULA_DISTAL_END_MEDIOLATERAL_WIDTH_TEROPOSTERIOR_WIDTH,"Fibula, distal end mediolateral width to an- teroposterior width ratio: 0.8 or less (0); greater than 0.8 (1) (Poropat et al., 2016).",Mannion et al. (2019) supplied character list,M19:C393,inherited_GR2018_block_provisional_distinct,,,"Poropat et al., 2016",MC0395; MC0460; MC0084,moderate,2,2,2,M19; M26,no,2019,2026,7,frozen-v1.0,NOT_YET_AUDITED,,,FROZEN_CURRENT_ID,high,Accepted in Phase 2 after source-first review; no supported older canonical equivalent was identified.,,NOT_PHASE3_C12_TARGET,,,NOT_PHASE4_DE12_TARGET,,,NOT_PHASE5_GA11_TARGET,,,NOT_PHASE6_M26_TARGET,,,FROZEN_V1,moderate,Canonical identity frozen in MacronariaMatrix v1.0.0 after the multi-phase lineage and duplicate audit.
MC0772,FIBULA_DISTAL_END_PROFILE,"Fibula, distal end profile: elliptical or semi- circular (with a straight medial margin) (0); subtri- angular (with a rounded or sharper apex projecting laterally or anterolaterally where flattened antero- lateral and posterolateral margins meet) (1) (Poropat et al., 2016).",Mannion et al. (2019) supplied character list,M19:C394,inherited_GR2018_block_provisional_distinct,,,"Poropat et al., 2016",MC0245; MC0460; MC0186,moderate,2,2,2,M19; M26,no,2019,2026,7,frozen-v1.0,NOT_YET_AUDITED,,,FROZEN_CURRENT_ID,high,Accepted in Phase 2 after source-first review; no supported older canonical equivalent was identified.,,NOT_PHASE3_C12_TARGET,,,NOT_PHASE4_DE12_TARGET,,,NOT_PHASE5_GA11_TARGET,,,NOT_PHASE6_M26_TARGET,,,FROZEN_V1,moderate,Canonical identity frozen in MacronariaMatrix v1.0.0 after the multi-phase lineage and duplicate audit.
MC0773,METATARSALS_METATARSAL_V_PROXIMAL_END,"Metatarsals, metatarsal V, proximal end: dorsoventrally expanded relative to shaft, with a domed dorsal margin (0); not expanded relative to shaft (1) (Poropat et al., 2016).",Mannion et al. (2019) supplied character list,M19:C395,inherited_GR2018_block_provisional_distinct,,,"Poropat et al., 2016",MC0300; MC0222; MC0221,moderate,2,2,2,M19; M26,no,2019,2026,7,frozen-v1.0,NOT_YET_AUDITED,,,FROZEN_CURRENT_ID,high,Accepted in Phase 2 after source-first review; no supported older canonical equivalent was identified.,,NOT_PHASE3_C12_TARGET,,,NOT_PHASE4_DE12_TARGET,,,NOT_PHASE5_GA11_TARGET,,,NOT_PHASE6_M26_TARGET,,,FROZEN_V1,moderate,Canonical identity frozen in MacronariaMatrix v1.0.0 after the multi-phase lineage and duplicate audit.
MC0774,METATARSALS_METATARSAL_V_TUBERCLE_RIDGE_VENTRAL_AT_APPROXIMATELY,"Metatarsals, metatarsal V, tubercle or ridge on ventral surface, at approximately midlength, equi- distant from the medial and lateral margins: absent (0); present (1) (Poropat et al., 2016).",Mannion et al. (2019) supplied character list,M19:C396,inherited_GR2018_block_provisional_distinct,,,"Poropat et al., 2016",MC0300; MC0380; MC0225,moderate,2,2,2,M19; M26,no,2019,2026,7,frozen-v1.0,NOT_YET_AUDITED,,,FROZEN_CURRENT_ID,high,Accepted in Phase 2 after source-first review; no supported older canonical equivalent was identified.,,NOT_PHASE3_C12_TARGET,,,NOT_PHASE4_DE12_TARGET,,,NOT_PHASE5_GA11_TARGET,,,NOT_PHASE6_M26_TARGET,,,FROZEN_V1,moderate,Canonical identity frozen in MacronariaMatrix v1.0.0 after the multi-phase lineage and duplicate audit.
MC0775,PEDAL_DIGIT_I_PROXIMAL_ARTICULAR_UN_GUAL,"Pedal digit I, proximal articular surface of un- gual (phalanx I-2): perpendicular to long axis of un- gual (0); bevelled so that the proximal articular surface faces proximolaterally and thus lies at a distinct angle to the long axis of the ungual (1) (Wilson & Upchurch, 2009; Poropat et al., 2016).",Mannion et al. (2019) supplied character list,M19:C397,inherited_GR2018_block_provisional_distinct,,,"Wilson & Upchurch, 2009; Poropat et al., 2016",MC0229; MC0230; MC0171,moderate,2,2,2,M19; M26,no,2019,2026,7,frozen-v1.0,NOT_YET_AUDITED,,,FROZEN_CURRENT_ID,high,Accepted in Phase 2 after source-first review; no supported older canonical equivalent was identified.,,NOT_PHASE3_C12_TARGET,,,NOT_PHASE4_DE12_TARGET,,,NOT_PHASE5_GA11_TARGET,,,NOT_PHASE6_M26_TARGET,,,FROZEN_V1,moderate,Canonical identity frozen in MacronariaMatrix v1.0.0 after the multi-phase lineage and duplicate audit.
MC0776,BASIOCCIPITAL_FOSSA_LATERAL_EXTENDING_BASE_OCCIPITAL_CONDYLE_BASE,"Basioccipital, fossa on lateral surface, extending from base of occipital condyle to base of basal tubera: absent (0); present (1) (Tschopp et al., 2015a).",Mannion et al. (2019) supplied character list,M19:C398,inherited_GR2018_block_provisional_distinct,,,"Tschopp et al., 2015a",MC0050; MC0049; MC0054,moderate,2,2,2,M19; M26,no,2019,2026,7,frozen-v1.0,NOT_YET_AUDITED,,,FROZEN_CURRENT_ID,high,Accepted in Phase 2 after source-first review; no supported older canonical equivalent was identified.,,NOT_PHASE3_C12_TARGET,,,NOT_PHASE4_DE12_TARGET,,,NOT_PHASE5_GA11_TARGET,,,NOT_PHASE6_M26_TARGET,,,FROZEN_V1,moderate,Canonical identity frozen in MacronariaMatrix v1.0.0 after the multi-phase lineage and duplicate audit.
MC0777,BASICRANIUM_CRANIAL_NERVE_OPENING_II,"Basicranium, cranial nerve opening II (optic foramen): single opening (0); medially divided to form two foramina (1) (Sander et al., 2006).",Mannion et al. (2019) supplied character list,M19:C399,inherited_GR2018_block_provisional_distinct,,,"Sander et al., 2006",MC0350; MC0353; MC0370,moderate,2,2,2,M19; M26,no,2019,2026,7,frozen-v1.0,NOT_YET_AUDITED,,,FROZEN_CURRENT_ID,high,Accepted in Phase 2 after source-first review; no supported older canonical equivalent was identified.,,NOT_PHASE3_C12_TARGET,,,NOT_PHASE4_DE12_TARGET,,,NOT_PHASE5_GA11_TARGET,,,NOT_PHASE6_M26_TARGET,,,FROZEN_V1,moderate,Canonical identity frozen in MacronariaMatrix v1.0.0 after the multi-phase lineage and duplicate audit.
MC0778,SURANGULAR_ANTERIOR_FORAMEN,"Surangular, anterior foramen: absent (0); pre- sent (1) (Tschopp et al., 2015a).",Mannion et al. (2019) supplied character list,M19:C400,inherited_GR2018_block_provisional_distinct,,,"Tschopp et al., 2015a",MC0023; MC0060; MC0059,moderate,2,2,2,M19; M26,no,2019,2026,7,frozen-v1.0,NOT_YET_AUDITED,,,FROZEN_CURRENT_ID,high,Accepted in Phase 2 after source-first review; no supported older canonical equivalent was identified.,,NOT_PHASE3_C12_TARGET,,,NOT_PHASE4_DE12_TARGET,,,NOT_PHASE5_GA11_TARGET,,,NOT_PHASE6_M26_TARGET,,,FROZEN_V1,moderate,Canonical identity frozen in MacronariaMatrix v1.0.0 after the multi-phase lineage and duplicate audit.
MC0779,TEETH_D_SHAPED_CROWN_LA_BIAL_LINGUAL_VIEW,"Teeth, D-shaped crown morphology in la- bial/lingual view: narrows mesiodistally along its apical third (0); narrows mesiodistally along its ap- ical half, giving it a ‘heart’-shaped outline (1) (Royo- Torres et al., 2006; Mateus et al., 2014; Mannion et al., 2017).",Mannion et al. (2019) supplied character list,M19:C402,inherited_GR2018_block_provisional_distinct,,,"Royo- Torres et al., 2006; Mateus et al., 2014; Mannion et al., 2017",MC0067; MC0076; MC0070,moderate,2,2,2,M19; M26,no,2019,2026,7,frozen-v1.0,NOT_YET_AUDITED,,,FROZEN_CURRENT_ID,high,Accepted in Phase 2 after source-first review; no supported older canonical equivalent was identified.,,NOT_PHASE3_C12_TARGET,,,NOT_PHASE4_DE12_TARGET,,,NOT_PHASE5_GA11_TARGET,,,NOT_PHASE6_M26_TARGET,,,FROZEN_V1,moderate,Canonical identity frozen in MacronariaMatrix v1.0.0 after the multi-phase lineage and duplicate audit.
MC0780,MIDDLE_POSTERIOR_CERVICAL_NEURAL_ARCHES_VER_TICAL_MIDLINE,"Middle–posterior cervical neural arches, ver- tical midline lamina [part of the interprezygapophyseal lamina (TPRL)] divides the centroprezygapophyseal fossa (CPRF) into two fossae: absent (0); present (1) (Upchurch & Martin, 2002; Curry Rogers, 2009).",Mannion et al. (2019) supplied character list,M19:C403,inherited_GR2018_block_provisional_distinct,,,"Upchurch & Martin, 2002; Curry Rogers, 2009",MC0088; MC0097; MC0098,moderate,2,2,2,M19; M26,no,2019,2026,7,frozen-v1.0,NOT_YET_AUDITED,,,FROZEN_CURRENT_ID,high,Accepted in Phase 2 after source-first review; no supported older canonical equivalent was identified.,,NOT_PHASE3_C12_TARGET,,,NOT_PHASE4_DE12_TARGET,,,NOT_PHASE5_GA11_TARGET,,,NOT_PHASE6_M26_TARGET,,,FROZEN_V1,moderate,Canonical identity frozen in MacronariaMatrix v1.0.0 after the multi-phase lineage and duplicate audit.
MC0781,MIDDLE_POSTERIOR_CERVICAL_NEURAL_ARCHES_VERTICAL_MIDLINE_LAMINA,"Middle–posterior cervical neural arches, vertical midline lamina [part of the interpostzygapo- physeal lamina (TPOL)] divides the centropostzyga- pophyseal fossa (CPOF) into two fossae: absent (0); present (1) (Upchurch & Martin, 2002; Curry Rogers, 2009).",Mannion et al. (2019) supplied character list,M19:C404,inherited_GR2018_block_provisional_distinct,,,"Upchurch & Martin, 2002; Curry Rogers, 2009",MC0095; MC0098; MC0099,moderate,2,2,2,M19; M26,no,2019,2026,7,frozen-v1.0,NOT_YET_AUDITED,,,FROZEN_CURRENT_ID,high,Accepted in Phase 2 after source-first review; no supported older canonical equivalent was identified.,,NOT_PHASE3_C12_TARGET,,,NOT_PHASE4_DE12_TARGET,,,NOT_PHASE5_GA11_TARGET,,,NOT_PHASE6_M26_TARGET,,,FROZEN_V1,moderate,Canonical identity frozen in MacronariaMatrix v1.0.0 after the multi-phase lineage and duplicate audit.
MC0782,MIDDLE_CERVICAL_NEURAL_SPINES_LATERAL_FOSSA_AT_BASE,"Middle cervical neural spines, lateral fossa at the base of the prezygapophyseal process bounded by SPRL, PRDL and PODL: absent (0); present (1) (Harris, 2006b; Tschopp & Mateus, 2013).",Mannion et al. (2019) supplied character list,M19:C405,inherited_GR2018_block_provisional_distinct,,,"Harris, 2006b; Tschopp & Mateus, 2013",MC0129; MC0267; MC0121,moderate,2,2,2,M19; M26,no,2019,2026,7,frozen-v1.0,NOT_YET_AUDITED,,,FROZEN_CURRENT_ID,high,Accepted in Phase 2 after source-first review; no supported older canonical equivalent was identified.,,NOT_PHASE3_C12_TARGET,,,NOT_PHASE4_DE12_TARGET,,,NOT_PHASE5_GA11_TARGET,,,NOT_PHASE6_M26_TARGET,,,FROZEN_V1,moderate,Canonical identity frozen in MacronariaMatrix v1.0.0 after the multi-phase lineage and duplicate audit.
MC0783,MIDDLE_POSTERIOR_CERVICAL_NEURAL_SPINES_LATERAL_BETWEEN_PRDL,"Middle and posterior cervical neural spines, lateral surface between PRDL, PODL, SPOL, i.e. the spinodiapophyseal fossa (SDF): has three or more coels separated from each other by low ridges: absent (0) present (1) (Mannion et al., 2017).",Mannion et al. (2019) supplied character list,M19:C406,inherited_GR2018_block_provisional_distinct,,,"Mannion et al., 2017",MC0267; MC0427; MC0129,moderate,2,2,2,M19; M26,no,2019,2026,7,frozen-v1.0,NOT_YET_AUDITED,,,FROZEN_CURRENT_ID,high,Accepted in Phase 2 after source-first review; no supported older canonical equivalent was identified.,,NOT_PHASE3_C12_TARGET,,,NOT_PHASE4_DE12_TARGET,,,NOT_PHASE5_GA11_TARGET,,,NOT_PHASE6_M26_TARGET,,,FROZEN_V1,moderate,Canonical identity frozen in MacronariaMatrix v1.0.0 after the multi-phase lineage and duplicate audit.
MC0784,CERVICAL_RIBS_ANTERIOR_PROJECTION_EXTENDS_BE_YOND_ANTERIOR,"Cervical ribs, anterior projection extends be- yond anterior margin of centrum (including condyle): present (0); absent (1) (Mannion et al., 2017).",Mannion et al. (2019) supplied character list,M19:C407,inherited_GR2018_block_provisional_distinct,,,"Mannion et al., 2017",MC0248; MC0140; MC0266,moderate,2,2,2,M19; M26,no,2019,2026,7,frozen-v1.0,NOT_YET_AUDITED,,,FROZEN_CURRENT_ID,high,Accepted in Phase 2 after source-first review; no supported older canonical equivalent was identified.,,NOT_PHASE3_C12_TARGET,,,NOT_PHASE4_DE12_TARGET,,,NOT_PHASE5_GA11_TARGET,,,NOT_PHASE6_M26_TARGET,,,FROZEN_V1,moderate,Canonical identity frozen in MacronariaMatrix v1.0.0 after the multi-phase lineage and duplicate audit.
MC0785,SACRAL_RIBS_SV2_RIBS,"Sacral ribs, Sv2 ribs: emanate solely from Sv2 (0); emanate from Sv2, with a contribution from Sv1 (1) (Mannion et al., 2017).",Mannion et al. (2019) supplied character list,M19:C408,inherited_GR2018_block_provisional_distinct,,,"Mannion et al., 2017",MC0112; MC0361; MC0141,moderate,2,2,2,M19; M26,no,2019,2026,7,frozen-v1.0,NOT_YET_AUDITED,,,FROZEN_CURRENT_ID,high,Accepted in Phase 2 after source-first review; no supported older canonical equivalent was identified.,,NOT_PHASE3_C12_TARGET,,,NOT_PHASE4_DE12_TARGET,,,NOT_PHASE5_GA11_TARGET,,,NOT_PHASE6_M26_TARGET,,,FROZEN_V1,moderate,Canonical identity frozen in MacronariaMatrix v1.0.0 after the multi-phase lineage and duplicate audit.
MC0786,ANTERIORMOST_CAUDAL_CENTRA_ACDL,"Anteriormost caudal centra, ACDL: absent, or represented by no more than a faint ridge (0); present, well defined or sheet-like (1) (Wilson, 2002; Mannion et al., 2017).",Mannion et al. (2019) supplied character list,M19:C409,inherited_GR2018_block_provisional_distinct,,,"Wilson, 2002; Mannion et al., 2017",MC0281; MC0119; MC0129,moderate,2,2,2,M19; M26,no,2019,2026,7,frozen-v1.0,NOT_YET_AUDITED,,,FROZEN_CURRENT_ID,high,Accepted in Phase 2 after source-first review; no supported older canonical equivalent was identified.,,NOT_PHASE3_C12_TARGET,,,NOT_PHASE4_DE12_TARGET,,,NOT_PHASE5_GA11_TARGET,,,NOT_PHASE6_M26_TARGET,,,FROZEN_V1,moderate,Canonical identity frozen in MacronariaMatrix v1.0.0 after the multi-phase lineage and duplicate audit.
MC0787,ANTERIOR_MIDDLE_CAUDAL_NEURAL_ARCHES,"Anterior–middle caudal neural arches: spinop- ostzygapophyseal lamina (SPOL) shape: SPOL grades smoothly toward postzygapophyses (0); SPOL abruptly ends near the anterior margin of the postzygapophy- seal facet, and postzygapophyses sharply set off from neural spine, often projecting as distinct processes (1) (D’Emic et al., 2016; note that this feature is usually present in the last few anterior and first few middle caudal vertebrae).",Mannion et al. (2019) supplied character list,M19:C410,inherited_GR2018_block_provisional_distinct,,,"D’Emic et al., 2016; note that this feature is usually present in the last few anterior and first few middle caudal vertebrae",MC0100; MC0122; MC0101,moderate,2,2,2,M19; M26,no,2019,2026,7,frozen-v1.0,NOT_YET_AUDITED,,,FROZEN_CURRENT_ID,high,Accepted in Phase 2 after source-first review; no supported older canonical equivalent was identified.,,NOT_PHASE3_C12_TARGET,,,NOT_PHASE4_DE12_TARGET,,,NOT_PHASE5_GA11_TARGET,,,NOT_PHASE6_M26_TARGET,,,FROZEN_V1,moderate,Canonical identity frozen in MacronariaMatrix v1.0.0 after the multi-phase lineage and duplicate audit.
MC0788,ANTERIOR_MIDDLE_CAUDAL_NEURAL_ARCHES_ANTER_OPOSTERIORLY_ORIENTED,"Anterior–middle caudal neural arches, anter- oposteriorly oriented ridge and fossa (‘shoulder’) be- tween prezygapophyses and postzygapophyses: absent (0); present (1) (D’Emic et al., 2016; note that this fea- ture is usually present in the last few anterior and first few middle caudal vertebrae).",Mannion et al. (2019) supplied character list,M19:C411,inherited_GR2018_block_provisional_distinct,,,"D’Emic et al., 2016; note that this fea- ture is usually present in the last few anterior and first few middle caudal vertebrae",MC0125; MC0288; MC0097,moderate,2,2,2,M19; M26,no,2019,2026,7,frozen-v1.0,NOT_YET_AUDITED,,,FROZEN_CURRENT_ID,high,Accepted in Phase 2 after source-first review; no supported older canonical equivalent was identified.,,NOT_PHASE3_C12_TARGET,,,NOT_PHASE4_DE12_TARGET,,,NOT_PHASE5_GA11_TARGET,,,NOT_PHASE6_M26_TARGET,,,FROZEN_V1,moderate,Canonical identity frozen in MacronariaMatrix v1.0.0 after the multi-phase lineage and duplicate audit.
MC0789,RADIUS_PROXIMAL_DISTAL_END_ANTEROPOS_TERIOR_LENGTH,"Radius, proximal to distal end anteropos- terior length ratio: 0.5 or greater (0); less than 0.5 (1) (Mateus et al., 2014; Mannion et al., 2017).",Mannion et al. (2019) supplied character list,M19:C412,inherited_GR2018_block_provisional_distinct,,,"Mateus et al., 2014; Mannion et al., 2017",MC0386; MC0137; MC0177,moderate,2,2,2,M19; M26,no,2019,2026,7,frozen-v1.0,NOT_YET_AUDITED,,,FROZEN_CURRENT_ID,high,Accepted in Phase 2 after source-first review; no supported older canonical equivalent was identified.,,NOT_PHASE3_C12_TARGET,,,NOT_PHASE4_DE12_TARGET,,,NOT_PHASE5_GA11_TARGET,,,NOT_PHASE6_M26_TARGET,,,FROZEN_V1,moderate,Canonical identity frozen in MacronariaMatrix v1.0.0 after the multi-phase lineage and duplicate audit.
MC0790,ULNA_VERTICAL_GROOVE_RIDGE_STRUCTURE_POSTEROLATERAL_DISTAL_SHAFT,"Ulna, vertical groove and ridge structure on posterolateral surface of distal shaft: absent (0); pre- sent (1) (Royo-Torres et al., 2006).",Mannion et al. (2019) supplied character list,M19:C413,inherited_GR2018_block_provisional_distinct,,,"Royo-Torres et al., 2006",MC0220; MC0262; MC0380,moderate,2,2,2,M19; M26,no,2019,2026,7,frozen-v1.0,NOT_YET_AUDITED,,,FROZEN_CURRENT_ID,high,Accepted in Phase 2 after source-first review; no supported older canonical equivalent was identified.,,NOT_PHASE3_C12_TARGET,,,NOT_PHASE4_DE12_TARGET,,,NOT_PHASE5_GA11_TARGET,,,NOT_PHASE6_M26_TARGET,,,FROZEN_V1,moderate,Canonical identity frozen in MacronariaMatrix v1.0.0 after the multi-phase lineage and duplicate audit.
MC0791,CARPAL_BONES_DISTAL_CARPAL_MEDIOLATERAL_WIDTH_ANTEROPOSTERIOR_LENGTH,"Carpal bones, distal carpal mediolateral width to anteroposterior length ratio: less than 1.4 (0); 1.4 or greater (1) (Royo-Torres et al., 2014; Mannion et al., 2017; note that this is the largest carpal element in those taxa with more than one carpal).",Mannion et al. (2019) supplied character list,M19:C414,inherited_GR2018_block_provisional_distinct,,,"Royo-Torres et al., 2014; Mannion et al., 2017; note that this is the largest carpal element in those taxa with more than one carpal",MC0173; MC0174; MC0395,moderate,2,2,2,M19; M26,no,2019,2026,7,frozen-v1.0,NOT_YET_AUDITED,,,FROZEN_CURRENT_ID,high,Accepted in Phase 2 after source-first review; no supported older canonical equivalent was identified.,,NOT_PHASE3_C12_TARGET,,,NOT_PHASE4_DE12_TARGET,,,NOT_PHASE5_GA11_TARGET,,,NOT_PHASE6_M26_TARGET,,,FROZEN_V1,moderate,Canonical identity frozen in MacronariaMatrix v1.0.0 after the multi-phase lineage and duplicate audit.
MC0792,METACARPAL_III_MAXIMUM_MEDIOLATERAL_WIDTH_DORSOVENTRAL_HEIGHT_PROXIMAL,"Metacarpal III, maximum mediolateral width to dorsoventral height of the proximal end ratio: less than 1.3 (0); 1.3 or greater (1) (Mannion et al., 2017).",Mannion et al. (2019) supplied character list,M19:C415,inherited_GR2018_block_provisional_distinct,,,"Mannion et al., 2017",MC0449; MC0361; MC0366,moderate,2,2,2,M19; M26,no,2019,2026,7,frozen-v1.0,NOT_YET_AUDITED,,,FROZEN_CURRENT_ID,high,Accepted in Phase 2 after source-first review; no supported older canonical equivalent was identified.,,NOT_PHASE3_C12_TARGET,,,NOT_PHASE4_DE12_TARGET,,,NOT_PHASE5_GA11_TARGET,,,NOT_PHASE6_M26_TARGET,,,FROZEN_V1,moderate,Canonical identity frozen in MacronariaMatrix v1.0.0 after the multi-phase lineage and duplicate audit.
MC0793,TIBIA_TUBERCLE_POS_TERIOR_FACE_CNEMIAL_CREST,"Tibia, tubercle (‘tuberculum fibularis’) on pos- terior (internal) face of cnemial crest: absent (0); pre- sent (1) (Harris, 2007; Tschopp et al., 2015a).",Mannion et al. (2019) supplied character list,M19:C416,inherited_GR2018_block_provisional_distinct,,,"Harris, 2007; Tschopp et al., 2015a",MC0204; MC0462; MC0402,moderate,2,2,2,M19; M26,no,2019,2026,7,frozen-v1.0,NOT_YET_AUDITED,,,FROZEN_CURRENT_ID,high,Accepted in Phase 2 after source-first review; no supported older canonical equivalent was identified.,,NOT_PHASE3_C12_TARGET,,,NOT_PHASE4_DE12_TARGET,,,NOT_PHASE5_GA11_TARGET,,,NOT_PHASE6_M26_TARGET,,,FROZEN_V1,moderate,Canonical identity frozen in MacronariaMatrix v1.0.0 after the multi-phase lineage and duplicate audit.
MC0796,ANTERIORMOST_CAUDAL_NEURAL_SPINES_MEDIAL_SPINOPREZYGAPOPHYSEAL_LAMINAE_M,"Anteriormost caudal neural spines, medial spinoprezygapophyseal laminae (mSPRLs) merge into the prespinal lamina (PRSL) close to the base of the spine: absent (0); present (1) (Calvo et al., 2008; Carballido et al., 2017; González Riga et al., 2018; note that in Patagotitan these might be the only SPRLs, whereas Futalognkosaurus appears to have more typ- ical lateral SPRLs too).",Mannion et al. (2019) supplied character list,M19:C419,inherited_GR2018_block_provisional_distinct,,,"Calvo et al., 2008; Carballido et al., 2017; González Riga et al., 2018; note that in Patagotitan these might be the only SPRLs, whereas Futalognkosaurus appears to have more typ- ical lateral SPRLs too",MC0123; MC0275; MC0355,moderate,2,2,2,M19; M26,no,2019,2026,7,frozen-v1.0,NOT_YET_AUDITED,,,FROZEN_CURRENT_ID,high,Accepted in Phase 2 after source-first review; no supported older canonical equivalent was identified.,,NOT_PHASE3_C12_TARGET,,,NOT_PHASE4_DE12_TARGET,,,NOT_PHASE5_GA11_TARGET,,,NOT_PHASE6_M26_TARGET,,,FROZEN_V1,moderate,Canonical identity frozen in MacronariaMatrix v1.0.0 after the multi-phase lineage and duplicate audit.
MC0797,METACARPALS_METACARPAL_V_DORSOMEDIAL_MARGIN_DISTAL_THIRD_FORMS,"Metacarpals, metacarpal V, dorsomedial margin of distal third forms a prominent ridge or flange: absent (0); present (1) (González Riga et al., 2018).",Mannion et al. (2019) supplied character list,M19:C420,inherited_GR2018_block_provisional_distinct,,,"González Riga et al., 2018",MC0178; MC0294; MC0388,moderate,2,2,2,M19; M26,no,2019,2026,7,frozen-v1.0,NOT_YET_AUDITED,,,FROZEN_CURRENT_ID,high,Accepted in Phase 2 after source-first review; no supported older canonical equivalent was identified.,,NOT_PHASE3_C12_TARGET,,,NOT_PHASE4_DE12_TARGET,,,NOT_PHASE5_GA11_TARGET,,,NOT_PHASE6_M26_TARGET,,,FROZEN_V1,moderate,Canonical identity frozen in MacronariaMatrix v1.0.0 after the multi-phase lineage and duplicate audit.
MC0798,METATARSALS_METATARSAL_III_META_TARSAL_I_PROXIMODISTAL_LENGTH,"Metatarsals, ratio of metatarsal III to meta- tarsal I proximodistal length: 1.3 or greater (0); less than 1.3 (1) (González Riga et al., 2016, 2018).",Mannion et al. (2019) supplied character list,M19:C421,inherited_GR2018_block_provisional_distinct,,,"González Riga et al., 2016, 2018",MC0300; MC0223; MC0225,moderate,2,2,2,M19; M26,no,2019,2026,7,frozen-v1.0,NOT_YET_AUDITED,,,FROZEN_CURRENT_ID,high,Accepted in Phase 2 after source-first review; no supported older canonical equivalent was identified.,,NOT_PHASE3_C12_TARGET,,,NOT_PHASE4_DE12_TARGET,,,NOT_PHASE5_GA11_TARGET,,,NOT_PHASE6_M26_TARGET,,,FROZEN_V1,moderate,Canonical identity frozen in MacronariaMatrix v1.0.0 after the multi-phase lineage and duplicate audit.
MC0799,METATARSALS_METATARSAL_III_META_TARSAL_IV_PROXIMODISTAL_LENGTH,"Metatarsals, ratio of metatarsal III to meta- tarsal IV proximodistal length: 1.0 or greater (0); less than 1.0 (1) (González Riga et al., 2016, 2018).",Mannion et al. (2019) supplied character list,M19:C422,inherited_GR2018_block_provisional_distinct,,,"González Riga et al., 2016, 2018",MC0300; MC0225; MC0223,moderate,2,2,2,M19; M26,no,2019,2026,7,frozen-v1.0,NOT_YET_AUDITED,,,FROZEN_CURRENT_ID,high,Accepted in Phase 2 after source-first review; no supported older canonical equivalent was identified.,,NOT_PHASE3_C12_TARGET,,,NOT_PHASE4_DE12_TARGET,,,NOT_PHASE5_GA11_TARGET,,,NOT_PHASE6_M26_TARGET,,,FROZEN_V1,moderate,Canonical identity frozen in MacronariaMatrix v1.0.0 after the multi-phase lineage and duplicate audit.
MC0800,PEDAL_DIGIT_III_NUMBER_PHALANGES,"Pedal digit III, number of phalanges: 3 or more (0); 2 or fewer (1) (González Riga et al., 2008, 2016; Nair & Salisbury, 2012).",Mannion et al. (2019) supplied character list,M19:C423,inherited_GR2018_block_provisional_distinct,,,"González Riga et al., 2008, 2016; Nair & Salisbury, 2012",MC0410; MC0229; MC0233,moderate,2,2,2,M19; M26,no,2019,2026,7,frozen-v1.0,NOT_YET_AUDITED,,,FROZEN_CURRENT_ID,high,Accepted in Phase 2 after source-first review; no supported older canonical equivalent was identified.,,NOT_PHASE3_C12_TARGET,,,NOT_PHASE4_DE12_TARGET,,,NOT_PHASE5_GA11_TARGET,,,NOT_PHASE6_M26_TARGET,,,FROZEN_V1,moderate,Canonical identity frozen in MacronariaMatrix v1.0.0 after the multi-phase lineage and duplicate audit.
MC0801,PREMAXILLA_EXTERNAL_BEARS_ANTEROVEN_TRALLY_ORIENTATED_VASCULAR_GROOVES,"Premaxilla, external surface bears anteroven- trally orientated vascular grooves originating from an opening in the maxillary contact: absent or faint (0); present and strongly developed (1) (Wilson, 2002; Sereno et al., 2007).",Mannion et al. (2019) supplied character list,M19:C424,M19_added_block_provisional_distinct,,,"Wilson, 2002; Sereno et al., 2007",MC0415; MC0308; MC0328,moderate,2,2,2,M19; M26,no,2019,2026,7,frozen-v1.0,NOT_YET_AUDITED,,,FROZEN_CURRENT_ID,high,Accepted in Phase 2 after source-first review; no supported older canonical equivalent was identified.,,NOT_PHASE3_C12_TARGET,,,NOT_PHASE4_DE12_TARGET,,,NOT_PHASE5_GA11_TARGET,,,NOT_PHASE6_M26_TARGET,,,FROZEN_V1,moderate,Canonical identity frozen in MacronariaMatrix v1.0.0 after the multi-phase lineage and duplicate audit.
MC0803,PREFRONTAL_ANTERIOR_PORTION_MEDIAL_MARGIN_CURVES_ANTEROMEDIALLY_CLASP,"Prefrontal, anterior portion of medial margin curves anteromedially to clasp the anterolateral corner of the frontal between itself and the posterior process of the prefrontal: absent (0); present (1) (Tschopp et al., 2015a).",Mannion et al. (2019) supplied character list,M19:C427,M19_added_block_provisional_distinct,,,"Tschopp et al., 2015a",MC0015; MC0014; MC0017,moderate,2,2,2,M19; M26,no,2019,2026,7,frozen-v1.0,NOT_YET_AUDITED,,,FROZEN_CURRENT_ID,high,Accepted in Phase 2 after source-first review; no supported older canonical equivalent was identified.,,NOT_PHASE3_C12_TARGET,,,NOT_PHASE4_DE12_TARGET,,,NOT_PHASE5_GA11_TARGET,,,NOT_PHASE6_M26_TARGET,,,FROZEN_V1,moderate,Canonical identity frozen in MacronariaMatrix v1.0.0 after the multi-phase lineage and duplicate audit.
MC0804,FRONTAL_SUTURE_NASAL_DORSAL_VIEW,"Frontal, shape of suture with nasal in dorsal view: straight or slightly bowed anteriorly (0); V-shaped, pointing posteriorly (1) (Whitlock, 2011a).",Mannion et al. (2019) supplied character list,M19:C429,M19_added_block_provisional_distinct,,,"Whitlock, 2011a",MC0442; MC0014; MC0257,moderate,2,2,2,M19; M26,no,2019,2026,7,frozen-v1.0,NOT_YET_AUDITED,,,FROZEN_CURRENT_ID,high,Accepted in Phase 2 after source-first review; no supported older canonical equivalent was identified.,,NOT_PHASE3_C12_TARGET,,,NOT_PHASE4_DE12_TARGET,,,NOT_PHASE5_GA11_TARGET,,,NOT_PHASE6_M26_TARGET,,,FROZEN_V1,moderate,Canonical identity frozen in MacronariaMatrix v1.0.0 after the multi-phase lineage and duplicate audit.
MC0805,FRONTAL_DORSAL,"Frontal, dorsal surface: without paired grooves (0); grooves present, usually facing anterodor- sally and extending on to nasal (1) (Whitlock, 2011a; modified here).",Mannion et al. (2019) supplied character list,M19:C430,M19_added_block_provisional_distinct,,,"Whitlock, 2011a; modified here",MC0257; MC0076; MC0333,moderate,2,2,2,M19; M26,no,2019,2026,7,frozen-v1.0,NOT_YET_AUDITED,,,FROZEN_CURRENT_ID,high,Accepted in Phase 2 after source-first review; no supported older canonical equivalent was identified.,,NOT_PHASE3_C12_TARGET,,,NOT_PHASE4_DE12_TARGET,,,NOT_PHASE5_GA11_TARGET,,,NOT_PHASE6_M26_TARGET,,,FROZEN_V1,moderate,Canonical identity frozen in MacronariaMatrix v1.0.0 after the multi-phase lineage and duplicate audit.
MC0806,PARIETAL_SUTURE_EXOCCIPITAL_OPISTHOTIC,"Parietal, suture with exoccipital-opisthotic: linear, gently curved (0); sinuous (two broad subtri- angular processes from the parietal invade the exoc- cipital-opisthotic) (1); suture not visible because of co-ossification (2) (Harris, 2006b; modified here).",Mannion et al. (2019) supplied character list,M19:C431,M19_added_block_provisional_distinct,,,"Harris, 2006b; modified here",MC0258; MC0442; MC0414,moderate,2,2,2,M19; M26,no,2019,2026,7,frozen-v1.0,NOT_YET_AUDITED,,,FROZEN_CURRENT_ID,high,Accepted in Phase 2 after source-first review; no supported older canonical equivalent was identified.,,NOT_PHASE3_C12_TARGET,,,NOT_PHASE4_DE12_TARGET,,,NOT_PHASE5_GA11_TARGET,,,NOT_PHASE6_M26_TARGET,,,FROZEN_V1,moderate,Canonical identity frozen in MacronariaMatrix v1.0.0 after the multi-phase lineage and duplicate audit.
MC0809,SQUAMOSAL_ANTERIOR_EXTENT,"Squamosal, anterior extent: restricted to post- orbital region (0); extends well past posterior margin of orbit (1); extends beyond anterior margin of orbit (2) (Whitlock, 2011a) [ordered].",Mannion et al. (2019) supplied character list,M19:C435,M19_added_block_provisional_distinct,,,"Whitlock, 2011a",MC0066; MC0030; MC0010,moderate,2,2,2,M19; M26,no,2019,2026,7,frozen-v1.0,NOT_YET_AUDITED,,,FROZEN_CURRENT_ID,high,Accepted in Phase 2 after source-first review; no supported older canonical equivalent was identified.,,NOT_PHASE3_C12_TARGET,,,NOT_PHASE4_DE12_TARGET,,,NOT_PHASE5_GA11_TARGET,,,NOT_PHASE6_M26_TARGET,,,FROZEN_V1,moderate,Canonical identity frozen in MacronariaMatrix v1.0.0 after the multi-phase lineage and duplicate audit.
MC0810,SQUAMOSAL_POSTEROVENTRAL_MARGIN,"Squamosal, posteroventral margin: smooth, without ventral projection (0); with prominent, ven- trally directed ‘prong’ (1) (Whitlock, 2011a).",Mannion et al. (2019) supplied character list,M19:C436,M19_added_block_provisional_distinct,,,"Whitlock, 2011a",MC0031; MC0247; MC0312,moderate,2,2,2,M19; M26,no,2019,2026,7,frozen-v1.0,NOT_YET_AUDITED,,,FROZEN_CURRENT_ID,high,Accepted in Phase 2 after source-first review; no supported older canonical equivalent was identified.,,NOT_PHASE3_C12_TARGET,,,NOT_PHASE4_DE12_TARGET,,,NOT_PHASE5_GA11_TARGET,,,NOT_PHASE6_M26_TARGET,,,FROZEN_V1,moderate,Canonical identity frozen in MacronariaMatrix v1.0.0 after the multi-phase lineage and duplicate audit.
MC0811,SUPRAOCCIPITAL_SAGITTAL_NUCHAL_CREST,"Supraoccipital, sagittal nuchal crest: dimin- ishes strongly in prominence ventrally, so that it barely reaches the dorsal margin of the foramen magnum (0); prominent throughout its length, so that it reaches the dorsal margin of the foramen magnum as a prominent posterior projection (1) (Whitlock, 2011a; modified here).",Mannion et al. (2019) supplied character list,M19:C438,M19_added_block_provisional_distinct,,,"Whitlock, 2011a; modified here",MC0043; MC0021; MC0027,moderate,2,2,2,M19; M26,no,2019,2026,7,frozen-v1.0,NOT_YET_AUDITED,,,FROZEN_CURRENT_ID,high,Accepted in Phase 2 after source-first review; no supported older canonical equivalent was identified.,,NOT_PHASE3_C12_TARGET,,,NOT_PHASE4_DE12_TARGET,,,NOT_PHASE5_GA11_TARGET,,,NOT_PHASE6_M26_TARGET,,,FROZEN_V1,moderate,Canonical identity frozen in MacronariaMatrix v1.0.0 after the multi-phase lineage and duplicate audit.
MC0812,EXOCCIPITAL_DORSOLATERAL_MARGIN_POSTERIOR_VIEW_SPUR_BONE_CURVES,"Exoccipital, dorsolateral margin in posterior view, spur of bone curves dorsolaterally and then ventrolaterally to form the dorsomedial margin of the post-temporal fenestra: absent (0); present (1) (Xu et al., 2018).",Mannion et al. (2019) supplied character list,M19:C439,M19_added_block_provisional_distinct,,,"Xu et al., 2018",MC0022; MC0312; MC0004,moderate,2,2,2,M19; M26,no,2019,2026,7,frozen-v1.0,NOT_YET_AUDITED,,,FROZEN_CURRENT_ID,high,Accepted in Phase 2 after source-first review; no supported older canonical equivalent was identified.,,NOT_PHASE3_C12_TARGET,,,NOT_PHASE4_DE12_TARGET,,,NOT_PHASE5_GA11_TARGET,,,NOT_PHASE6_M26_TARGET,,,FROZEN_V1,moderate,Canonical identity frozen in MacronariaMatrix v1.0.0 after the multi-phase lineage and duplicate audit.
MC0813,EXOCCIPITAL_SMALL_DEEP_HORIZONTALLY_ORIENTED_GROOVE_IMMEDIATELY_LATERAL,"Exoccipital, small, deep, horizontally oriented groove immediately lateral to each of the proatlan- tal facets (where present): absent (0); present (1) (Xu et al., 2018).",Mannion et al. (2019) supplied character list,M19:C440,M19_added_block_provisional_distinct,,,"Xu et al., 2018",MC0262; MC0294; MC0256,moderate,2,2,2,M19; M26,no,2019,2026,7,frozen-v1.0,NOT_YET_AUDITED,,,FROZEN_CURRENT_ID,high,Accepted in Phase 2 after source-first review; no supported older canonical equivalent was identified.,,NOT_PHASE3_C12_TARGET,,,NOT_PHASE4_DE12_TARGET,,,NOT_PHASE5_GA11_TARGET,,,NOT_PHASE6_M26_TARGET,,,FROZEN_V1,moderate,Canonical identity frozen in MacronariaMatrix v1.0.0 after the multi-phase lineage and duplicate audit.
MC0814,CRISTA_PROOTICA_LEAF_LIKE_DORSOLATERALLY_DIRECTED_NEAR_BASE,"Crista prootica (otosphenoidal ridge), ‘leaf’- like dorsolaterally directed process near the base of the basipterygoid process: absent (0); present (1) (Salgado & Calvo, 1992; Upchurch, 1995).",Mannion et al. (2019) supplied character list,M19:C441,M19_added_block_provisional_distinct,,,"Salgado & Calvo, 1992; Upchurch, 1995",MC0045; MC0051; MC0441,moderate,2,2,2,M19; M26,no,2019,2026,7,frozen-v1.0,NOT_YET_AUDITED,,,FROZEN_CURRENT_ID,high,Accepted in Phase 2 after source-first review; no supported older canonical equivalent was identified.,,NOT_PHASE3_C12_TARGET,,,NOT_PHASE4_DE12_TARGET,,,NOT_PHASE5_GA11_TARGET,,,NOT_PHASE6_M26_TARGET,,,FROZEN_V1,moderate,Canonical identity frozen in MacronariaMatrix v1.0.0 after the multi-phase lineage and duplicate audit.
MC0815,BASISPHENOID_AREA_BETWEEN_BASIPTERYGOID_PROCESSES_PARASPHENOID_ROSTRUM,"Basisphenoid, area between the basipterygoid processes and parasphenoid rostrum: is a mildly con- cave subtriangular region (0); forms a deep slot-like cavity that passes posteriorly between the bases of the basipterygoid processes (1) (Upchurch, 1995, 1998).",Mannion et al. (2019) supplied character list,M19:C442,M19_added_block_provisional_distinct,,,"Upchurch, 1995, 1998",MC0051; MC0047; MC0053,moderate,2,2,2,M19; M26,no,2019,2026,7,frozen-v1.0,NOT_YET_AUDITED,,,FROZEN_CURRENT_ID,high,Accepted in Phase 2 after source-first review; no supported older canonical equivalent was identified.,,NOT_PHASE3_C12_TARGET,,,NOT_PHASE4_DE12_TARGET,,,NOT_PHASE5_GA11_TARGET,,,NOT_PHASE6_M26_TARGET,,,FROZEN_V1,moderate,Canonical identity frozen in MacronariaMatrix v1.0.0 after the multi-phase lineage and duplicate audit.
MC0817,BASAL_TUBERA_POSTERIOR_FACE,"Basal tubera, shape of posterior face: convex (0); flat or slightly concave (1) (Whitlock, 2011a; Tschopp et al., 2015a).",Mannion et al. (2019) supplied character list,M19:C444,M19_added_block_provisional_distinct,,,"Whitlock, 2011a; Tschopp et al., 2015a",MC0404; MC0049; MC0463,moderate,2,2,2,M19; M26,no,2019,2026,7,frozen-v1.0,NOT_YET_AUDITED,,,FROZEN_CURRENT_ID,high,Accepted in Phase 2 after source-first review; no supported older canonical equivalent was identified.,,NOT_PHASE3_C12_TARGET,,,NOT_PHASE4_DE12_TARGET,,,NOT_PHASE5_GA11_TARGET,,,NOT_PHASE6_M26_TARGET,,,FROZEN_V1,moderate,Canonical identity frozen in MacronariaMatrix v1.0.0 after the multi-phase lineage and duplicate audit.
MC0818,BASAL_TUBERA_LONG_AXES_THEIR_FREE_DISTAL_TIPS,"Basal tubera, long-axes of their free distal tips in ventral view: subparallel to each other and extend- ing transversely with respect to the long-axis of the basicranium (0); long-axis of each tuberal tip directed posteromedially, creating a ‘V’-shape pointing towards the occipital condyle (1) (Tschopp et al., 2015a).",Mannion et al. (2019) supplied character list,M19:C445,M19_added_block_provisional_distinct,,,"Tschopp et al., 2015a",MC0049; MC0317; MC0203,moderate,2,2,2,M19; M26,no,2019,2026,7,frozen-v1.0,NOT_YET_AUDITED,,,FROZEN_CURRENT_ID,high,Accepted in Phase 2 after source-first review; no supported older canonical equivalent was identified.,,NOT_PHASE3_C12_TARGET,,,NOT_PHASE4_DE12_TARGET,,,NOT_PHASE5_GA11_TARGET,,,NOT_PHASE6_M26_TARGET,,,FROZEN_V1,moderate,Canonical identity frozen in MacronariaMatrix v1.0.0 after the multi-phase lineage and duplicate audit.
MC0819,BASAL_TUBERA_VENTROLATERAL_TIP_EACH_BASAL_TUBER_PROJECTS,"Basal tubera, ventrolateral tip of each basal tuber projects anteriorly, giving its free distal surface an ‘L’-shaped profile in ventral view: absent (0); pre- sent (1) (new character: based on Royo-Torres et al., 2017a).",Mannion et al. (2019) supplied character list,M19:C446,M19_added_block_provisional_distinct,,,"new character: based on Royo-Torres et al., 2017a",MC0049; MC0050; MC0048,moderate,2,2,2,M19; M26,no,2019,2026,7,frozen-v1.0,NOT_YET_AUDITED,,,FROZEN_CURRENT_ID,high,Accepted in Phase 2 after source-first review; no supported older canonical equivalent was identified.,,NOT_PHASE3_C12_TARGET,,,NOT_PHASE4_DE12_TARGET,,,NOT_PHASE5_GA11_TARGET,,,NOT_PHASE6_M26_TARGET,,,FROZEN_V1,moderate,Canonical identity frozen in MacronariaMatrix v1.0.0 after the multi-phase lineage and duplicate audit.
MC0820,BASIPTERYGOID_PROCESSES_DISTAL_END_TRANS_VERSE_EXPANSION,"Basipterygoid processes, distal end trans- verse expansion: absent (distal end transverse width is subequal to, or less than, the transverse width at the midlength of the process) (0); expanded (marked and rapid transverse expansion close to the distal end) (1) (Tschopp et al., 2015a).",Mannion et al. (2019) supplied character list,M19:C448,M19_added_block_provisional_distinct,,,"Tschopp et al., 2015a",MC0299; MC0447; MC0354,moderate,2,2,2,M19; M26,no,2019,2026,7,frozen-v1.0,NOT_YET_AUDITED,,,FROZEN_CURRENT_ID,high,Accepted in Phase 2 after source-first review; no supported older canonical equivalent was identified.,,NOT_PHASE3_C12_TARGET,,,NOT_PHASE4_DE12_TARGET,,,NOT_PHASE5_GA11_TARGET,,,NOT_PHASE6_M26_TARGET,,,FROZEN_V1,moderate,Canonical identity frozen in MacronariaMatrix v1.0.0 after the multi-phase lineage and duplicate audit.
MC0822,DENTARY_TUBEROSITY_LABIAL_NEAR_SYMPHYSIS,"Dentary, tuberosity on labial surface near symphysis: absent (0); present (1) (Whitlock, 2011a).",Mannion et al. (2019) supplied character list,M19:C451,M19_added_block_provisional_distinct,,,"Whitlock, 2011a",MC0333; MC0393; MC0057,moderate,2,2,2,M19; M26,no,2019,2026,7,frozen-v1.0,NOT_YET_AUDITED,,,FROZEN_CURRENT_ID,high,Accepted in Phase 2 after source-first review; no supported older canonical equivalent was identified.,,NOT_PHASE3_C12_TARGET,,,NOT_PHASE4_DE12_TARGET,,,NOT_PHASE5_GA11_TARGET,,,NOT_PHASE6_M26_TARGET,,,FROZEN_V1,moderate,Canonical identity frozen in MacronariaMatrix v1.0.0 after the multi-phase lineage and duplicate audit.
MC0823,DENTARY_TOOTH_ROW_DORSAL_VIEW,"Dentary, shape of tooth row in dorsal view: fol- lows curvature of rest of the dentary (0); bows outward relative to rest of the dentary (1) (Whitlock & Harris, 2010; Tschopp et al., 2015a).",Mannion et al. (2019) supplied character list,M19:C452,M19_added_block_provisional_distinct,,,"Whitlock & Harris, 2010; Tschopp et al., 2015a",MC0055; MC0247; MC0073,moderate,2,2,2,M19; M26,no,2019,2026,7,frozen-v1.0,NOT_YET_AUDITED,,,FROZEN_CURRENT_ID,high,Accepted in Phase 2 after source-first review; no supported older canonical equivalent was identified.,,NOT_PHASE3_C12_TARGET,,,NOT_PHASE4_DE12_TARGET,,,NOT_PHASE5_GA11_TARGET,,,NOT_PHASE6_M26_TARGET,,,FROZEN_V1,moderate,Canonical identity frozen in MacronariaMatrix v1.0.0 after the multi-phase lineage and duplicate audit.
MC0825,TOOTH_CROWNS_ENAMEL_THICKNESS_ASYMMETRIC_LABIOLINGUALLY,"Tooth crowns, enamel thickness, asymmetric labiolingually: absent (0); present (1) (Whitlock, 2011a).",Mannion et al. (2019) supplied character list,M19:C454,M19_added_block_provisional_distinct,,,"Whitlock, 2011a",MC0069; MC0331; MC0333,moderate,2,2,2,M19; M26,no,2019,2026,7,frozen-v1.0,NOT_YET_AUDITED,,,FROZEN_CURRENT_ID,high,Accepted in Phase 2 after source-first review; no supported older canonical equivalent was identified.,,NOT_PHASE3_C12_TARGET,,,NOT_PHASE4_DE12_TARGET,,,NOT_PHASE5_GA11_TARGET,,,NOT_PHASE6_M26_TARGET,,,FROZEN_V1,moderate,Canonical identity frozen in MacronariaMatrix v1.0.0 after the multi-phase lineage and duplicate audit.
MC0826,ATLANTAL_INTERCENTRUM_FORAMEN_VENTRAL_CLOSE_POSTERIOR_MARGIN,"Atlantal intercentrum, foramen on ventral surface, close to the posterior margin (between the posterior ventrolateral processes): absent (0); present (1) (Tschopp et al., 2015a).",Mannion et al. (2019) supplied character list,M19:C455,M19_added_block_provisional_distinct,,,"Tschopp et al., 2015a",MC0079; MC0380; MC0250,moderate,2,2,2,M19; M26,no,2019,2026,7,frozen-v1.0,NOT_YET_AUDITED,,,FROZEN_CURRENT_ID,high,Accepted in Phase 2 after source-first review; no supported older canonical equivalent was identified.,,NOT_PHASE3_C12_TARGET,,,NOT_PHASE4_DE12_TARGET,,,NOT_PHASE5_GA11_TARGET,,,NOT_PHASE6_M26_TARGET,,,FROZEN_V1,moderate,Canonical identity frozen in MacronariaMatrix v1.0.0 after the multi-phase lineage and duplicate audit.
MC0827,POSTAXIAL_CERVICAL_CENTRA_RIDGE_DIVIDING_LAT_ERAL_PNEUMATIC,"Postaxial cervical centra, ridge dividing lat- eral pneumatic foramen: not confluent with lateral surface of remainder of centrum (0); confluent with lat- eral surface of remainder of centrum, dorsal and ven- tral to foramen (1) (new character: based on Mannion et al., 2012).",Mannion et al. (2019) supplied character list,M19:C456,M19_added_block_provisional_distinct,,,"new character: based on Mannion et al., 2012",MC0001; MC0336; MC0087,moderate,2,2,2,M19; M26,no,2019,2026,7,frozen-v1.0,NOT_YET_AUDITED,,,FROZEN_CURRENT_ID,high,Accepted in Phase 2 after source-first review; no supported older canonical equivalent was identified.,,NOT_PHASE3_C12_TARGET,,,NOT_PHASE4_DE12_TARGET,,,NOT_PHASE5_GA11_TARGET,,,NOT_PHASE6_M26_TARGET,,,FROZEN_V1,moderate,Canonical identity frozen in MacronariaMatrix v1.0.0 after the multi-phase lineage and duplicate audit.
MC0828,POSTAXIAL_CERVICAL_CENTRA_SMALL_FOSSA_POSTEROVENTRAL_CORNER_LATERAL,"Postaxial cervical centra, small fossa on posteroventral corner of lateral surface: absent (0); shallow, anteroposteriorly elongate fossa present, posteroventral to main lateral pneumatic opening (1) (Whitlock, 2011b; Tschopp & Mateus, 2013).",Mannion et al. (2019) supplied character list,M19:C457,M19_added_block_provisional_distinct,,,"Whitlock, 2011b; Tschopp & Mateus, 2013",MC0086; MC0270; MC0206,moderate,2,2,2,M19; M26,no,2019,2026,7,frozen-v1.0,NOT_YET_AUDITED,,,FROZEN_CURRENT_ID,high,Accepted in Phase 2 after source-first review; no supported older canonical equivalent was identified.,,NOT_PHASE3_C12_TARGET,,,NOT_PHASE4_DE12_TARGET,,,NOT_PHASE5_GA11_TARGET,,,NOT_PHASE6_M26_TARGET,,,FROZEN_V1,moderate,Canonical identity frozen in MacronariaMatrix v1.0.0 after the multi-phase lineage and duplicate audit.
MC0829,ANTERIOR_CERVICAL_CENTRA_PAIRED_PNEUMATIC_FOSSAE_ANTERIOR_PART,"Anterior cervical centra, paired pneumatic fossae on anterior part of ventral surface: absent (0); present (1) (Whitlock, 2011a).",Mannion et al. (2019) supplied character list,M19:C458,M19_added_block_provisional_distinct,,,"Whitlock, 2011a",MC0084; MC0085; MC0086,moderate,2,2,2,M19; M26,no,2019,2026,7,frozen-v1.0,NOT_YET_AUDITED,,,FROZEN_CURRENT_ID,high,Accepted in Phase 2 after source-first review; no supported older canonical equivalent was identified.,,NOT_PHASE3_C12_TARGET,,,NOT_PHASE4_DE12_TARGET,,,NOT_PHASE5_GA11_TARGET,,,NOT_PHASE6_M26_TARGET,,,FROZEN_V1,moderate,Canonical identity frozen in MacronariaMatrix v1.0.0 after the multi-phase lineage and duplicate audit.
MC0830,ANTERIOR_CERVICAL_NEURAL_SPINES_PRESPINAL_LAMINA,"Anterior cervical (unbifurcated) neural spines, prespinal lamina: absent (0); present (1) (Curry Rogers, 2005; polarity reversed here).",Mannion et al. (2019) supplied character list,M19:C459,M19_added_block_provisional_distinct,,,"Curry Rogers, 2005; polarity reversed here",MC0123; MC0275; MC0085,moderate,2,2,2,M19; M26,no,2019,2026,7,frozen-v1.0,NOT_YET_AUDITED,,,FROZEN_CURRENT_ID,high,Accepted in Phase 2 after source-first review; no supported older canonical equivalent was identified.,,NOT_PHASE3_C12_TARGET,,,NOT_PHASE4_DE12_TARGET,,,NOT_PHASE5_GA11_TARGET,,,NOT_PHASE6_M26_TARGET,,,FROZEN_V1,moderate,Canonical identity frozen in MacronariaMatrix v1.0.0 after the multi-phase lineage and duplicate audit.
MC0831,MIDDLE_CERVICAL_NEURAL_SPINES_ORIENTATION_ANTERIOR_MARGIN_LATERAL,"Middle cervical neural spines, orientation of anterior margin in lateral view: vertical or sloping pos- terodorsally (0); anteriorly inclined (1) (Rauhut et al., 2005).",Mannion et al. (2019) supplied character list,M19:C460,M19_added_block_provisional_distinct,,,"Rauhut et al., 2005",MC0133; MC0273; MC0085,moderate,2,2,2,M19; M26,no,2019,2026,7,frozen-v1.0,NOT_YET_AUDITED,,,FROZEN_CURRENT_ID,high,Accepted in Phase 2 after source-first review; no supported older canonical equivalent was identified.,,NOT_PHASE3_C12_TARGET,,,NOT_PHASE4_DE12_TARGET,,,NOT_PHASE5_GA11_TARGET,,,NOT_PHASE6_M26_TARGET,,,FROZEN_V1,moderate,Canonical identity frozen in MacronariaMatrix v1.0.0 after the multi-phase lineage and duplicate audit.
MC0832,MIDDLE_CERVICAL_NEURAL_SPINES_ANGLE_BETWEEN_PODL_SPOL,"Middle cervical neural spines, angle between PODL and SPOL in lateral view: acute, less than 85º (usually close to 45º) (0); 85º or more (usually 90º) (1) (Rauhut et al., 2005; Whitlock, 2011a).",Mannion et al. (2019) supplied character list,M19:C461,M19_added_block_provisional_distinct,,,"Rauhut et al., 2005; Whitlock, 2011a",MC0085; MC0268; MC0267,moderate,2,2,2,M19; M26,no,2019,2026,7,frozen-v1.0,NOT_YET_AUDITED,,,FROZEN_CURRENT_ID,high,Accepted in Phase 2 after source-first review; no supported older canonical equivalent was identified.,,NOT_PHASE3_C12_TARGET,,,NOT_PHASE4_DE12_TARGET,,,NOT_PHASE5_GA11_TARGET,,,NOT_PHASE6_M26_TARGET,,,FROZEN_V1,moderate,Canonical identity frozen in MacronariaMatrix v1.0.0 after the multi-phase lineage and duplicate audit.
MC0833,POSTERIOR_CERVICAL_NEURAL_SPINES_SHARP_LIPPED_DORSOVENTRALLY_ELONGATE,"Posterior cervical neural spines, sharp- lipped dorsoventrally elongate coel on lateral surface, located in anterior part of SDF: absent (0); present (1) (Mannion et al., 2012).",Mannion et al. (2019) supplied character list,M19:C462,M19_added_block_provisional_distinct,,,"Mannion et al., 2012",MC0117; MC0267; MC0089,moderate,2,2,2,M19; M26,no,2019,2026,7,frozen-v1.0,NOT_YET_AUDITED,,,FROZEN_CURRENT_ID,high,Accepted in Phase 2 after source-first review; no supported older canonical equivalent was identified.,,NOT_PHASE3_C12_TARGET,,,NOT_PHASE4_DE12_TARGET,,,NOT_PHASE5_GA11_TARGET,,,NOT_PHASE6_M26_TARGET,,,FROZEN_V1,moderate,Canonical identity frozen in MacronariaMatrix v1.0.0 after the multi-phase lineage and duplicate audit.
MC0834,POSTERIOR_CERVICAL_ANTERIOR_DORSAL_BIFID_NEURAL_SPINES_METAPOPHYSES,"Posterior cervical and/or anterior dorsal bifid neural spines, morphology of metapophyses in anterior view: widely diverging (0); narrow, parallel to converg- ing (1) (Rauhut et al., 2005).",Mannion et al. (2019) supplied character list,M19:C463,M19_added_block_provisional_distinct,,,"Rauhut et al., 2005",MC0089; MC0090; MC0271,moderate,2,2,2,M19; M26,no,2019,2026,7,frozen-v1.0,NOT_YET_AUDITED,,,FROZEN_CURRENT_ID,high,Accepted in Phase 2 after source-first review; no supported older canonical equivalent was identified.,,NOT_PHASE3_C12_TARGET,,,NOT_PHASE4_DE12_TARGET,,,NOT_PHASE5_GA11_TARGET,,,NOT_PHASE6_M26_TARGET,,,FROZEN_V1,moderate,Canonical identity frozen in MacronariaMatrix v1.0.0 after the multi-phase lineage and duplicate audit.
MC0835,CERVICAL_RIBS_DISTAL_BLADE,"Cervical ribs, distal blade: single (0); bifurcates into dorsal and ventral processes (1) (new character: based on: Royo-Torres et al., 2006; Britt et al., 2017).",Mannion et al. (2019) supplied character list,M19:C464,M19_added_block_provisional_distinct,,,"new character: based on: Royo-Torres et al., 2006; Britt et al., 2017",MC0089; MC0433; MC0085,moderate,2,2,2,M19; M26,no,2019,2026,7,frozen-v1.0,NOT_YET_AUDITED,,,FROZEN_CURRENT_ID,high,Accepted in Phase 2 after source-first review; no supported older canonical equivalent was identified.,,NOT_PHASE3_C12_TARGET,,,NOT_PHASE4_DE12_TARGET,,,NOT_PHASE5_GA11_TARGET,,,NOT_PHASE6_M26_TARGET,,,FROZEN_V1,moderate,Canonical identity frozen in MacronariaMatrix v1.0.0 after the multi-phase lineage and duplicate audit.
MC0836,ANTERIOR_MIDDLE_CERVICAL_RIBS_TUBERCULUM_LATERAL_VIEW,"Anterior–middle cervical ribs, tuberculum in lateral view: nearly vertical (0); oriented posterodor- sally (1) (Tschopp et al., 2015a).",Mannion et al. (2019) supplied character list,M19:C465,M19_added_block_provisional_distinct,,,"Tschopp et al., 2015a",MC0266; MC0298; MC0133,moderate,2,2,2,M19; M26,no,2019,2026,7,frozen-v1.0,NOT_YET_AUDITED,,,FROZEN_CURRENT_ID,high,Accepted in Phase 2 after source-first review; no supported older canonical equivalent was identified.,,NOT_PHASE3_C12_TARGET,,,NOT_PHASE4_DE12_TARGET,,,NOT_PHASE5_GA11_TARGET,,,NOT_PHASE6_M26_TARGET,,,FROZEN_V1,moderate,Canonical identity frozen in MacronariaMatrix v1.0.0 after the multi-phase lineage and duplicate audit.
MC0837,DORSAL_CENTRA_ANTEROPOSTERIOR_LENGTH_INCREASES_REMAINS_APPROXI_MATELY,"Dorsal centra, anteroposterior length (exclud- ing articular condyle), increases or remains approxi- mately the same along the sequence (0); shortens from anterior to posterior dorsal vertebrae (1) (Mannion et al., 2012; modified here).",Mannion et al. (2019) supplied character list,M19:C466,M19_added_block_provisional_distinct,,,"Mannion et al., 2012; modified here",MC0086; MC0120; MC0276,moderate,2,2,2,M19; M26,no,2019,2026,7,frozen-v1.0,NOT_YET_AUDITED,,,FROZEN_CURRENT_ID,high,Accepted in Phase 2 after source-first review; no supported older canonical equivalent was identified.,,NOT_PHASE3_C12_TARGET,,,NOT_PHASE4_DE12_TARGET,,,NOT_PHASE5_GA11_TARGET,,,NOT_PHASE6_M26_TARGET,,,FROZEN_V1,moderate,Canonical identity frozen in MacronariaMatrix v1.0.0 after the multi-phase lineage and duplicate audit.
MC0838,ANTERIORMOST_DORSAL_DIAPOPHYSES_FOSSA_TERIOR_CLOSE_DISTAL_END,"Anteriormost dorsal diapophyses, fossa on an- terior surface, close to distal end: absent (0); present (1) [ew character; note that this is a second fossa, lat- eral to the prezygapophyseal centrodiapophyseal fossa (PRCDF)].",Mannion et al. (2019) supplied character list,M19:C467,M19_added_block_provisional_distinct,,,,MC0033; MC0272; MC0007,moderate,2,2,2,M19; M26,no,2019,2026,7,frozen-v1.0,NOT_YET_AUDITED,,,FROZEN_CURRENT_ID,high,Accepted in Phase 2 after source-first review; no supported older canonical equivalent was identified.,,NOT_PHASE3_C12_TARGET,,,NOT_PHASE4_DE12_TARGET,,,NOT_PHASE5_GA11_TARGET,,,NOT_PHASE6_M26_TARGET,,,FROZEN_V1,moderate,Canonical identity frozen in MacronariaMatrix v1.0.0 after the multi-phase lineage and duplicate audit.
MC0839,ANTERIORMOST_DORSAL_NEURAL_SPINES_EPIPOPHY_SES,"Anteriormost dorsal neural spines, epipophy- ses: absent (0); present (1) (new character; note that taxa that lack epipophyses in presacral vertebrae al- together [i.e. that are scored as ‘0’ for C127] are not scored for this character).",Mannion et al. (2019) supplied character list,M19:C468,M19_added_block_provisional_distinct,,,,MC0271; MC0274; MC0089,moderate,2,2,2,M19; M26,no,2019,2026,7,frozen-v1.0,NOT_YET_AUDITED,,,FROZEN_CURRENT_ID,high,Accepted in Phase 2 after source-first review; no supported older canonical equivalent was identified.,,NOT_PHASE3_C12_TARGET,,,NOT_PHASE4_DE12_TARGET,,,NOT_PHASE5_GA11_TARGET,,,NOT_PHASE6_M26_TARGET,,,FROZEN_V1,moderate,Canonical identity frozen in MacronariaMatrix v1.0.0 after the multi-phase lineage and duplicate audit.
MC0840,ANTERIORMOST_DORSAL_NEURAL_SPINES_HEIGHT_SPINOPOSTZYGAPOPHYSEAL_LAMINAE,"Anteriormost dorsal neural spines, height relative to spinopostzygapophyseal laminae (and epipophyses, where present): project well beyond SPOLs (0); approximately level with SPOLs (1) (new character).",Mannion et al. (2019) supplied character list,M19:C469,M19_added_block_provisional_distinct,,,,MC0356; MC0426; MC0093,moderate,2,2,2,M19; M26,no,2019,2026,7,frozen-v1.0,NOT_YET_AUDITED,,,FROZEN_CURRENT_ID,high,Accepted in Phase 2 after source-first review; no supported older canonical equivalent was identified.,,NOT_PHASE3_C12_TARGET,,,NOT_PHASE4_DE12_TARGET,,,NOT_PHASE5_GA11_TARGET,,,NOT_PHASE6_M26_TARGET,,,FROZEN_V1,moderate,Canonical identity frozen in MacronariaMatrix v1.0.0 after the multi-phase lineage and duplicate audit.
MC0841,DORSAL_NEURAL_SPINES_VENTRAL_PORTION_SPINOPREZYGAPO_PHYSEAL_LAMINA,"Dorsal neural spines (excluding anteriormost dorsal vertebrae), ventral portion of spinoprezygapo- physeal lamina (SPRL): contacts the prezygapophysis (0); contacts the diapophysis following ‘lamina capture’ (1) (new character: based on Wilson, 2012).",Mannion et al. (2019) supplied character list,M19:C470,M19_added_block_provisional_distinct,,,"new character: based on Wilson, 2012",MC0121; MC0122; MC0432,moderate,2,2,2,M19; M26,no,2019,2026,7,frozen-v1.0,NOT_YET_AUDITED,,,FROZEN_CURRENT_ID,high,Accepted in Phase 2 after source-first review; no supported older canonical equivalent was identified.,,NOT_PHASE3_C12_TARGET,,,NOT_PHASE4_DE12_TARGET,,,NOT_PHASE5_GA11_TARGET,,,NOT_PHASE6_M26_TARGET,,,FROZEN_V1,moderate,Canonical identity frozen in MacronariaMatrix v1.0.0 after the multi-phase lineage and duplicate audit.
MC0842,DORSAL_NEURAL_SPINES_SPINODIAPOPHYSEAL_WEBBING,"Dorsal neural spines, spinodiapophyseal webbing: laminae follow curvature of neural spine and diapophysis in anterior view (0); laminae ‘fes- tooned’ from spine, dorsal margin does not closely fol- low shape of neural spine and diapophysis (1) (Sereno et al., 2007).",Mannion et al. (2019) supplied character list,M19:C471,M19_added_block_provisional_distinct,,,"Sereno et al., 2007",MC0427; MC0104; MC0275,moderate,2,2,2,M19; M26,no,2019,2026,7,frozen-v1.0,NOT_YET_AUDITED,,,FROZEN_CURRENT_ID,high,Accepted in Phase 2 after source-first review; no supported older canonical equivalent was identified.,,NOT_PHASE3_C12_TARGET,,,NOT_PHASE4_DE12_TARGET,,,NOT_PHASE5_GA11_TARGET,,,NOT_PHASE6_M26_TARGET,,,FROZEN_V1,moderate,Canonical identity frozen in MacronariaMatrix v1.0.0 after the multi-phase lineage and duplicate audit.
MC0843,MIDDLE_POSTERIOR_DORSAL_NEURAL_ARCHES_PAIRED_SHARP_LIPPED,"Middle and posterior dorsal neural arches, paired, sharp-lipped fossae within arch fossa, dorso- lateral to neural canal and medial to CPRLs/CPOLs: absent (0); present as shallow excavations (1); present and extend anteroposteriorly throughout the neural arch as foramina (2) (Sereno et al., 2007; Whitlock 2011a; Tschopp et al., 2015a; Wilson & Allain, 2015; modified here) [ordered].",Mannion et al. (2019) supplied character list,M19:C472,M19_added_block_provisional_distinct,,,"Sereno et al., 2007; Whitlock 2011a; Tschopp et al., 2015a; Wilson & Allain, 2015; modified here",MC0099; MC0097; MC0125,moderate,2,2,2,M19; M26,no,2019,2026,7,frozen-v1.0,NOT_YET_AUDITED,,,FROZEN_CURRENT_ID,high,Accepted in Phase 2 after source-first review; no supported older canonical equivalent was identified.,,NOT_PHASE3_C12_TARGET,,,NOT_PHASE4_DE12_TARGET,,,NOT_PHASE5_GA11_TARGET,,,NOT_PHASE6_M26_TARGET,,,FROZEN_V1,moderate,Canonical identity frozen in MacronariaMatrix v1.0.0 after the multi-phase lineage and duplicate audit.
MC0844,MIDDLE_POSTERIOR_DORSAL_NEURAL_ARCHES_CENTROPREZYGAPOPHYSEAL_LAMINA,"Middle and posterior dorsal neural arches, centroprezygapophyseal lamina (CPRL): single, un- divided (0); bifurcates (or excavated) toward upper end, forming a centroprezygapophyseal lamina fossa [CPRL-F (‘anterior infrazygapophyseal fossa’)] (1) (Upchurch, 1995; Curry Rogers, 2005; D’Emic et al., 2013).",Mannion et al. (2019) supplied character list,M19:C473,M19_added_block_provisional_distinct,,,"Upchurch, 1995; Curry Rogers, 2005; D’Emic et al., 2013",MC0088; MC0100; MC0095,moderate,2,2,2,M19; M26,no,2019,2026,7,frozen-v1.0,NOT_YET_AUDITED,,,FROZEN_CURRENT_ID,high,Accepted in Phase 2 after source-first review; no supported older canonical equivalent was identified.,,NOT_PHASE3_C12_TARGET,,,NOT_PHASE4_DE12_TARGET,,,NOT_PHASE5_GA11_TARGET,,,NOT_PHASE6_M26_TARGET,,,FROZEN_V1,moderate,Canonical identity frozen in MacronariaMatrix v1.0.0 after the multi-phase lineage and duplicate audit.
MC0845,MIDDLE_POSTERIOR_DORSAL_NEURAL_ARCHES_CENTROPOSTZYGAPOPHYSEAL_LAMINA,"Middle and posterior dorsal neural arches, shape of centropostzygapophyseal lamina (CPOL): single (0); divided, left and right medial CPOLs unit- ing beneath hyposphene, lateral CPOLs extending towards the anterior part of each postzygapophysis and/or merging into the posterior face of the PCDL (1) (Wilson, 2002; modified here).",Mannion et al. (2019) supplied character list,M19:C474,M19_added_block_provisional_distinct,,,"Wilson, 2002; modified here",MC0095; MC0100; MC0098,moderate,2,2,2,M19; M26,no,2019,2026,7,frozen-v1.0,NOT_YET_AUDITED,,,FROZEN_CURRENT_ID,high,Accepted in Phase 2 after source-first review; no supported older canonical equivalent was identified.,,NOT_PHASE3_C12_TARGET,,,NOT_PHASE4_DE12_TARGET,,,NOT_PHASE5_GA11_TARGET,,,NOT_PHASE6_M26_TARGET,,,FROZEN_V1,moderate,Canonical identity frozen in MacronariaMatrix v1.0.0 after the multi-phase lineage and duplicate audit.
MC0846,MIDDLE_POSTERIOR_DORSAL_NEURAL_ARCHES_PREZYGAPOPHYSES,"Middle and posterior dorsal neural arches, morphology of prezygapophyses: separated from each other by a gap or TPRL on the midline (0); confluent (1) (new character: based on: Apesteguía et al., 2010; Wilson & Allain, 2015).",Mannion et al. (2019) supplied character list,M19:C475,M19_added_block_provisional_distinct,,,"new character: based on: Apesteguía et al., 2010; Wilson & Allain, 2015",MC0097; MC0099; MC0100,moderate,2,2,2,M19; M26,no,2019,2026,7,frozen-v1.0,NOT_YET_AUDITED,,,FROZEN_CURRENT_ID,high,Accepted in Phase 2 after source-first review; no supported older canonical equivalent was identified.,,NOT_PHASE3_C12_TARGET,,,NOT_PHASE4_DE12_TARGET,,,NOT_PHASE5_GA11_TARGET,,,NOT_PHASE6_M26_TARGET,,,FROZEN_V1,moderate,Canonical identity frozen in MacronariaMatrix v1.0.0 after the multi-phase lineage and duplicate audit.
MC0847,POSTERIOR_DORSAL_NEURAL_ARCHES_PARAPOPHYSIS_POSITION,"Posterior dorsal neural arches, parapophysis position: ventral to or level with the prezygapophy- sis (0); dorsal to the prezygapophysis (1) (Whitlock, 2011a).",Mannion et al. (2019) supplied character list,M19:C477,M19_added_block_provisional_distinct,,,"Whitlock, 2011a",MC0097; MC0098; MC0100,moderate,2,2,2,M19; M26,no,2019,2026,7,frozen-v1.0,NOT_YET_AUDITED,,,FROZEN_CURRENT_ID,high,Accepted in Phase 2 after source-first review; no supported older canonical equivalent was identified.,,NOT_PHASE3_C12_TARGET,,,NOT_PHASE4_DE12_TARGET,,,NOT_PHASE5_GA11_TARGET,,,NOT_PHASE6_M26_TARGET,,,FROZEN_V1,moderate,Canonical identity frozen in MacronariaMatrix v1.0.0 after the multi-phase lineage and duplicate audit.
MC0848,POSTERIOR_DORSAL_NEURAL_ARCHES_ACCESSORY_LAMINA_POCDF_LINKING,"Posterior dorsal neural arches, accessory lamina in POCDF linking hyposphene to PCDL: ab- sent (0); present (1) (Mannion et al., 2012; Tschopp et al., 2015a; taxa that lack a hyposphene are scored with state ‘?’).",Mannion et al. (2019) supplied character list,M19:C478,M19_added_block_provisional_distinct,,,"Mannion et al., 2012; Tschopp et al., 2015a; taxa that lack a hyposphene are scored with state ‘?’",MC0106; MC0103; MC0099,moderate,2,2,2,M19; M26,no,2019,2026,7,frozen-v1.0,NOT_YET_AUDITED,,,FROZEN_CURRENT_ID,high,Accepted in Phase 2 after source-first review; no supported older canonical equivalent was identified.,,NOT_PHASE3_C12_TARGET,,,NOT_PHASE4_DE12_TARGET,,,NOT_PHASE5_GA11_TARGET,,,NOT_PHASE6_M26_TARGET,,,FROZEN_V1,moderate,Canonical identity frozen in MacronariaMatrix v1.0.0 after the multi-phase lineage and duplicate audit.
MC0849,MIDDLE_POSTERIOR_DORSAL_TRANSVERSE_PRO_CESSES_ANTERIOR_EXCAVATED,"Middle–posterior dorsal transverse pro- cesses, anterior surface excavated by a mediolaterally elongate, channel-like fossa or fenestra (laterodiapo- physeal fossa): absent (0); present (1) (new character: based on Ibiricu et al., 2013).",Mannion et al. (2019) supplied character list,M19:C479,M19_added_block_provisional_distinct,,,"new character: based on Ibiricu et al., 2013",MC0033; MC0125; MC0272,moderate,2,2,2,M19; M26,no,2019,2026,7,frozen-v1.0,NOT_YET_AUDITED,,,FROZEN_CURRENT_ID,high,Accepted in Phase 2 after source-first review; no supported older canonical equivalent was identified.,,NOT_PHASE3_C12_TARGET,,,NOT_PHASE4_DE12_TARGET,,,NOT_PHASE5_GA11_TARGET,,,NOT_PHASE6_M26_TARGET,,,FROZEN_V1,moderate,Canonical identity frozen in MacronariaMatrix v1.0.0 after the multi-phase lineage and duplicate audit.
MC0850,MIDDLE_POSTERIOR_DORSAL_NEURAL_SPINES_AC_CESSORY_LAMINA,"Middle and posterior dorsal neural spines, ac- cessory lamina on lateral surface, extending postero- dorsally from the spinoprezygapophyseal lamina to the spinopostzygapophyseal lamina: absent (0); pre- sent (1) (Tschopp et al., 2015a).",Mannion et al. (2019) supplied character list,M19:C481,M19_added_block_provisional_distinct,,,"Tschopp et al., 2015a",MC0122; MC0101; MC0100,moderate,2,2,2,M19; M26,no,2019,2026,7,frozen-v1.0,NOT_YET_AUDITED,,,FROZEN_CURRENT_ID,high,Accepted in Phase 2 after source-first review; no supported older canonical equivalent was identified.,,NOT_PHASE3_C12_TARGET,,,NOT_PHASE4_DE12_TARGET,,,NOT_PHASE5_GA11_TARGET,,,NOT_PHASE6_M26_TARGET,,,FROZEN_V1,moderate,Canonical identity frozen in MacronariaMatrix v1.0.0 after the multi-phase lineage and duplicate audit.
MC0851,MIDDLE_POSTERIOR_DORSAL_NEURAL_SPINES_DIVIDED_SPOL,"Middle and posterior dorsal neural spines, divided SPOL: bifurcates a short distance above the postzygapophysis (0); divided into lateral and medial branches throughout its length (1) (Whitlock, 2011a; modified here so that only taxa with a divided SPOL are scored).",Mannion et al. (2019) supplied character list,M19:C482,M19_added_block_provisional_distinct,,,"Whitlock, 2011a; modified here so that only taxa with a divided SPOL are scored",MC0100; MC0095; MC0107,moderate,2,2,2,M19; M26,no,2019,2026,7,frozen-v1.0,NOT_YET_AUDITED,,,FROZEN_CURRENT_ID,high,Accepted in Phase 2 after source-first review; no supported older canonical equivalent was identified.,,NOT_PHASE3_C12_TARGET,,,NOT_PHASE4_DE12_TARGET,,,NOT_PHASE5_GA11_TARGET,,,NOT_PHASE6_M26_TARGET,,,FROZEN_V1,moderate,Canonical identity frozen in MacronariaMatrix v1.0.0 after the multi-phase lineage and duplicate audit.
MC0852,MIDDLE_POSTERIOR_DORSAL_NEURAL_SPINES_LAT_ERAL_SPINOPOSTZYGAPOPHYSEAL,"Middle and posterior dorsal neural spines, lat- eral spinopostzygapophyseal lamina (lSPOL): extends to posterolateral margin of spine (0); does not reach lateral margin of the spine, because it fades out on the posterior surface or extends dorsomedially to con- tact the postspinal lamina (i.e. forms a second medial SPOL) (1) (new character: based on Wilson et al., 2011; note that if only a single undivided SPOL is present, then the state score is determined on the basis of whether this extends to the posterolateral margin of the spine or not).",Mannion et al. (2019) supplied character list,M19:C483,M19_added_block_provisional_distinct,,,"new character: based on Wilson et al., 2011; note that if only a single undivided SPOL is present, then the state score is determined on the basis of whether this extends to the posterolateral margin of the spine or not",MC0122; MC0100; MC0101,moderate,2,2,2,M19; M26,no,2019,2026,7,frozen-v1.0,NOT_YET_AUDITED,,,FROZEN_CURRENT_ID,high,Accepted in Phase 2 after source-first review; no supported older canonical equivalent was identified.,,NOT_PHASE3_C12_TARGET,,,NOT_PHASE4_DE12_TARGET,,,NOT_PHASE5_GA11_TARGET,,,NOT_PHASE6_M26_TARGET,,,FROZEN_V1,moderate,Canonical identity frozen in MacronariaMatrix v1.0.0 after the multi-phase lineage and duplicate audit.
MC0853,MIDDLE_POSTERIOR_DORSAL_NEURAL_SPINES_SPINOPARAPOPHYSEAL_LAMINA,"Middle and posterior dorsal neural spines, spinoparapophyseal lamina (SPPL): absent (0); pre- sent (1) (Wilson & Allain, 2015).",Mannion et al. (2019) supplied character list,M19:C484,M19_added_block_provisional_distinct,,,"Wilson & Allain, 2015",MC0097; MC0098; MC0099,moderate,2,2,2,M19; M26,no,2019,2026,7,frozen-v1.0,NOT_YET_AUDITED,,,FROZEN_CURRENT_ID,high,Accepted in Phase 2 after source-first review; no supported older canonical equivalent was identified.,,NOT_PHASE3_C12_TARGET,,,NOT_PHASE4_DE12_TARGET,,,NOT_PHASE5_GA11_TARGET,,,NOT_PHASE6_M26_TARGET,,,FROZEN_V1,moderate,Canonical identity frozen in MacronariaMatrix v1.0.0 after the multi-phase lineage and duplicate audit.
MC0854,POSTERIOR_DORSAL_NEURAL_SPINES_MEDI_OLATERAL_WIDTH_ANTEROPOSTERIOR,"Posterior dorsal neural spines, ratio of medi- olateral width to anteroposterior length (at base): less than 1.0 (longer than wide) (0); 1.0 or greater (wider than long) (1) (Upchurch, 1998; Wilson, 2002).",Mannion et al. (2019) supplied character list,M19:C485,M19_added_block_provisional_distinct,,,"Upchurch, 1998; Wilson, 2002",MC0126; MC0267; MC0274,moderate,2,2,2,M19; M26,no,2019,2026,7,frozen-v1.0,NOT_YET_AUDITED,,,FROZEN_CURRENT_ID,high,Accepted in Phase 2 after source-first review; no supported older canonical equivalent was identified.,,NOT_PHASE3_C12_TARGET,,,NOT_PHASE4_DE12_TARGET,,,NOT_PHASE5_GA11_TARGET,,,NOT_PHASE6_M26_TARGET,,,FROZEN_V1,moderate,Canonical identity frozen in MacronariaMatrix v1.0.0 after the multi-phase lineage and duplicate audit.
MC0856,THORACIC_RIBS_AREA_BETWEEN_CAPITULUM_TUBERCULUM_POSTERIOR_AT,"Thoracic ribs, area between capitulum and tuberculum, on the posterior surface at the base of the rib head: flat (0); oblique ridge connects the medial and lateral edges (1) (Tschopp et al., 2015a).",Mannion et al. (2019) supplied character list,M19:C487,M19_added_block_provisional_distinct,,,"Tschopp et al., 2015a",MC0139; MC0236; MC0339,moderate,2,2,2,M19; M26,no,2019,2026,7,frozen-v1.0,NOT_YET_AUDITED,,,FROZEN_CURRENT_ID,high,Accepted in Phase 2 after source-first review; no supported older canonical equivalent was identified.,,NOT_PHASE3_C12_TARGET,,,NOT_PHASE4_DE12_TARGET,,,NOT_PHASE5_GA11_TARGET,,,NOT_PHASE6_M26_TARGET,,,FROZEN_V1,moderate,Canonical identity frozen in MacronariaMatrix v1.0.0 after the multi-phase lineage and duplicate audit.
MC0857,SACRAL_NEURAL_SPINES_LATERAL_ANTERIOR_POSTERIOR_SPDL,"Sacral neural spines, lateral surface anterior and posterior to SPDL: unbroken bone surface (0); excavated by numerous foramina (1) (new character: based on Wilson & Allain, 2015).",Mannion et al. (2019) supplied character list,M19:C488,M19_added_block_provisional_distinct,,,"new character: based on Wilson & Allain, 2015",MC0111; MC0089; MC0099,moderate,2,2,2,M19; M26,no,2019,2026,7,frozen-v1.0,NOT_YET_AUDITED,,,FROZEN_CURRENT_ID,high,Accepted in Phase 2 after source-first review; no supported older canonical equivalent was identified.,,NOT_PHASE3_C12_TARGET,,,NOT_PHASE4_DE12_TARGET,,,NOT_PHASE5_GA11_TARGET,,,NOT_PHASE6_M26_TARGET,,,FROZEN_V1,moderate,Canonical identity frozen in MacronariaMatrix v1.0.0 after the multi-phase lineage and duplicate audit.
MC0858,ANTERIORMOST_CAUDAL_NEURAL_ARCHES_POSTZYGO_DIAPOPHYSEAL_LAMINA,"Anteriormost caudal neural arches, postzygo- diapophyseal lamina (PODL): absent (0); present (1) (new character: based on Wilson, 2002).",Mannion et al. (2019) supplied character list,M19:C491,M19_added_block_provisional_distinct,,,"new character: based on Wilson, 2002",MC0432; MC0123; MC0124,moderate,2,2,2,M19; M26,no,2019,2026,7,frozen-v1.0,NOT_YET_AUDITED,,,FROZEN_CURRENT_ID,high,Accepted in Phase 2 after source-first review; no supported older canonical equivalent was identified.,,NOT_PHASE3_C12_TARGET,,,NOT_PHASE4_DE12_TARGET,,,NOT_PHASE5_GA11_TARGET,,,NOT_PHASE6_M26_TARGET,,,FROZEN_V1,moderate,Canonical identity frozen in MacronariaMatrix v1.0.0 after the multi-phase lineage and duplicate audit.
MC0859,ANTERIORMOST_CAUDAL_NEURAL_ARCHES_CEN_TROPREZYGAPOPHYSEAL_FOSSA_BETWEEN,"Anteriormost caudal neural arches, cen- troprezygapophyseal fossa (CPRF) between dorsal margin of anterior neural canal opening and below interprezygapophyseal lamina (TRPL): absent (0); pre- sent (1) (new character: based on Remes, 2006).",Mannion et al. (2019) supplied character list,M19:C492,M19_added_block_provisional_distinct,,,"new character: based on Remes, 2006",MC0088; MC0289; MC0095,moderate,2,2,2,M19; M26,no,2019,2026,7,frozen-v1.0,NOT_YET_AUDITED,,,FROZEN_CURRENT_ID,high,Accepted in Phase 2 after source-first review; no supported older canonical equivalent was identified.,,NOT_PHASE3_C12_TARGET,,,NOT_PHASE4_DE12_TARGET,,,NOT_PHASE5_GA11_TARGET,,,NOT_PHASE6_M26_TARGET,,,FROZEN_V1,moderate,Canonical identity frozen in MacronariaMatrix v1.0.0 after the multi-phase lineage and duplicate audit.
MC0860,ANTERIOR_CAUDAL_NEURAL_ARCHES_PREZYGAPO_PHYSEAL_MIDLINE_BOSS,"Anterior caudal neural arches, prezygapo- physeal midline ‘boss’ ventral to prezygapophyses: ab- sent (0); present (1) (new character: based on Mannion et al., 2011).",Mannion et al. (2019) supplied character list,M19:C493,M19_added_block_provisional_distinct,,,"new character: based on Mannion et al., 2011",MC0121; MC0122; MC0125,moderate,2,2,2,M19; M26,no,2019,2026,7,frozen-v1.0,NOT_YET_AUDITED,,,FROZEN_CURRENT_ID,high,Accepted in Phase 2 after source-first review; no supported older canonical equivalent was identified.,,NOT_PHASE3_C12_TARGET,,,NOT_PHASE4_DE12_TARGET,,,NOT_PHASE5_GA11_TARGET,,,NOT_PHASE6_M26_TARGET,,,FROZEN_V1,moderate,Canonical identity frozen in MacronariaMatrix v1.0.0 after the multi-phase lineage and duplicate audit.
MC0861,ANTERIOR_CAUDAL_NEURAL_SPINES,"Anterior caudal neural spines, shape: single (0); slightly bifurcate (1) (Whitlock, 2011a).",Mannion et al. (2019) supplied character list,M19:C494,M19_added_block_provisional_distinct,,,"Whitlock, 2011a",MC0085; MC0271; MC0089,moderate,2,2,2,M19; M26,no,2019,2026,7,frozen-v1.0,NOT_YET_AUDITED,,,FROZEN_CURRENT_ID,high,Accepted in Phase 2 after source-first review; no supported older canonical equivalent was identified.,,NOT_PHASE3_C12_TARGET,,,NOT_PHASE4_DE12_TARGET,,,NOT_PHASE5_GA11_TARGET,,,NOT_PHASE6_M26_TARGET,,,FROZEN_V1,moderate,Canonical identity frozen in MacronariaMatrix v1.0.0 after the multi-phase lineage and duplicate audit.
MC0862,ANTERIOR_CAUDAL_NEURAL_SPINES_DORSAL_MARGIN_LATERAL_VIEW,"Anterior caudal neural spines, dorsal margin in lateral view: flat or convex (0); concave (1) (new character).",Mannion et al. (2019) supplied character list,M19:C495,M19_added_block_provisional_distinct,,,,MC0126; MC0284; MC0271,moderate,2,2,2,M19; M26,no,2019,2026,7,frozen-v1.0,NOT_YET_AUDITED,,,FROZEN_CURRENT_ID,high,Accepted in Phase 2 after source-first review; no supported older canonical equivalent was identified.,,NOT_PHASE3_C12_TARGET,,,NOT_PHASE4_DE12_TARGET,,,NOT_PHASE5_GA11_TARGET,,,NOT_PHASE6_M26_TARGET,,,FROZEN_V1,moderate,Canonical identity frozen in MacronariaMatrix v1.0.0 after the multi-phase lineage and duplicate audit.
MC0864,ANTERIOR_CAUDAL_NEURAL_SPINES_LATERAL_LAMINA,"Anterior caudal neural spines, lateral lamina: absent (0); present (1) (Wilson, 1999).",Mannion et al. (2019) supplied character list,M19:C497,M19_added_block_provisional_distinct,,,"Wilson, 1999",MC0123; MC0124; MC0284,moderate,2,2,2,M19; M26,no,2019,2026,7,frozen-v1.0,NOT_YET_AUDITED,,,FROZEN_CURRENT_ID,high,Accepted in Phase 2 after source-first review; no supported older canonical equivalent was identified.,,NOT_PHASE3_C12_TARGET,,,NOT_PHASE4_DE12_TARGET,,,NOT_PHASE5_GA11_TARGET,,,NOT_PHASE6_M26_TARGET,,,FROZEN_V1,moderate,Canonical identity frozen in MacronariaMatrix v1.0.0 after the multi-phase lineage and duplicate audit.
MC0865,ANTERIOR_CAUDAL_NEURAL_SPINES_LATERAL_MARGIN_LATERAL_LAMINA,"Anterior caudal neural spines, lateral margin of lateral lamina: retains the same anteroposterior width along its length (0); expands anteroposteriorly towards its dorsal end (1) (Tschopp et al., 2015a).",Mannion et al. (2019) supplied character list,M19:C498,M19_added_block_provisional_distinct,,,"Tschopp et al., 2015a",MC0126; MC0429; MC0284,moderate,2,2,2,M19; M26,no,2019,2026,7,frozen-v1.0,NOT_YET_AUDITED,,,FROZEN_CURRENT_ID,high,Accepted in Phase 2 after source-first review; no supported older canonical equivalent was identified.,,NOT_PHASE3_C12_TARGET,,,NOT_PHASE4_DE12_TARGET,,,NOT_PHASE5_GA11_TARGET,,,NOT_PHASE6_M26_TARGET,,,FROZEN_V1,moderate,Canonical identity frozen in MacronariaMatrix v1.0.0 after the multi-phase lineage and duplicate audit.
MC0866,ANTERIOR_CAUDAL_NEURAL_SPINES_ELLIPTICAL_DE_PRESSION_BETWEEN,"Anterior caudal neural spines, elliptical de- pression between lateral lamina and spinopostzya- pophyseal/postspinal lamina on lateral neural spine: absent (0); present (1) (Sereno et al., 2007; Tschopp et al., 2015a).",Mannion et al. (2019) supplied character list,M19:C499,M19_added_block_provisional_distinct,,,"Sereno et al., 2007; Tschopp et al., 2015a",MC0124; MC0122; MC0284,moderate,2,2,2,M19; M26,no,2019,2026,7,frozen-v1.0,NOT_YET_AUDITED,,,FROZEN_CURRENT_ID,high,Accepted in Phase 2 after source-first review; no supported older canonical equivalent was identified.,,NOT_PHASE3_C12_TARGET,,,NOT_PHASE4_DE12_TARGET,,,NOT_PHASE5_GA11_TARGET,,,NOT_PHASE6_M26_TARGET,,,FROZEN_V1,moderate,Canonical identity frozen in MacronariaMatrix v1.0.0 after the multi-phase lineage and duplicate audit.
MC0867,ANTERIOR_CAUDAL_NEURAL_SPINES_TRIANGULAR_LAT_ERAL_PROCESSES,"Anterior caudal neural spines, triangular lat- eral processes: absent (0); present (1) (Sereno et al., 2007).",Mannion et al. (2019) supplied character list,M19:C500,M19_added_block_provisional_distinct,,,"Sereno et al., 2007",MC0284; MC0125; MC0123,moderate,2,2,2,M19; M26,no,2019,2026,7,frozen-v1.0,NOT_YET_AUDITED,,,FROZEN_CURRENT_ID,high,Accepted in Phase 2 after source-first review; no supported older canonical equivalent was identified.,,NOT_PHASE3_C12_TARGET,,,NOT_PHASE4_DE12_TARGET,,,NOT_PHASE5_GA11_TARGET,,,NOT_PHASE6_M26_TARGET,,,FROZEN_V1,moderate,Canonical identity frozen in MacronariaMatrix v1.0.0 after the multi-phase lineage and duplicate audit.
MC0868,ANTERIORMOST_CAUDAL_RIBS_DISTAL_TIP_VENTRALLY_DEFLECTED_SUCH,"Anteriormost caudal ribs (excluding the first), distal tip ventrally deflected, such that the ventral margin of the caudal rib is strongly concave in an- terior/posterior view: absent (0); present (1) (Gallina et al., 2014; modified here).",Mannion et al. (2019) supplied character list,M19:C501,M19_added_block_provisional_distinct,,,"Gallina et al., 2014; modified here",MC0281; MC0370; MC0284,moderate,2,2,2,M19; M26,no,2019,2026,7,frozen-v1.0,NOT_YET_AUDITED,,,FROZEN_CURRENT_ID,high,Accepted in Phase 2 after source-first review; no supported older canonical equivalent was identified.,,NOT_PHASE3_C12_TARGET,,,NOT_PHASE4_DE12_TARGET,,,NOT_PHASE5_GA11_TARGET,,,NOT_PHASE6_M26_TARGET,,,FROZEN_V1,moderate,Canonical identity frozen in MacronariaMatrix v1.0.0 after the multi-phase lineage and duplicate audit.
MC0869,ANTERIORMOST_CAUDAL_RIBS_ORIENTATION_VEN_TRAL_ANTERIOR_POSTERIOR,"Anteriormost caudal ribs, orientation of ven- tral surface in anterior/posterior view: lateral (less than 30º to the horizontal plane) (0); dorsolateral (at 30° or more to the horizontal plane, typically 40–50°) (1) (Whitlock, 2011a; modified here; note that this is based on the entire length of the rib, rather than just the medial portion).",Mannion et al. (2019) supplied character list,M19:C502,M19_added_block_provisional_distinct,,,"Whitlock, 2011a; modified here; note that this is based on the entire length of the rib, rather than just the medial portion",MC0347; MC0298; MC0035,moderate,2,2,2,M19; M26,no,2019,2026,7,frozen-v1.0,NOT_YET_AUDITED,,,FROZEN_CURRENT_ID,high,Accepted in Phase 2 after source-first review; no supported older canonical equivalent was identified.,,NOT_PHASE3_C12_TARGET,,,NOT_PHASE4_DE12_TARGET,,,NOT_PHASE5_GA11_TARGET,,,NOT_PHASE6_M26_TARGET,,,FROZEN_V1,moderate,Canonical identity frozen in MacronariaMatrix v1.0.0 after the multi-phase lineage and duplicate audit.
MC0870,ANTERIORMOST_CAUDAL_RIBS_ANTERIOR,"Anteriormost caudal ribs, anterior surface: unexcavated (0); excavated, forming a sharp-lipped fossa or foramen (1) (new character: based on Mannion et al., 2011).",Mannion et al. (2019) supplied character list,M19:C503,M19_added_block_provisional_distinct,,,"new character: based on Mannion et al., 2011",MC0343; MC0125; MC0284,moderate,2,2,2,M19; M26,no,2019,2026,7,frozen-v1.0,NOT_YET_AUDITED,,,FROZEN_CURRENT_ID,high,Accepted in Phase 2 after source-first review; no supported older canonical equivalent was identified.,,NOT_PHASE3_C12_TARGET,,,NOT_PHASE4_DE12_TARGET,,,NOT_PHASE5_GA11_TARGET,,,NOT_PHASE6_M26_TARGET,,,FROZEN_V1,moderate,Canonical identity frozen in MacronariaMatrix v1.0.0 after the multi-phase lineage and duplicate audit.
MC0871,ANTERIORMOST_CAUDAL_RIBS_EXCAVATED_ANTERIOR_INTERNALLY_SUBDIVIDED_BY,"Anteriormost caudal ribs, excavated anterior surface internally subdivided by subvertical ridges: ab- sent (0); present (1) (new character: based on Mannion et al., 2011).",Mannion et al. (2019) supplied character list,M19:C504,M19_added_block_provisional_distinct,,,"new character: based on Mannion et al., 2011",MC0279; MC0343; MC0299,moderate,2,2,2,M19; M26,no,2019,2026,7,frozen-v1.0,NOT_YET_AUDITED,,,FROZEN_CURRENT_ID,high,Accepted in Phase 2 after source-first review; no supported older canonical equivalent was identified.,,NOT_PHASE3_C12_TARGET,,,NOT_PHASE4_DE12_TARGET,,,NOT_PHASE5_GA11_TARGET,,,NOT_PHASE6_M26_TARGET,,,FROZEN_V1,moderate,Canonical identity frozen in MacronariaMatrix v1.0.0 after the multi-phase lineage and duplicate audit.
MC0872,ANTERIOR_CAUDAL_RIBS_POSITION,"Anterior caudal ribs, position: situated on the centrum and arch (0); restricted to the neural arch and dorsal margin of centrum (1) (new character: based on Mannion et al., 2011).",Mannion et al. (2019) supplied character list,M19:C505,M19_added_block_provisional_distinct,,,"new character: based on Mannion et al., 2011",MC0282; MC0127; MC0437,moderate,2,2,2,M19; M26,no,2019,2026,7,frozen-v1.0,NOT_YET_AUDITED,,,FROZEN_CURRENT_ID,high,Accepted in Phase 2 after source-first review; no supported older canonical equivalent was identified.,,NOT_PHASE3_C12_TARGET,,,NOT_PHASE4_DE12_TARGET,,,NOT_PHASE5_GA11_TARGET,,,NOT_PHASE6_M26_TARGET,,,FROZEN_V1,moderate,Canonical identity frozen in MacronariaMatrix v1.0.0 after the multi-phase lineage and duplicate audit.
MC0873,MIDDLE_CAUDAL_CENTRA_VENTRAL_LONGITUDINAL_HOL_LOW,"Middle caudal centra, ventral longitudinal hol- low: absent (0); present (1) (McIntosh, 1990; Upchurch, 1995, 1998; Wilson, 2002; revised here to separate an- terior and middle caudal vertebrae).",Mannion et al. (2019) supplied character list,M19:C506,split_derived,MC0132,split_from,"McIntosh, 1990; Upchurch, 1995, 1998; Wilson, 2002; revised here to separate an- terior and middle caudal vertebrae",MC0132; MC0287; MC0456,high,2,2,2,M19; M26,no,2019,2026,7,frozen-v1.0,NOT_YET_AUDITED,,,NOT_PHASE2_TARGET,,,,NOT_PHASE3_C12_TARGET,,,NOT_PHASE4_DE12_TARGET,,,NOT_PHASE5_GA11_TARGET,,,NOT_PHASE6_M26_TARGET,,,FROZEN_V1,high,Canonical identity frozen in MacronariaMatrix v1.0.0 after the multi-phase lineage and duplicate audit.
MC0874,MIDDLE_CAUDAL_CENTRA_DISTINCT_VENTROLATERAL_RIDGES_EXTENDING_FULL,"Middle caudal centra, distinct ventrolateral ridges, extending the full length of the centrum: ab- sent (0); present (1) (McIntosh, 1990; Upchurch, 1995, 1998; Upchurch et al., 2004; Mannion et al., 2013; revised here to separate anterior and middle caudal vertebrae).",Mannion et al. (2019) supplied character list,M19:C507,M19_added_block_provisional_distinct,,,"McIntosh, 1990; Upchurch, 1995, 1998; Upchurch et al., 2004; Mannion et al., 2013; revised here to separate anterior and middle caudal vertebrae",MC0132; MC0437; MC0131,moderate,2,2,2,M19; M26,no,2019,2026,7,frozen-v1.0,NOT_YET_AUDITED,,,FROZEN_CURRENT_ID,high,Accepted in Phase 2 after source-first review; no supported older canonical equivalent was identified.,,NOT_PHASE3_C12_TARGET,,,NOT_PHASE4_DE12_TARGET,,,NOT_PHASE5_GA11_TARGET,,,NOT_PHASE6_M26_TARGET,,,FROZEN_V1,moderate,Canonical identity frozen in MacronariaMatrix v1.0.0 after the multi-phase lineage and duplicate audit.
MC0875,MIDDLE_CAUDAL_CENTRA_ARTICULAR,"Middle caudal centra, articular surface shape: cylindrical (ventral and lateral surfaces merge smoothly into each other) (0); subtriangular, with transversely wide ventral margin (1) (Wilson, 2002; Gallina & Apesteguía, 2005; Mannion et al., 2012).",Mannion et al. (2019) supplied character list,M19:C508,M19_added_block_provisional_distinct,,,"Wilson, 2002; Gallina & Apesteguía, 2005; Mannion et al., 2012",MC0131; MC0135; MC0136,moderate,2,2,2,M19; M26,no,2019,2026,7,frozen-v1.0,NOT_YET_AUDITED,,,FROZEN_CURRENT_ID,high,Accepted in Phase 2 after source-first review; no supported older canonical equivalent was identified.,,NOT_PHASE3_C12_TARGET,,,NOT_PHASE4_DE12_TARGET,,,NOT_PHASE5_GA11_TARGET,,,NOT_PHASE6_M26_TARGET,,,FROZEN_V1,moderate,Canonical identity frozen in MacronariaMatrix v1.0.0 after the multi-phase lineage and duplicate audit.
MC0876,MIDDLE_CAUDAL_CENTRA_LATERAL_PNEUMATIC_OPEN_INGS,"Middle caudal centra, lateral pneumatic open- ings: absent or present as shallow fossa (0); present, with sharply defined margins (1) (Gallina et al., 2014; modified here).",Mannion et al. (2019) supplied character list,M19:C509,M19_added_block_provisional_distinct,,,"Gallina et al., 2014; modified here",MC0132; MC0357; MC0119,moderate,2,2,2,M19; M26,no,2019,2026,7,frozen-v1.0,NOT_YET_AUDITED,,,FROZEN_CURRENT_ID,high,Accepted in Phase 2 after source-first review; no supported older canonical equivalent was identified.,,NOT_PHASE3_C12_TARGET,,,NOT_PHASE4_DE12_TARGET,,,NOT_PHASE5_GA11_TARGET,,,NOT_PHASE6_M26_TARGET,,,FROZEN_V1,moderate,Canonical identity frozen in MacronariaMatrix v1.0.0 after the multi-phase lineage and duplicate audit.
MC0877,SCAPULA_ANTEROPOSTERIOR_LENGTH_ACROMION_TOTAL_SCAPULA_LENGTH,"Scapula, anteroposterior length of acromion to total scapula length ratio: less than 0.4 (0); 0.4 to < 0.5 (1); 0.5 or greater (2) (Gallina & Apesteguía, 2005; modified here) [ordered].",Mannion et al. (2019) supplied character list,M19:C510,M19_added_block_provisional_distinct,,,"Gallina & Apesteguía, 2005; modified here",MC0378; MC0086; MC0155,moderate,2,2,2,M19; M26,no,2019,2026,7,frozen-v1.0,NOT_YET_AUDITED,,,FROZEN_CURRENT_ID,high,Accepted in Phase 2 after source-first review; no supported older canonical equivalent was identified.,,NOT_PHASE3_C12_TARGET,,,NOT_PHASE4_DE12_TARGET,,,NOT_PHASE5_GA11_TARGET,,,NOT_PHASE6_M26_TARGET,,,FROZEN_V1,moderate,Canonical identity frozen in MacronariaMatrix v1.0.0 after the multi-phase lineage and duplicate audit.
MC0878,SCAPULA_POSTERIORLY_DIRECTED_HOOK_LIKE_ACRO_MION_SEPARATED,"Scapula, posteriorly directed hook-like acro- mion process, separated from the remaining dorsal margin of the acromion by a concavity: absent (0); pre- sent (1) (Gallina & Apesteguía, 2005; Mannion, 2009).",Mannion et al. (2019) supplied character list,M19:C511,M19_added_block_provisional_distinct,,,"Gallina & Apesteguía, 2005; Mannion, 2009",MC0378; MC0442; MC0284,moderate,2,2,2,M19; M26,no,2019,2026,7,frozen-v1.0,NOT_YET_AUDITED,,,FROZEN_CURRENT_ID,high,Accepted in Phase 2 after source-first review; no supported older canonical equivalent was identified.,,NOT_PHASE3_C12_TARGET,,,NOT_PHASE4_DE12_TARGET,,,NOT_PHASE5_GA11_TARGET,,,NOT_PHASE6_M26_TARGET,,,FROZEN_V1,moderate,Canonical identity frozen in MacronariaMatrix v1.0.0 after the multi-phase lineage and duplicate audit.
MC0880,SCAPULA_BULGE_LIKE_MUSCLE_SCAR_MEDIAL_AT_APPROXIMATELY,"Scapula, bulge-like muscle scar on medial surface, at approximately midheight, just distal to the junction between the acromion and scapular blade: ab- sent (0); present (1) (Whitlock, 2011a; modified here).",Mannion et al. (2019) supplied character list,M19:C513,M19_added_block_provisional_distinct,,,"Whitlock, 2011a; modified here",MC0376; MC0377; MC0151,moderate,2,2,2,M19; M26,no,2019,2026,7,frozen-v1.0,NOT_YET_AUDITED,,,FROZEN_CURRENT_ID,high,Accepted in Phase 2 after source-first review; no supported older canonical equivalent was identified.,,NOT_PHASE3_C12_TARGET,,,NOT_PHASE4_DE12_TARGET,,,NOT_PHASE5_GA11_TARGET,,,NOT_PHASE6_M26_TARGET,,,FROZEN_V1,moderate,Canonical identity frozen in MacronariaMatrix v1.0.0 after the multi-phase lineage and duplicate audit.
MC0881,SCAPULA_ANTEROPOSTERIOR_LENGTH_MINIMUM_BLADE_DORSOVENTRAL_HEIGHT,"Scapula, ratio of anteroposterior length to minimum blade dorsoventral height: 5.5 or higher (0); less than 5.5 (1) (Carballido et al., 2012; modified and polarity reversed here).",Mannion et al. (2019) supplied character list,M19:C514,M19_added_block_provisional_distinct,,,"Carballido et al., 2012; modified and polarity reversed here",MC0020; MC0086; MC0048,moderate,2,2,2,M19; M26,no,2019,2026,7,frozen-v1.0,NOT_YET_AUDITED,,,FROZEN_CURRENT_ID,high,Accepted in Phase 2 after source-first review; no supported older canonical equivalent was identified.,,NOT_PHASE3_C12_TARGET,,,NOT_PHASE4_DE12_TARGET,,,NOT_PHASE5_GA11_TARGET,,,NOT_PHASE6_M26_TARGET,,,FROZEN_V1,moderate,Canonical identity frozen in MacronariaMatrix v1.0.0 after the multi-phase lineage and duplicate audit.
MC0882,SCAPULA_HIGHEST_POINT_DORSAL_MARGIN_BLADE,"Scapula, highest point of the dorsal margin of the blade: lower than the dorsal margin of the prox- imal end (0); at the same height as the dorsal margin of the proximal end or higher (1) (new character: based on Mannion, 2009; Carballido et al., 2012).",Mannion et al. (2019) supplied character list,M19:C515,M19_added_block_provisional_distinct,,,"new character: based on Mannion, 2009; Carballido et al., 2012",MC0253; MC0378; MC0186,moderate,2,2,2,M19; M26,no,2019,2026,7,frozen-v1.0,NOT_YET_AUDITED,,,FROZEN_CURRENT_ID,high,Accepted in Phase 2 after source-first review; no supported older canonical equivalent was identified.,,NOT_PHASE3_C12_TARGET,,,NOT_PHASE4_DE12_TARGET,,,NOT_PHASE5_GA11_TARGET,,,NOT_PHASE6_M26_TARGET,,,FROZEN_V1,moderate,Canonical identity frozen in MacronariaMatrix v1.0.0 after the multi-phase lineage and duplicate audit.
MC0883,HUMERUS_ANGLE_BETWEEN_LONG_AXES_PROX_IMAL_DISTAL,"Humerus, angle between long-axes of prox- imal and distal articular surfaces: 30° or less (prox- imal and distal end long-axes lie in approximately the same plane) (0); twisted through an angle of 30° or more (usually more than 40°) (1) (Gilmore, 1932; Tschopp et al., 2015a).",Mannion et al. (2019) supplied character list,M19:C516,M19_added_block_provisional_distinct,,,"Gilmore, 1932; Tschopp et al., 2015a",MC0047; MC0330; MC0418,moderate,2,2,2,M19; M26,no,2019,2026,7,frozen-v1.0,NOT_YET_AUDITED,,,FROZEN_CURRENT_ID,high,Accepted in Phase 2 after source-first review; no supported older canonical equivalent was identified.,,NOT_PHASE3_C12_TARGET,,,NOT_PHASE4_DE12_TARGET,,,NOT_PHASE5_GA11_TARGET,,,NOT_PHASE6_M26_TARGET,,,FROZEN_V1,moderate,Canonical identity frozen in MacronariaMatrix v1.0.0 after the multi-phase lineage and duplicate audit.
MC0884,HUMERUS_DISTAL_CONDYLES,"Humerus, distal condyles: extend the same distance distally, or lateral distal condyle extends further distally than medial distal condyle (0); distal end bevelled as a result of the medial distal condyle extending further distally than the lateral condyle (1) (new character).",Mannion et al. (2019) supplied character list,M19:C517,M19_added_block_provisional_distinct,,,,MC0164; MC0163; MC0179,moderate,2,2,2,M19; M26,no,2019,2026,7,frozen-v1.0,NOT_YET_AUDITED,,,FROZEN_CURRENT_ID,high,Accepted in Phase 2 after source-first review; no supported older canonical equivalent was identified.,,NOT_PHASE3_C12_TARGET,,,NOT_PHASE4_DE12_TARGET,,,NOT_PHASE5_GA11_TARGET,,,NOT_PHASE6_M26_TARGET,,,FROZEN_V1,moderate,Canonical identity frozen in MacronariaMatrix v1.0.0 after the multi-phase lineage and duplicate audit.
MC0885,HUMERUS_LATERAL_MARGIN_DISTAL_VIEW,"Humerus, lateral margin in distal view: deflected such that it faces entirely posterolaterally (0); flat (facing laterally) or convex (1) [new character; the anterior margin (excluding condyles) should be ori- entated horizontally when scoring this character].",Mannion et al. (2019) supplied character list,M19:C518,M19_added_block_provisional_distinct,,,,MC0199; MC0324; MC0153,moderate,2,2,2,M19; M26,no,2019,2026,7,frozen-v1.0,NOT_YET_AUDITED,,,FROZEN_CURRENT_ID,high,Accepted in Phase 2 after source-first review; no supported older canonical equivalent was identified.,,NOT_PHASE3_C12_TARGET,,,NOT_PHASE4_DE12_TARGET,,,NOT_PHASE5_GA11_TARGET,,,NOT_PHASE6_M26_TARGET,,,FROZEN_V1,moderate,Canonical identity frozen in MacronariaMatrix v1.0.0 after the multi-phase lineage and duplicate audit.
MC0886,MANUAL_PHALANX_I_1_LAPET_LIKE_PROJECTION_PROXIMODORSAL,"Manual phalanx I-1, lapet-like projection from proximodorsal margin, overhanging proximal ar- ticular surface: present (0); absent (1) (new character).",Mannion et al. (2019) supplied character list,M19:C519,M19_added_block_provisional_distinct,,,,MC0182; MC0183; MC0407,moderate,2,2,2,M19; M26,no,2019,2026,7,frozen-v1.0,NOT_YET_AUDITED,,,FROZEN_CURRENT_ID,high,Accepted in Phase 2 after source-first review; no supported older canonical equivalent was identified.,,NOT_PHASE3_C12_TARGET,,,NOT_PHASE4_DE12_TARGET,,,NOT_PHASE5_GA11_TARGET,,,NOT_PHASE6_M26_TARGET,,,FROZEN_V1,moderate,Canonical identity frozen in MacronariaMatrix v1.0.0 after the multi-phase lineage and duplicate audit.
MC0887,ILIUM_PROFILE_DORSAL_MARGIN_LATERAL_VIEW,"Ilium, profile of dorsal margin in lateral view: gently convex, with a nearly straight portion centrally (0); strongly convex throughout its length, following an arc of a circle (1) (Wilson, 2002; Tschopp et al., 2015a; modified here).",Mannion et al. (2019) supplied character list,M19:C520,M19_added_block_provisional_distinct,,,"Wilson, 2002; Tschopp et al., 2015a; modified here",MC0397; MC0298; MC0381,moderate,2,2,2,M19; M26,no,2019,2026,7,frozen-v1.0,NOT_YET_AUDITED,,,FROZEN_CURRENT_ID,high,Accepted in Phase 2 after source-first review; no supported older canonical equivalent was identified.,,NOT_PHASE3_C12_TARGET,,,NOT_PHASE4_DE12_TARGET,,,NOT_PHASE5_GA11_TARGET,,,NOT_PHASE6_M26_TARGET,,,FROZEN_V1,moderate,Canonical identity frozen in MacronariaMatrix v1.0.0 after the multi-phase lineage and duplicate audit.
MC0888,PUBIS_PROXIMAL_PROXIMAL_THIRD_ANTERIOR_MARGIN_LATERAL_VIEW,"Pubis, proximal surface and proximal third of anterior margin, in lateral view: meet at an acute angle (0); meet at a right angle (1) (new character).",Mannion et al. (2019) supplied character list,M19:C521,M19_added_block_provisional_distinct,,,,MC0407; MC0453; MC0385,moderate,2,2,2,M19; M26,no,2019,2026,7,frozen-v1.0,NOT_YET_AUDITED,,,FROZEN_CURRENT_ID,high,Accepted in Phase 2 after source-first review; no supported older canonical equivalent was identified.,,NOT_PHASE3_C12_TARGET,,,NOT_PHASE4_DE12_TARGET,,,NOT_PHASE5_GA11_TARGET,,,NOT_PHASE6_M26_TARGET,,,FROZEN_V1,moderate,Canonical identity frozen in MacronariaMatrix v1.0.0 after the multi-phase lineage and duplicate audit.
MC0890,PUBIS_AMBIENS_VENTRAL_SUR_FACE_LATERAL_VIEW,"Pubis, ambiens process ventral (distal) sur- face in lateral view: flat or convex (0) concave so that the ambiens process is ‘hooked’ (1) (McIntosh, 1990; Upchurch, 1995, 1998; only taxa with a well-developed ambiens process scored for this character).",Mannion et al. (2019) supplied character list,M19:C523,M19_added_block_provisional_distinct,,,"McIntosh, 1990; Upchurch, 1995, 1998; only taxa with a well-developed ambiens process scored for this character",MC0189; MC0015; MC0044,moderate,2,2,2,M19; M26,no,2019,2026,7,frozen-v1.0,NOT_YET_AUDITED,,,FROZEN_CURRENT_ID,high,Accepted in Phase 2 after source-first review; no supported older canonical equivalent was identified.,,NOT_PHASE3_C12_TARGET,,,NOT_PHASE4_DE12_TARGET,,,NOT_PHASE5_GA11_TARGET,,,NOT_PHASE6_M26_TARGET,,,FROZEN_V1,moderate,Canonical identity frozen in MacronariaMatrix v1.0.0 after the multi-phase lineage and duplicate audit.
MC0891,PUBIS_OBTURATOR_FORAMEN,"Pubis, obturator foramen: entirely ringed by bone (0); open posteriorly (1) (new character: based on Carballido et al., 2012; note that taxa are only scored with the derived state when the individual is an adult).",Mannion et al. (2019) supplied character list,M19:C524,M19_added_block_provisional_distinct,,,"new character: based on Carballido et al., 2012; note that taxa are only scored with the derived state when the individual is an adult",MC0450; MC0023; MC0189,moderate,2,2,2,M19; M26,no,2019,2026,7,frozen-v1.0,NOT_YET_AUDITED,,,FROZEN_CURRENT_ID,high,Accepted in Phase 2 after source-first review; no supported older canonical equivalent was identified.,,NOT_PHASE3_C12_TARGET,,,NOT_PHASE4_DE12_TARGET,,,NOT_PHASE5_GA11_TARGET,,,NOT_PHASE6_M26_TARGET,,,FROZEN_V1,moderate,Canonical identity frozen in MacronariaMatrix v1.0.0 after the multi-phase lineage and duplicate audit.
MC0892,PUBIS_DISTAL_END_EXPANDS_ANTERIORLY_POS_TERIORLY,"Pubis, distal end, expands anteriorly and pos- teriorly (approximately equally): absent (0); present (1) (new character: based on Salgado et al., 2004).",Mannion et al. (2019) supplied character list,M19:C525,M19_added_block_provisional_distinct,,,"new character: based on Salgado et al., 2004",MC0284; MC0447; MC0460,moderate,2,2,2,M19; M26,no,2019,2026,7,frozen-v1.0,NOT_YET_AUDITED,,,FROZEN_CURRENT_ID,high,Accepted in Phase 2 after source-first review; no supported older canonical equivalent was identified.,,NOT_PHASE3_C12_TARGET,,,NOT_PHASE4_DE12_TARGET,,,NOT_PHASE5_GA11_TARGET,,,NOT_PHASE6_M26_TARGET,,,FROZEN_V1,moderate,Canonical identity frozen in MacronariaMatrix v1.0.0 after the multi-phase lineage and duplicate audit.
MC0893,ISCHIUM_ILIAC_PEDUNCLE_LATERAL_VIEW,"Ischium, iliac peduncle in lateral view: straight or widening in smooth curve distally (0); nar- row, with distinct ‘neck’ (1) (Sereno et al., 2007).",Mannion et al. (2019) supplied character list,M19:C526,M19_added_block_provisional_distinct,,,"Sereno et al., 2007",MC0296; MC0453; MC0393,moderate,2,2,2,M19; M26,no,2019,2026,7,frozen-v1.0,NOT_YET_AUDITED,,,FROZEN_CURRENT_ID,high,Accepted in Phase 2 after source-first review; no supported older canonical equivalent was identified.,,NOT_PHASE3_C12_TARGET,,,NOT_PHASE4_DE12_TARGET,,,NOT_PHASE5_GA11_TARGET,,,NOT_PHASE6_M26_TARGET,,,FROZEN_V1,moderate,Canonical identity frozen in MacronariaMatrix v1.0.0 after the multi-phase lineage and duplicate audit.
MC0894,ISCHIUM_ACETABULAR_ARTICULAR,"Ischium, acetabular articular surface: main- tains approximately the same transverse width throughout its length (0); transversely narrower in its central portion and strongly expanded as it approaches the iliac and pubic articulations (1) (Mannion et al., 2012).",Mannion et al. (2019) supplied character list,M19:C527,M19_added_block_provisional_distinct,,,"Mannion et al., 2012",MC0453; MC0394; MC0202,moderate,2,2,2,M19; M26,no,2019,2026,7,frozen-v1.0,NOT_YET_AUDITED,,,FROZEN_CURRENT_ID,high,Accepted in Phase 2 after source-first review; no supported older canonical equivalent was identified.,,NOT_PHASE3_C12_TARGET,,,NOT_PHASE4_DE12_TARGET,,,NOT_PHASE5_GA11_TARGET,,,NOT_PHASE6_M26_TARGET,,,FROZEN_V1,moderate,Canonical identity frozen in MacronariaMatrix v1.0.0 after the multi-phase lineage and duplicate audit.
MC0895,ISCHIUM_ANGLE_FORMED_BETWEEN_LONG_AXIS_SHAFT_ACETABULAR,"Ischium, angle formed between the long axis of the shaft and the acetabular line (i.e. the straight line from the anterodorsal corners of the iliac and pubic peduncles) in lateral view: 80° or greater (0) acute, less than 80° (typically less than 70°) (1) (Carballido et al., 2012).",Mannion et al. (2019) supplied character list,M19:C528,M19_added_block_provisional_distinct,,,"Carballido et al., 2012",MC0394; MC0242; MC0453,moderate,2,2,2,M19; M26,no,2019,2026,7,frozen-v1.0,NOT_YET_AUDITED,,,FROZEN_CURRENT_ID,high,Accepted in Phase 2 after source-first review; no supported older canonical equivalent was identified.,,NOT_PHASE3_C12_TARGET,,,NOT_PHASE4_DE12_TARGET,,,NOT_PHASE5_GA11_TARGET,,,NOT_PHASE6_M26_TARGET,,,FROZEN_V1,moderate,Canonical identity frozen in MacronariaMatrix v1.0.0 after the multi-phase lineage and duplicate audit.
MC0896,ISCHIUM_DORSOVENTRAL_HEIGHT_PUBIC_ARTICU_LATION,"Ischium, dorsoventral height of pubic articu- lation: less than or equal to the anteroposterior length of the proximal plate (0); greater than the anteropos- terior length of the proximal plate (1) (Salgado et al., 1997; Carballido et al., 2012).",Mannion et al. (2019) supplied character list,M19:C529,M19_added_block_provisional_distinct,,,"Salgado et al., 1997; Carballido et al., 2012",MC0295; MC0086; MC0126,moderate,2,2,2,M19; M26,no,2019,2026,7,frozen-v1.0,NOT_YET_AUDITED,,,FROZEN_CURRENT_ID,high,Accepted in Phase 2 after source-first review; no supported older canonical equivalent was identified.,,NOT_PHASE3_C12_TARGET,,,NOT_PHASE4_DE12_TARGET,,,NOT_PHASE5_GA11_TARGET,,,NOT_PHASE6_M26_TARGET,,,FROZEN_V1,moderate,Canonical identity frozen in MacronariaMatrix v1.0.0 after the multi-phase lineage and duplicate audit.
MC0897,ISCHIUM_RIDGE_LATERAL_LOWER_PART_PROXIMAL_PLATE_PROXIMAL,"Ischium, ridge (for attachment of M. flexor tibialis internus III) on lateral surface of the lower part of the proximal plate/proximal portion of shaft, close to the posterior/dorsal margin of ischium: trans- versely rounded throughout its length (0); thin and sharp (1) (Sereno et al., 2007; modified here).",Mannion et al. (2019) supplied character list,M19:C530,M19_added_block_provisional_distinct,,,"Sereno et al., 2007; modified here",MC0394; MC0393; MC0295,moderate,2,2,2,M19; M26,no,2019,2026,7,frozen-v1.0,NOT_YET_AUDITED,,,FROZEN_CURRENT_ID,high,Accepted in Phase 2 after source-first review; no supported older canonical equivalent was identified.,,NOT_PHASE3_C12_TARGET,,,NOT_PHASE4_DE12_TARGET,,,NOT_PHASE5_GA11_TARGET,,,NOT_PHASE6_M26_TARGET,,,FROZEN_V1,moderate,Canonical identity frozen in MacronariaMatrix v1.0.0 after the multi-phase lineage and duplicate audit.
MC0898,ISCHIUM_VENTRAL_MARGIN_PROXIMAL_PLATE_LATERAL_VIEW,"Ischium, ventral margin of proximal plate in lateral view: flat along its length (0); has a ven- tral, subtriangular projection at its anterior end (1) (new character; only taxa whose ischia are emargin- ate distal to the pubic articulation are scored for this character).",Mannion et al. (2019) supplied character list,M19:C531,M19_added_block_provisional_distinct,,,,MC0193; MC0394; MC0295,moderate,2,2,2,M19; M26,no,2019,2026,7,frozen-v1.0,NOT_YET_AUDITED,,,FROZEN_CURRENT_ID,high,Accepted in Phase 2 after source-first review; no supported older canonical equivalent was identified.,,NOT_PHASE3_C12_TARGET,,,NOT_PHASE4_DE12_TARGET,,,NOT_PHASE5_GA11_TARGET,,,NOT_PHASE6_M26_TARGET,,,FROZEN_V1,moderate,Canonical identity frozen in MacronariaMatrix v1.0.0 after the multi-phase lineage and duplicate audit.
MC0901,FEMUR_FOURTH_TROCHANTER,"Femur, fourth trochanter: present as low rounded ridge (0); greatly reduced so that it is virtu- ally absent (1) (Mannion et al., 2012).",Mannion et al. (2019) supplied character list,M19:C534,M19_added_block_provisional_distinct,,,"Mannion et al., 2012",MC0196; MC0243; MC0197,moderate,2,2,2,M19; M26,no,2019,2026,7,frozen-v1.0,NOT_YET_AUDITED,,,FROZEN_CURRENT_ID,high,Accepted in Phase 2 after source-first review; no supported older canonical equivalent was identified.,,NOT_PHASE3_C12_TARGET,,,NOT_PHASE4_DE12_TARGET,,,NOT_PHASE5_GA11_TARGET,,,NOT_PHASE6_M26_TARGET,,,FROZEN_V1,moderate,Canonical identity frozen in MacronariaMatrix v1.0.0 after the multi-phase lineage and duplicate audit.
MC0902,FEMUR_GREATEST_ANTEROPOSTERIOR_THICK_NESS_SHAFT_GREATEST_ANTEROPOSTERIOR,"Femur, ratio of greatest anteroposterior thick- ness of shaft (excluding any contribution from the fourth trochanter) to greatest anteroposterior width across distal end: less than or equal to 0.5 (0); greater than 0.5 (1) (Whitlock, 2011a).",Mannion et al. (2019) supplied character list,M19:C535,M19_added_block_provisional_distinct,,,"Whitlock, 2011a",MC0243; MC0196; MC0172,moderate,2,2,2,M19; M26,no,2019,2026,7,frozen-v1.0,NOT_YET_AUDITED,,,FROZEN_CURRENT_ID,high,Accepted in Phase 2 after source-first review; no supported older canonical equivalent was identified.,,NOT_PHASE3_C12_TARGET,,,NOT_PHASE4_DE12_TARGET,,,NOT_PHASE5_GA11_TARGET,,,NOT_PHASE6_M26_TARGET,,,FROZEN_V1,moderate,Canonical identity frozen in MacronariaMatrix v1.0.0 after the multi-phase lineage and duplicate audit.
MC0903,TIBIA_LATERAL_MARGIN_CNEMIAL_CREST_TERIOR_VIEW,"Tibia, lateral margin of cnemial crest in an- terior view: rounded (0); subtriangular, forming a point (1) (Tschopp et al., 2015a).",Mannion et al. (2019) supplied character list,M19:C536,M19_added_block_provisional_distinct,,,"Tschopp et al., 2015a",MC0204; MC0402; MC0156,moderate,2,2,2,M19; M26,no,2019,2026,7,frozen-v1.0,NOT_YET_AUDITED,,,FROZEN_CURRENT_ID,high,Accepted in Phase 2 after source-first review; no supported older canonical equivalent was identified.,,NOT_PHASE3_C12_TARGET,,,NOT_PHASE4_DE12_TARGET,,,NOT_PHASE5_GA11_TARGET,,,NOT_PHASE6_M26_TARGET,,,FROZEN_V1,moderate,Canonical identity frozen in MacronariaMatrix v1.0.0 after the multi-phase lineage and duplicate audit.
MC0904,FIBULA_DISTAL_TIP_LATERAL_MUSCLE_SCAR,"Fibula, distal tip of lateral muscle scar: prox- imal, located above midshaft (0); located approxi- mately at mid-shaft (1) (Whitlock, 2011a; polarity reversed here).",Mannion et al. (2019) supplied character list,M19:C537,M19_added_block_provisional_distinct,,,"Whitlock, 2011a; polarity reversed here",MC0399; MC0459; MC0209,moderate,2,2,2,M19; M26,no,2019,2026,7,frozen-v1.0,NOT_YET_AUDITED,,,FROZEN_CURRENT_ID,high,Accepted in Phase 2 after source-first review; no supported older canonical equivalent was identified.,,NOT_PHASE3_C12_TARGET,,,NOT_PHASE4_DE12_TARGET,,,NOT_PHASE5_GA11_TARGET,,,NOT_PHASE6_M26_TARGET,,,FROZEN_V1,moderate,Canonical identity frozen in MacronariaMatrix v1.0.0 after the multi-phase lineage and duplicate audit.
MC0905,ASTRAGALUS_FIBULAR_ARTICULAR,"Astragalus, fibular articular surface: faces laterally or dorsolaterally (0); faces posterolater- ally because its anterior margin projects laterally (1) (Whitlock, 2011a).",Mannion et al. (2019) supplied character list,M19:C538,M19_added_block_provisional_distinct,,,"Whitlock, 2011a",MC0212; MC0404; MC0307,moderate,2,2,2,M19; M26,no,2019,2026,7,frozen-v1.0,NOT_YET_AUDITED,,,FROZEN_CURRENT_ID,high,Accepted in Phase 2 after source-first review; no supported older canonical equivalent was identified.,,NOT_PHASE3_C12_TARGET,,,NOT_PHASE4_DE12_TARGET,,,NOT_PHASE5_GA11_TARGET,,,NOT_PHASE6_M26_TARGET,,,FROZEN_V1,moderate,Canonical identity frozen in MacronariaMatrix v1.0.0 after the multi-phase lineage and duplicate audit.
MC0907,METATARSAL_I_TUBERCLE_RUGOSITY_MEDIAL_SUR_FACE_SITUATED,"Metatarsal I, tubercle/rugosity on medial sur- face, situated at approximately midlength and equi- distant from dorsal and ventral margins: absent (0); present (1) (new character: based on D’Emic et al., 2016).",Mannion et al. (2019) supplied character list,M19:C540,M19_added_block_provisional_distinct,,,"new character: based on D’Emic et al., 2016",MC0462; MC0300; MC0225,moderate,2,2,2,M19; M26,no,2019,2026,7,frozen-v1.0,NOT_YET_AUDITED,,,FROZEN_CURRENT_ID,high,Accepted in Phase 2 after source-first review; no supported older canonical equivalent was identified.,,NOT_PHASE3_C12_TARGET,,,NOT_PHASE4_DE12_TARGET,,,NOT_PHASE5_GA11_TARGET,,,NOT_PHASE6_M26_TARGET,,,FROZEN_V1,moderate,Canonical identity frozen in MacronariaMatrix v1.0.0 after the multi-phase lineage and duplicate audit.
MC0908,METATARSAL_II_DISTAL_CONDYLE_VENTROLATERAL_PROJECTION,"Metatarsal II, distal condyle, ventrolateral projection: absent (0); present (1) (Tschopp et al., 2015a).",Mannion et al. (2019) supplied character list,M19:C541,M19_added_block_provisional_distinct,,,"Tschopp et al., 2015a",MC0220; MC0300; MC0164,moderate,2,2,2,M19; M26,no,2019,2026,7,frozen-v1.0,NOT_YET_AUDITED,,,FROZEN_CURRENT_ID,high,Accepted in Phase 2 after source-first review; no supported older canonical equivalent was identified.,,NOT_PHASE3_C12_TARGET,,,NOT_PHASE4_DE12_TARGET,,,NOT_PHASE5_GA11_TARGET,,,NOT_PHASE6_M26_TARGET,,,FROZEN_V1,moderate,Canonical identity frozen in MacronariaMatrix v1.0.0 after the multi-phase lineage and duplicate audit.
MC0910,MAXILLA_TAB_LIKE_POSTERIOR_POST_DENTIGEROUS_PORTION,"Maxilla, tab-like process on the posterior surface of the post-dentigerous portion: absent (0); present (1) (new character: based on [32]; only scored for taxa with an emarginated ventral margin of the jugal process of the maxilla).",Mannion et al. (2019) supplied character list,M19:C543,M19_added_block_provisional_distinct,,,,MC0328; MC0451; MC0042,moderate,2,2,2,M19; M26,no,2019,2026,7,frozen-v1.0,NOT_YET_AUDITED,,,FROZEN_CURRENT_ID,high,Accepted in Phase 2 after source-first review; no supported older canonical equivalent was identified.,,NOT_PHASE3_C12_TARGET,,,NOT_PHASE4_DE12_TARGET,,,NOT_PHASE5_GA11_TARGET,,,NOT_PHASE6_M26_TARGET,,,FROZEN_V1,moderate,Canonical identity frozen in MacronariaMatrix v1.0.0 after the multi-phase lineage and duplicate audit.
MC0911,FRONTAL_LATERAL_MARGIN,"Frontal, lateral margin: level with medial margin (0); raised relative to medial margin (1) (new character: based on [85]).",Mannion et al. (2019) supplied character list,M19:C544,M19_added_block_provisional_distinct,,,,MC0199; MC0010; MC0453,moderate,2,2,2,M19; M26,no,2019,2026,7,frozen-v1.0,NOT_YET_AUDITED,,,FROZEN_CURRENT_ID,high,Accepted in Phase 2 after source-first review; no supported older canonical equivalent was identified.,,NOT_PHASE3_C12_TARGET,,,NOT_PHASE4_DE12_TARGET,,,NOT_PHASE5_GA11_TARGET,,,NOT_PHASE6_M26_TARGET,,,FROZEN_V1,moderate,Canonical identity frozen in MacronariaMatrix v1.0.0 after the multi-phase lineage and duplicate audit.
MC0912,BASAL_TUBERA_SMALL_VENTROLATERAL_SET_OFF_BY_NOTCH,"Basal tubera, small ventrolateral process set off by a notch: absent (0); present (1) (new character: based on [85,87]).",Mannion et al. (2019) supplied character list,M19:C545,M19_added_block_provisional_distinct,,,,MC0050; MC0049; MC0048,moderate,2,2,2,M19; M26,no,2019,2026,7,frozen-v1.0,NOT_YET_AUDITED,,,FROZEN_CURRENT_ID,high,Accepted in Phase 2 after source-first review; no supported older canonical equivalent was identified.,,NOT_PHASE3_C12_TARGET,,,NOT_PHASE4_DE12_TARGET,,,NOT_PHASE5_GA11_TARGET,,,NOT_PHASE6_M26_TARGET,,,FROZEN_V1,moderate,Canonical identity frozen in MacronariaMatrix v1.0.0 after the multi-phase lineage and duplicate audit.
MC0913,TEETH_ROUNDED_BOSS_LIKE_STRUCTURES_MESIAL_DISTAL_MARGINS,"Teeth, rounded boss-like structures (‘buttresses’or ‘cingular cusps’) on mesial and distal margins of lingual surface, close to the base of the crown: absent (0); present (1) (new character: based on [26,54,97,118]).",Mannion et al. (2019) supplied character list,M19:C546,M19_added_block_provisional_distinct,,,,MC0333; MC0076; MC0067,moderate,2,2,2,M19; M26,no,2019,2026,7,frozen-v1.0,NOT_YET_AUDITED,,,FROZEN_CURRENT_ID,high,Accepted in Phase 2 after source-first review; no supported older canonical equivalent was identified.,,NOT_PHASE3_C12_TARGET,,,NOT_PHASE4_DE12_TARGET,,,NOT_PHASE5_GA11_TARGET,,,NOT_PHASE6_M26_TARGET,,,FROZEN_V1,moderate,Canonical identity frozen in MacronariaMatrix v1.0.0 after the multi-phase lineage and duplicate audit.
MC0914,ANTERIOR_MIDDLE_CAUDAL_CENTRA_ANTERIOR_MARGIN_ANTEROPOSTERIOR_AXIS,"Anterior-middle caudal centra, anterior margin relative to anteroposterior axis of centrum, in lateral view: perpendicular (0); inclined forward (faces anteroventrally) (1) [88].",Mannion et al. (2019) supplied character list,M19:C547,M19_added_block_provisional_distinct,,,,MC0281; MC0131; MC0132,moderate,2,2,2,M19; M26,no,2019,2026,7,frozen-v1.0,NOT_YET_AUDITED,,,FROZEN_CURRENT_ID,high,Accepted in Phase 2 after source-first review; no supported older canonical equivalent was identified.,,NOT_PHASE3_C12_TARGET,,,NOT_PHASE4_DE12_TARGET,,,NOT_PHASE5_GA11_TARGET,,,NOT_PHASE6_M26_TARGET,,,FROZEN_V1,moderate,Canonical identity frozen in MacronariaMatrix v1.0.0 after the multi-phase lineage and duplicate audit.
MC0915,FIBULA_ANTEROLATERAL_TROCHANTER_SITUATED_PROXIMAL_THIRD,"Fibula, anterolateral trochanter, situated on proximal third: absent (0); present (1) [132]; modified here based on: [85,133].",Mannion et al. (2019) supplied character list,M19:C548,M19_added_block_provisional_distinct,,,,MC0208; MC0197; MC0246,moderate,2,2,2,M19; M26,no,2019,2026,7,frozen-v1.0,NOT_YET_AUDITED,,,FROZEN_CURRENT_ID,high,Accepted in Phase 2 after source-first review; no supported older canonical equivalent was identified.,,NOT_PHASE3_C12_TARGET,,,NOT_PHASE4_DE12_TARGET,,,NOT_PHASE5_GA11_TARGET,,,NOT_PHASE6_M26_TARGET,,,FROZEN_V1,moderate,Canonical identity frozen in MacronariaMatrix v1.0.0 after the multi-phase lineage and duplicate audit.
MC0916,POSTAXIAL_CERVICAL_CENTRA_LATERAL_SURFACES,"Postaxial cervical centra, lateral surfaces: lack an excavation or have a shallow fossa (0); possess a deep foramen with clearly defined margins (1) (McIntosh, 1990; Russell & Zheng, 1993; Upchurch, 1995, 1998; revised here).",Mannion et al. (2026) revised inherited character,M26:C122,M26_split_from_M19,MC0537,split_from,"McIntosh, 1990; Russell & Zheng, 1993; Upchurch, 1995, 1998; revised here",,high,1,1,1,M26,no,2026,2026,0,frozen-v1.0,NOT_YET_AUDITED,,,NOT_PHASE2_TARGET,,,,NOT_PHASE3_C12_TARGET,,,NOT_PHASE4_DE12_TARGET,,,NOT_PHASE5_GA11_TARGET,,,NOT_PHASE6_M26_TARGET,,,FROZEN_V1,high,Canonical identity frozen in MacronariaMatrix v1.0.0 after the multi-phase lineage and duplicate audit.
MC0917,ANTERIORMOST_CAUDAL_CENTRA_CAMELLATE_INTERNAL_TISSUE_STRUCTURE,"Anteriormost caudal centra, camellate internal tissue structure: absent (0); present (1) (Powell, 1986; Wilson, 2002; Beeston et al. 2024).",Mannion et al. (2026) revised inherited character,M26:C176,M26_split_from_M19,MC0581,split_from,"Powell, 1986; Wilson, 2002; Beeston et al. 2024",,high,1,1,1,M26,no,2026,2026,0,frozen-v1.0,NOT_YET_AUDITED,,,NOT_PHASE2_TARGET,,,,NOT_PHASE3_C12_TARGET,,,NOT_PHASE4_DE12_TARGET,,,NOT_PHASE5_GA11_TARGET,,,NOT_PHASE6_M26_TARGET,,,FROZEN_V1,high,Canonical identity frozen in MacronariaMatrix v1.0.0 after the multi-phase lineage and duplicate audit.
MC0918,CRANIAL_NERVE_V_NUMBER_EXTERNAL_OPENINGS,"Cranial nerve V, number of external openings: two or more on each side (0); one on each side (1) (Martnez et al., 2016; Poropat et al., 2021, 2023).",Mannion et al. (2026) added character,M26:C550,M26_added_provisional_distinct,,,"Martnez et al., 2016; Poropat et al., 2021, 2023",MC0698; MC0700; MC0777,high,1,1,1,M26,no,2026,2026,0,frozen-v1.0,NOT_YET_AUDITED,,,NOT_PHASE2_TARGET,,,,NOT_PHASE3_C12_TARGET,,,NOT_PHASE4_DE12_TARGET,,,NOT_PHASE5_GA11_TARGET,,,FROZEN_CURRENT_ID,high,Different cranial nerves/opening propositions; no equivalent cranial-nerve-V opening-count character exists.,FROZEN_V1,high,Canonical identity frozen in MacronariaMatrix v1.0.0 after the multi-phase lineage and duplicate audit.
MC0919,SEMICIRCULAR_CANALS_MAXIMUM_DORSOVENTRAL_HEIGHTS_ANTERIOR_POSTERIOR_SEMI,"Semicircular canals, ratio of maximum dorsoventral heights of anterior to posterior semicircular canals: ?1.2 (anterior semicircular canal much larger than posterior semicircular canal) (0); <1.2 (semi- circular canals subequal in size) (1) (Knoll et al., 2012; Paulina Carabajal, 2012; Poropat et al., 2021).",Mannion et al. (2026) added character,M26:C551,M26_added_provisional_distinct,,,"Knoll et al., 2012; Paulina Carabajal, 2012; Poropat et al., 2021",,high,1,1,1,M26,no,2026,2026,0,frozen-v1.0,NOT_YET_AUDITED,,,NOT_PHASE2_TARGET,,,,NOT_PHASE3_C12_TARGET,,,NOT_PHASE4_DE12_TARGET,,,NOT_PHASE5_GA11_TARGET,,,FROZEN_CURRENT_ID,high,No earlier equivalent semicircular-canal size-ratio character is present in the canonical inventory.,FROZEN_V1,high,Canonical identity frozen in MacronariaMatrix v1.0.0 after the multi-phase lineage and duplicate audit.
MC0920,POSTORBITAL_LATERAL_HOSTS_NUTRIENT_FORAMEN_NEAR_JUNCTION_SQUAMOSAL,"Postorbital, lateral surface hosts nutrient foramen near the junction of the squamosal and jugal processes: absent (0); present (1) (Poropat et al., 2023).",Mannion et al. (2026) added character,M26:C553,M26_added_provisional_distinct,,,"Poropat et al., 2023",MC0687,high,1,1,1,M26,no,2026,2026,0,frozen-v1.0,NOT_YET_AUDITED,,,NOT_PHASE2_TARGET,,,,NOT_PHASE3_C12_TARGET,,,NOT_PHASE4_DE12_TARGET,,,NOT_PHASE5_GA11_TARGET,,,FROZEN_CURRENT_ID,high,Postorbital nutrient foramen is distinct from the postorbital posterior-process character.,FROZEN_V1,high,Canonical identity frozen in MacronariaMatrix v1.0.0 after the multi-phase lineage and duplicate audit.
MC0921,SQUAMOSAL_QUADRATE_FACET,"Squamosal, quadrate facet: undivided (0); divided such that it is bilobate or trilobate (1) (Poropat et al., 2023).",Mannion et al. (2026) added character,M26:C554,M26_added_provisional_distinct,,,"Poropat et al., 2023",MC0038; MC0033,high,1,1,1,M26,no,2026,2026,0,frozen-v1.0,NOT_YET_AUDITED,,,NOT_PHASE2_TARGET,,,,NOT_PHASE3_C12_TARGET,,,NOT_PHASE4_DE12_TARGET,,,NOT_PHASE5_GA11_TARGET,,,FROZEN_CURRENT_ID,high,Squamosal quadrate-facet lobation is distinct from pterygoid flange size and quadrate-fossa presence.,FROZEN_V1,high,Canonical identity frozen in MacronariaMatrix v1.0.0 after the multi-phase lineage and duplicate audit.
MC0922,QUADRATOJUGAL_POSTERIOR_TONGUE_LIKE,"Quadratojugal, posterior tongue-like process: absent or weakly developed (0); present (1) (Poropat et al., 2023).",Mannion et al. (2026) added character,M26:C555,M26_added_provisional_distinct,,,"Poropat et al., 2023",MC0687,high,1,1,1,M26,no,2026,2026,0,frozen-v1.0,NOT_YET_AUDITED,,,NOT_PHASE2_TARGET,,,,NOT_PHASE3_C12_TARGET,,,NOT_PHASE4_DE12_TARGET,,,NOT_PHASE5_GA11_TARGET,,,FROZEN_CURRENT_ID,high,Quadratojugal posterior tongue-like process is a distinct process on a different element.,FROZEN_V1,high,Canonical identity frozen in MacronariaMatrix v1.0.0 after the multi-phase lineage and duplicate audit.
MC0923,QUADRATOJUGAL_QUADRATE_HORIZONTAL_RIDGE_ACROSS_BOTH_ELEMENTS_ANTERIOR,"Quadratojugal and quadrate, horizontal ridge present across both elements anterior to their articulation point (lateral surface of quadrate, medial surface of quadratojugal: absent (0); present (1) (Poropat et al., 2023).",Mannion et al. (2026) added character,M26:C556,M26_added_provisional_distinct,,,"Poropat et al., 2023",MC0033,high,1,1,1,M26,no,2026,2026,0,frozen-v1.0,NOT_YET_AUDITED,,,NOT_PHASE2_TARGET,,,,NOT_PHASE3_C12_TARGET,,,NOT_PHASE4_DE12_TARGET,,,NOT_PHASE5_GA11_TARGET,,,FROZEN_CURRENT_ID,high,Horizontal ridge across quadratojugal/quadrate is distinct from quadrate-fossa presence.,FROZEN_V1,high,Canonical identity frozen in MacronariaMatrix v1.0.0 after the multi-phase lineage and duplicate audit.
MC0924,POSTAXIAL_CERVICAL_CENTRA_LATERAL_SURFACES,"Postaxial cervical centra, lateral surfaces: undivided (0); fossa or foramen divided into separate portions by one or more laminae (1) (McIntosh, 1990; Russell & Zheng, 1993; Upchurch, 1995, 1998; revised here).",Mannion et al. (2026) added character,M26:C557,M26_added_split_derived,MC0537,split_from,"McIntosh, 1990; Russell & Zheng, 1993; Upchurch, 1995, 1998; revised here",,high,1,1,1,M26,no,2026,2026,0,frozen-v1.0,NOT_YET_AUDITED,,,NOT_PHASE2_TARGET,,,,NOT_PHASE3_C12_TARGET,,,NOT_PHASE4_DE12_TARGET,,,NOT_PHASE5_GA11_TARGET,,,NOT_PHASE6_M26_TARGET,,,FROZEN_V1,high,Canonical identity frozen in MacronariaMatrix v1.0.0 after the multi-phase lineage and duplicate audit.
MC0925,MIDDLE_POSTERIOR_CERVICAL_CENTRA_PAIRED_PNEUMATIC_FOSSAE_ANTERIOR,"Middle-posterior cervical centra, paired pneumatic fossae on the anterior third of the ventral surface, level with the parapophyses: absent (0); present (1) (new character: based on Coria et al., 2013; Gorscak et al., 2014).",Mannion et al. (2026) added character,M26:C558,M26_added_provisional_distinct,,,"new character: based on Coria et al., 2013; Gorscak et al., 2014",MC0829,high,1,1,1,M26,no,2026,2026,0,frozen-v1.0,NOT_YET_AUDITED,,,NOT_PHASE2_TARGET,,,,NOT_PHASE3_C12_TARGET,,,NOT_PHASE4_DE12_TARGET,,,NOT_PHASE5_GA11_TARGET,,,FROZEN_CURRENT_ID,high,Regional analogue only: MC0829 scores anterior cervical ventral pneumatic fossae; M26 scores paired fossae in middle-posterior cervicals.,FROZEN_V1,high,Canonical identity frozen in MacronariaMatrix v1.0.0 after the multi-phase lineage and duplicate audit.
MC0926,POSTERIOR_CERVICAL_CENTRA_POSTERIOR_PARAPOPHYSIS_CAPITULUM_SUTURE_FORMS,"Posterior cervical centra, posterior margin of parapophysis-capitulum suture forms a tubercle: absent (0); present (1) (new character: based on Gorscak et al., 2014; note that this is most clearly seen in ventral view).",Mannion et al. (2026) added character,M26:C559,M26_added_provisional_distinct,,,"new character: based on Gorscak et al., 2014; note that this is most clearly seen in ventral view",,high,1,1,1,M26,no,2026,2026,0,frozen-v1.0,NOT_YET_AUDITED,,,NOT_PHASE2_TARGET,,,,NOT_PHASE3_C12_TARGET,,,NOT_PHASE4_DE12_TARGET,,,NOT_PHASE5_GA11_TARGET,,,FROZEN_CURRENT_ID,high,No earlier equivalent parapophysis-capitulum suture tubercle character is present.,FROZEN_V1,high,Canonical identity frozen in MacronariaMatrix v1.0.0 after the multi-phase lineage and duplicate audit.
MC0927,POSTAXIAL_CERVICAL_NEURAL_ARCHES_PREZYGAPOPHYSEAL_ARTICULAR_SURFACES_SIT,"Postaxial cervical neural arches, prezygapophyseal articular surfaces situated dorsal to the anterior portion of the diapophyses: absent (0); present (1) (Salgado et al., 1997; modified here).",Mannion et al. (2026) added character,M26:C560,M26_added_provisional_distinct,,,"Salgado et al., 1997; modified here",,high,1,1,1,M26,no,2026,2026,0,frozen-v1.0,NOT_YET_AUDITED,,,NOT_PHASE2_TARGET,,,,NOT_PHASE3_C12_TARGET,,,NOT_PHASE4_DE12_TARGET,,,NOT_PHASE5_GA11_TARGET,,,FROZEN_CURRENT_ID,high,No earlier equivalent relative vertical position of cervical prezygapophyses and diapophyses is present.,FROZEN_V1,high,Canonical identity frozen in MacronariaMatrix v1.0.0 after the multi-phase lineage and duplicate audit.
MC0928,MIDDLE_POSTERIOR_CERVICAL_NEURAL_SPINES_BULBOUS_LATERAL_EXPANSIONS,"Middle-posterior cervical neural spines, 'bulbous' lateral expansions at apex: absent (0); present (1) (Campos et al., 2005; Gorscak & O'Connor, 2016; modified here; note that these expansions are not formed by laminae).",Mannion et al. (2026) added character,M26:C561,M26_added_provisional_distinct,,,"Campos et al., 2005; Gorscak & O'Connor, 2016; modified here; note that these expansions are not formed by laminae",MC0267; MC0795,high,1,1,1,M26,no,2026,2026,0,frozen-v1.0,NOT_YET_AUDITED,,,NOT_PHASE2_TARGET,,,,NOT_PHASE3_C12_TARGET,,,NOT_PHASE4_DE12_TARGET,,,NOT_PHASE5_GA11_TARGET,,,FROZEN_CURRENT_ID,high,Related but narrower morphology: MC0267 scores general lateral expansion of posterior-cervical neural spines; M26 scores bulbous apical expansions explicitly not formed by laminae.,FROZEN_V1,high,Canonical identity frozen in MacronariaMatrix v1.0.0 after the multi-phase lineage and duplicate audit.
MC0929,MIDDLE_POSTERIOR_CAUDAL_INTERNAL_TISSUE_STRUCTURE,"Middle-posterior caudal vertebrae, internal tissue structure: solid (0); camellate (1) (new character: based on Cerda et al., 2012).",Mannion et al. (2026) added character,M26:C562,M26_added_provisional_distinct,,,"new character: based on Cerda et al., 2012",MC0581,high,1,1,1,M26,no,2026,2026,0,frozen-v1.0,NOT_YET_AUDITED,,,NOT_PHASE2_TARGET,,,,NOT_PHASE3_C12_TARGET,,,NOT_PHASE4_DE12_TARGET,,,NOT_PHASE5_GA11_TARGET,,,FROZEN_CURRENT_ID,high,Regional internal-tissue analogue only: middle-posterior caudals are a separate serial region.,FROZEN_V1,high,Canonical identity frozen in MacronariaMatrix v1.0.0 after the multi-phase lineage and duplicate audit.
MC0930,SCAPULOCORACOID_INTERNAL_TISSUE_STRUCTURE,"Scapulocoracoid, internal tissue structure: solid (0); camellate (1) (new character: based on Cerda et al., 2012).",Mannion et al. (2026) added character,M26:C563,M26_added_provisional_distinct,,,"new character: based on Cerda et al., 2012",MC0077,high,1,1,1,M26,no,2026,2026,0,frozen-v1.0,NOT_YET_AUDITED,,,NOT_PHASE2_TARGET,,,,NOT_PHASE3_C12_TARGET,,,NOT_PHASE4_DE12_TARGET,,,NOT_PHASE5_GA11_TARGET,,,FROZEN_CURRENT_ID,high,Scapulocoracoid internal tissue is a different skeletal region from existing vertebral tissue-texture characters.,FROZEN_V1,high,Canonical identity frozen in MacronariaMatrix v1.0.0 after the multi-phase lineage and duplicate audit.
MC0931,HUMERUS_MEDIAL_ANTERIOR_FORMS_RIDGE_ALONG_PROXIMAL_HALF,"Humerus, medial margin of anterior surface forms a ridge ('anteromedial arm') along the proximal half: absent (0); present (1) (new character: based on Mannion & Otero, 2012; Gorscak et al., 2017).",Mannion et al. (2026) added character,M26:C565,M26_added_provisional_distinct,,,"new character: based on Mannion & Otero, 2012; Gorscak et al., 2017",MC0626; MC0383,high,1,1,1,M26,no,2026,2026,0,frozen-v1.0,NOT_YET_AUDITED,,,NOT_PHASE2_TARGET,,,,NOT_PHASE3_C12_TARGET,,,NOT_PHASE4_DE12_TARGET,,,NOT_PHASE5_GA11_TARGET,,,FROZEN_CURRENT_ID,high,Humeral anteromedial arm/ridge is distinct from deltopectoral-crest medial expansion.,FROZEN_V1,high,Canonical identity frozen in MacronariaMatrix v1.0.0 after the multi-phase lineage and duplicate audit.
MC0932,FEMUR_FIBULAR_CONDYLE_POSTERIOR,"Femur, fibular condyle, posterior surface: single condyle, with the lateral portion of the posterior surface merging smoothly into the lateral surface of the distal end (0); divided, forming two distinct condylar processes (i.e. a well-developed epicondyle) (1) (Sekiya, 2011; Carballido et al., 2017; Dez Daz et al. 2025).",Mannion et al. (2026) added character,M26:C566,M26_added_provisional_distinct,,,"Sekiya, 2011; Carballido et al., 2017; Dez Daz et al. 2025",MC0769,high,1,1,1,M26,no,2026,2026,0,frozen-v1.0,NOT_YET_AUDITED,,,NOT_PHASE2_TARGET,,,,NOT_PHASE3_C12_TARGET,,,NOT_PHASE4_DE12_TARGET,,,NOT_PHASE5_GA11_TARGET,,,FROZEN_CURRENT_ID,high,Fibular-condyle subdivision/epicondyle morphology is distinct from relative condylar breadth.,FROZEN_V1,high,Canonical identity frozen in MacronariaMatrix v1.0.0 after the multi-phase lineage and duplicate audit.
MC0933,TIBIA_ANTEROMEDIAL_DISTAL_QUARTER_FORMS_SHARP_PROMINENT_RIDGE,"Tibia, anteromedial margin of distal quarter forms a sharp, prominent ridge, delimiting concave anterior and medial surfaces: absent (0); present (1) (Dez Daz et al., 2013, 2018, 2025).",Mannion et al. (2026) added character,M26:C567,M26_added_provisional_distinct,,,"Dez Daz et al., 2013, 2018, 2025",MC0402,high,1,1,1,M26,no,2026,2026,0,frozen-v1.0,NOT_YET_AUDITED,,,NOT_PHASE2_TARGET,,,,NOT_PHASE3_C12_TARGET,,,NOT_PHASE4_DE12_TARGET,,,NOT_PHASE5_GA11_TARGET,,,FROZEN_CURRENT_ID,high,Distal tibial anteromedial ridge is distinct from development of the proximal cnemial crest.,FROZEN_V1,high,Canonical identity frozen in MacronariaMatrix v1.0.0 after the multi-phase lineage and duplicate audit.
MC0934,TIBIA_FIBULA_DISTAL_ARTICULATION_TIBIA_LATERALLY_EXPANDED_DISTAL,"Tibia and fibula, distal articulation, tibia with a laterally expanded distal end (extending further laterally than the remainder of the tibia, creating a concave margin along the distal half of the tibia in anterior view) that articulates with a concave medial surface on the distal end of the fibula: absent (0); present (1) (Dez Daz et al. 2025).",Mannion et al. (2026) added character,M26:C568,M26_added_provisional_distinct,,,Dez Daz et al. 2025,MC0299; MC0506,high,1,1,1,M26,no,2026,2026,0,frozen-v1.0,NOT_YET_AUDITED,,,NOT_PHASE2_TARGET,,,,NOT_PHASE3_C12_TARGET,,,NOT_PHASE4_DE12_TARGET,,,NOT_PHASE5_GA11_TARGET,,,FROZEN_CURRENT_ID,high,Distal tibia-fibula interlocking articulation is distinct from simple distal tibial breadth ratios.,FROZEN_V1,high,Canonical identity frozen in MacronariaMatrix v1.0.0 after the multi-phase lineage and duplicate audit.
MC0935,FIBULA_POSTERODISTALLY_ORIENTATED_ACCESSORY_RIDGE_LATERAL_FIBULA_EXTENDI,"Fibula, posterodistally orientated accessory ridge on lateral surface of fibula, extending from mid-length to approximately one-quarter of fibula length from distal end: absent (0); present (1) (Dez Daz et al. 2025).",Mannion et al. (2026) added character,M26:C569,M26_added_provisional_distinct,,,Dez Daz et al. 2025,MC0208; MC0245,high,1,1,1,M26,no,2026,2026,0,frozen-v1.0,NOT_YET_AUDITED,,,NOT_PHASE2_TARGET,,,,NOT_PHASE3_C12_TARGET,,,NOT_PHASE4_DE12_TARGET,,,NOT_PHASE5_GA11_TARGET,,,FROZEN_CURRENT_ID,high,Posterodistal fibular accessory ridge is distinct from the proximal lateral trochanter and distal-end outline.,FROZEN_V1,high,Canonical identity frozen in MacronariaMatrix v1.0.0 after the multi-phase lineage and duplicate audit.
MC0936,OSTEODERMS_KEELED,"Osteoderms, keeled morphology (subcircular to oval in external or internal view and bear one or more longitudinal keels on their internal surfaces): absent (0); present (1) (Curry Rogers, 2005; D'Emic et al., 2009).",Mannion et al. (2026) added character,M26:C570,M26_added_provisional_distinct,,,"Curry Rogers, 2005; D'Emic et al., 2009",MC0234,high,1,1,1,M26,no,2026,2026,0,frozen-v1.0,NOT_YET_AUDITED,,,NOT_PHASE2_TARGET,,,,NOT_PHASE3_C12_TARGET,,,NOT_PHASE4_DE12_TARGET,,,NOT_PHASE5_GA11_TARGET,,,FROZEN_CURRENT_ID,high,Keeled osteoderm morphology is conditional on osteoderm presence but is not the same presence/absence character.,FROZEN_V1,high,Canonical identity frozen in MacronariaMatrix v1.0.0 after the multi-phase lineage and duplicate audit.
MC0937,ANTERIOR_MOST_CAUDAL_NEURAL_ARCHES_CAMELLATE_INTERNAL_TISSUE,"Anterior-most caudal neural arches, camellate internal tissue structure: absent (0); present (1) (Beeston et al. 2024).",Mannion et al. (2026) added character,M26:C571,M26_added_split_derived,MC0581,split_from,Beeston et al. 2024,,high,1,1,1,M26,no,2026,2026,0,frozen-v1.0,NOT_YET_AUDITED,,,NOT_PHASE2_TARGET,,,,NOT_PHASE3_C12_TARGET,,,NOT_PHASE4_DE12_TARGET,,,NOT_PHASE5_GA11_TARGET,,,NOT_PHASE6_M26_TARGET,,,FROZEN_V1,high,Canonical identity frozen in MacronariaMatrix v1.0.0 after the multi-phase lineage and duplicate audit.
MC0938,FIRST_CAUDAL_CENTRUM_VENTRAL_MIDLINE_KEEL,"First caudal centrum, ventral midline keel: absent (0); present (1) (Upchurch et al. 2004b; Tschopp et al. 2015; modified here; note that the derived state is scored if a keel is present in the anteriormost caudal vertebra preserved).",Mannion et al. (2026) added character,M26:C572,M26_added_provisional_distinct,,,Upchurch et al. 2004b; Tschopp et al. 2015; modified here; note that the derived state is scored if a keel is present in the anteriormost caudal vertebra preserved,MC0532; MC0535; MC0554; MC0434,high,1,1,1,M26,no,2026,2026,0,frozen-v1.0,NOT_YET_AUDITED,,,NOT_PHASE2_TARGET,,,,NOT_PHASE3_C12_TARGET,,,NOT_PHASE4_DE12_TARGET,,,NOT_PHASE5_GA11_TARGET,,,FROZEN_CURRENT_ID,high,Regional analogue only: the first-caudal ventral keel is distinct from axial/postaxial cervical and dorsal keel characters.,FROZEN_V1,high,Canonical identity frozen in MacronariaMatrix v1.0.0 after the multi-phase lineage and duplicate audit.
MC0939,HUMERUS_RIDGE_EXTENDS_MEDIALLY_DELTOPECTORAL_CREST_THEN_TURNS,"Humerus, ridge extends medially from deltopectoral crest, then turns to extend proximally, creating a fossa lying medial to the dorsal part of the deltopectoral crest on the anterior face: absent (0); present (1) (Beeston et al. 2024).",Mannion et al. (2026) added character,M26:C573,M26_added_provisional_distinct,,,Beeston et al. 2024,MC0626; MC0383,high,1,1,1,M26,no,2026,2026,0,frozen-v1.0,NOT_YET_AUDITED,,,NOT_PHASE2_TARGET,,,,NOT_PHASE3_C12_TARGET,,,NOT_PHASE4_DE12_TARGET,,,NOT_PHASE5_GA11_TARGET,,,FROZEN_CURRENT_ID,high,Ridge-and-fossa complex medial to the deltopectoral crest is distinct from crest position and posterolateral humeral bulge.,FROZEN_V1,high,Canonical identity frozen in MacronariaMatrix v1.0.0 after the multi-phase lineage and duplicate audit.
MC0940,ULNA_PROMINENT_INTEROSSEOUS_RIDGE_DISTAL_ANTERIOR,"Ulna, prominent interosseous ridge on distal anterior surface: absent (0); present (1) (Beeston et al. 2024).",Mannion et al. (2026) added character,M26:C574,M26_added_provisional_distinct,,,Beeston et al. 2024,MC0631,high,1,1,1,M26,no,2026,2026,0,frozen-v1.0,NOT_YET_AUDITED,,,NOT_PHASE2_TARGET,,,,NOT_PHASE3_C12_TARGET,,,NOT_PHASE4_DE12_TARGET,,,NOT_PHASE5_GA11_TARGET,,,FROZEN_CURRENT_ID,high,"Ulna interosseous ridge is an anatomical analogue of the radial interosseous ridge, not the same character.",FROZEN_V1,high,Canonical identity frozen in MacronariaMatrix v1.0.0 after the multi-phase lineage and duplicate audit.
MC0941,ISCHIUM_PROMINENT_FLANGE_EXTENDS_ANTEROMEDIALLY_ACETABULUM_SECTION_FORME,"Ischium, prominent flange extends anteromedially from the margin of the acetabulum on the section formed by the iliac peduncle: absent (0); present (1) (new character: based on Upchurch et al. 2011; D'Emic et al. 2013).",Mannion et al. (2026) added character,M26:C575,M26_added_provisional_distinct,,,new character: based on Upchurch et al. 2011; D'Emic et al. 2013,MC0393; MC0453,high,1,1,1,M26,no,2026,2026,0,frozen-v1.0,NOT_YET_AUDITED,,,NOT_PHASE2_TARGET,,,,NOT_PHASE3_C12_TARGET,,,NOT_PHASE4_DE12_TARGET,,,NOT_PHASE5_GA11_TARGET,,,FROZEN_CURRENT_ID,high,Anteromedial ischial acetabular flange is distinct from lateral tuberosity and acetabular-margin embayment.,FROZEN_V1,high,Canonical identity frozen in MacronariaMatrix v1.0.0 after the multi-phase lineage and duplicate audit.
MC0942,TIBIA_DOUBLE_RIDGE_EXTENDING_DISTALLY_LATERAL_PROJECTION_PROXIMAL,"Tibia, double ridge extending distally from lateral projection of proximal articular area, with fossa posterolateral to ridges containing a lower tuberosity and an upper deep pit: absent (0); present (1) (Beeston et al. 2024).",Mannion et al. (2026) added character,M26:C576,M26_added_provisional_distinct,,,Beeston et al. 2024 | Janensch 1914,MC0402,high,1,1,1,M26,no,2026,2026,0,frozen-v1.0,NOT_YET_AUDITED,,,NOT_PHASE2_TARGET,,,,NOT_PHASE3_C12_TARGET,,,NOT_PHASE4_DE12_TARGET,,,NOT_PHASE5_GA11_TARGET,,,FROZEN_CURRENT_ID,high,Proximal tibial double-ridge/fossa complex is distinct from the cnemial-crest development character.,FROZEN_V1,high,Canonical identity frozen in MacronariaMatrix v1.0.0 after the multi-phase lineage and duplicate audit.
