relationship_id,source_occurrences,target_occurrence,canonical_character_id,original_canonical_character_id,relationship_type,confidence,source_block,source_attribution,source_reference_codes,related_non_equivalent_concepts,top_candidate,top_candidate_score,rationale
REL-WU09-001,WIL02_REF:C1,WU09:C1,MC0001,MC0001,inherited_unchanged,high,,,,,,,Same numbering and character definition; WU09 uses Wilson (2002) definition.
REL-WU09-002,WIL02_REF:C2,WU09:C2,MC0002,MC0002,inherited_unchanged,high,,,,,,,Same numbering and character definition; WU09 uses Wilson (2002) definition.
REL-WU09-003,WIL02_REF:C3,WU09:C3,MC0003,MC0003,inherited_unchanged,high,,,,,,,Same numbering and character definition; WU09 uses Wilson (2002) definition.
REL-WU09-004,WIL02_REF:C4,WU09:C4,MC0004,MC0004,inherited_unchanged,high,,,,,,,Same numbering and character definition; WU09 uses Wilson (2002) definition.
REL-WU09-005,WIL02_REF:C5,WU09:C5,MC0005,MC0005,inherited_unchanged,high,,,,,,,Same numbering and character definition; WU09 uses Wilson (2002) definition.
REL-WU09-006,WIL02_REF:C6,WU09:C6,MC0006,MC0006,inherited_unchanged,high,,,,,,,Same numbering and character definition; WU09 uses Wilson (2002) definition.
REL-WU09-007,WIL02_REF:C7,WU09:C7,MC0007,MC0007,inherited_unchanged,high,,,,,,,Same numbering and character definition; WU09 uses Wilson (2002) definition.
REL-WU09-008,WIL02_REF:C8,WU09:C8,MC0008,MC0008,inherited_unchanged,high,,,,,,,Same numbering and character definition; WU09 uses Wilson (2002) definition.
REL-WU09-009,WIL02_REF:C9,WU09:C9,MC0009,MC0009,inherited_unchanged,high,,,,,,,Same numbering and character definition; WU09 uses Wilson (2002) definition.
REL-WU09-010,WIL02_REF:C10,WU09:C10,MC0010,MC0010,inherited_unchanged,high,,,,,,,Same numbering and character definition; WU09 uses Wilson (2002) definition.
REL-WU09-011,WIL02_REF:C11,WU09:C11,MC0011,MC0011,inherited_unchanged,high,,,,,,,Same numbering and character definition; WU09 uses Wilson (2002) definition.
REL-WU09-012,WIL02_REF:C12,WU09:C12,MC0012,MC0012,inherited_unchanged,high,,,,,,,Same numbering and character definition; WU09 uses Wilson (2002) definition.
REL-WU09-013,WIL02_REF:C13,WU09:C13,MC0013,MC0013,inherited_unchanged,high,,,,,,,Same numbering and character definition; WU09 uses Wilson (2002) definition.
REL-WU09-014,WIL02_REF:C14,WU09:C14,MC0014,MC0014,inherited_unchanged,high,,,,,,,Same numbering and character definition; WU09 uses Wilson (2002) definition.
REL-WU09-015,WIL02_REF:C15,WU09:C15,MC0015,MC0015,inherited_unchanged,high,,,,,,,Same numbering and character definition; WU09 uses Wilson (2002) definition.
REL-WU09-016,WIL02_REF:C16,WU09:C16,MC0016,MC0016,inherited_unchanged,high,,,,,,,Same numbering and character definition; WU09 uses Wilson (2002) definition.
REL-WU09-017,WIL02_REF:C17,WU09:C17,MC0017,MC0017,inherited_unchanged,high,,,,,,,Same numbering and character definition; WU09 uses Wilson (2002) definition.
REL-WU09-018,WIL02_REF:C18,WU09:C18,MC0018,MC0018,inherited_unchanged,high,,,,,,,Same numbering and character definition; WU09 uses Wilson (2002) definition.
REL-WU09-019,WIL02_REF:C19,WU09:C19,MC0019,MC0019,inherited_unchanged,high,,,,,,,Same numbering and character definition; WU09 uses Wilson (2002) definition.
REL-WU09-020,WIL02_REF:C20,WU09:C20,MC0020,MC0020,inherited_unchanged,high,,,,,,,Same numbering and character definition; WU09 uses Wilson (2002) definition.
REL-WU09-021,WIL02_REF:C21,WU09:C21,MC0021,MC0021,inherited_unchanged,high,,,,,,,Same numbering and character definition; WU09 uses Wilson (2002) definition.
REL-WU09-022,WIL02_REF:C22,WU09:C22,MC0022,MC0022,inherited_unchanged,high,,,,,,,Same numbering and character definition; WU09 uses Wilson (2002) definition.
REL-WU09-023,WIL02_REF:C23,WU09:C23,MC0023,MC0023,inherited_unchanged,high,,,,,,,Same numbering and character definition; WU09 uses Wilson (2002) definition.
REL-WU09-024,WIL02_REF:C24,WU09:C24,MC0024,MC0024,inherited_unchanged,high,,,,,,,Same numbering and character definition; WU09 uses Wilson (2002) definition.
REL-WU09-025,WIL02_REF:C25,WU09:C25,MC0025,MC0025,inherited_unchanged,high,,,,,,,Same numbering and character definition; WU09 uses Wilson (2002) definition.
REL-WU09-026,WIL02_REF:C26,WU09:C26,MC0026,MC0026,inherited_unchanged,high,,,,,,,Same numbering and character definition; WU09 uses Wilson (2002) definition.
REL-WU09-027,WIL02_REF:C27,WU09:C27,MC0027,MC0027,inherited_unchanged,high,,,,,,,Same numbering and character definition; WU09 uses Wilson (2002) definition.
REL-WU09-028,WIL02_REF:C28,WU09:C28,MC0028,MC0028,inherited_unchanged,high,,,,,,,Same numbering and character definition; WU09 uses Wilson (2002) definition.
REL-WU09-029,WIL02_REF:C29,WU09:C29,MC0029,MC0029,inherited_unchanged,high,,,,,,,Same numbering and character definition; WU09 uses Wilson (2002) definition.
REL-WU09-030,WIL02_REF:C30,WU09:C30,MC0030,MC0030,inherited_unchanged,high,,,,,,,Same numbering and character definition; WU09 uses Wilson (2002) definition.
REL-WU09-031,WIL02_REF:C31,WU09:C31,MC0031,MC0031,inherited_unchanged,high,,,,,,,Same numbering and character definition; WU09 uses Wilson (2002) definition.
REL-WU09-032,WIL02_REF:C32,WU09:C32,MC0032,MC0032,inherited_unchanged,high,,,,,,,Same numbering and character definition; WU09 uses Wilson (2002) definition.
REL-WU09-033,WIL02_REF:C33,WU09:C33,MC0033,MC0033,inherited_unchanged,high,,,,,,,Same numbering and character definition; WU09 uses Wilson (2002) definition.
REL-WU09-034,WIL02_REF:C34,WU09:C34,MC0034,MC0034,inherited_unchanged,high,,,,,,,Same numbering and character definition; WU09 uses Wilson (2002) definition.
REL-WU09-035,WIL02_REF:C35,WU09:C35,MC0035,MC0035,inherited_unchanged,high,,,,,,,Same numbering and character definition; WU09 uses Wilson (2002) definition.
REL-WU09-036,WIL02_REF:C36,WU09:C36,MC0036,MC0036,inherited_unchanged,high,,,,,,,Same numbering and character definition; WU09 uses Wilson (2002) definition.
REL-WU09-037,WIL02_REF:C37,WU09:C37,MC0037,MC0037,inherited_unchanged,high,,,,,,,Same numbering and character definition; WU09 uses Wilson (2002) definition.
REL-WU09-038,WIL02_REF:C38,WU09:C38,MC0038,MC0038,inherited_unchanged,high,,,,,,,Same numbering and character definition; WU09 uses Wilson (2002) definition.
REL-WU09-039,WIL02_REF:C39,WU09:C39,MC0039,MC0039,inherited_unchanged,high,,,,,,,Same numbering and character definition; WU09 uses Wilson (2002) definition.
REL-WU09-040,WIL02_REF:C40,WU09:C40,MC0040,MC0040,inherited_unchanged,high,,,,,,,Same numbering and character definition; WU09 uses Wilson (2002) definition.
REL-WU09-041,WIL02_REF:C41,WU09:C41,MC0041,MC0041,inherited_unchanged,high,,,,,,,Same numbering and character definition; WU09 uses Wilson (2002) definition.
REL-WU09-042,WIL02_REF:C42,WU09:C42,MC0042,MC0042,inherited_unchanged,high,,,,,,,Same numbering and character definition; WU09 uses Wilson (2002) definition.
REL-WU09-043,WIL02_REF:C43,WU09:C43,MC0043,MC0043,inherited_unchanged,high,,,,,,,Same numbering and character definition; WU09 uses Wilson (2002) definition.
REL-WU09-044,WIL02_REF:C44,WU09:C44,MC0044,MC0044,inherited_unchanged,high,,,,,,,Same numbering and character definition; WU09 uses Wilson (2002) definition.
REL-WU09-045,WIL02_REF:C45,WU09:C45,MC0045,MC0045,inherited_unchanged,high,,,,,,,Same numbering and character definition; WU09 uses Wilson (2002) definition.
REL-WU09-046,WIL02_REF:C46,WU09:C46,MC0046,MC0046,inherited_unchanged,high,,,,,,,Same numbering and character definition; WU09 uses Wilson (2002) definition.
REL-WU09-047,WIL02_REF:C47,WU09:C47,MC0047,MC0047,inherited_unchanged,high,,,,,,,Same numbering and character definition; WU09 uses Wilson (2002) definition.
REL-WU09-048,WIL02_REF:C48,WU09:C48,MC0048,MC0048,inherited_unchanged,high,,,,,,,Same numbering and character definition; WU09 uses Wilson (2002) definition.
REL-WU09-049,WIL02_REF:C49,WU09:C49,MC0049,MC0049,inherited_unchanged,high,,,,,,,Same numbering and character definition; WU09 uses Wilson (2002) definition.
REL-WU09-050,WIL02_REF:C50,WU09:C50,MC0050,MC0050,inherited_unchanged,high,,,,,,,Same numbering and character definition; WU09 uses Wilson (2002) definition.
REL-WU09-051,WIL02_REF:C51,WU09:C51,MC0051,MC0051,inherited_unchanged,high,,,,,,,Same numbering and character definition; WU09 uses Wilson (2002) definition.
REL-WU09-052,WIL02_REF:C52,WU09:C52,MC0052,MC0052,inherited_unchanged,high,,,,,,,Same numbering and character definition; WU09 uses Wilson (2002) definition.
REL-WU09-053,WIL02_REF:C53,WU09:C53,MC0053,MC0053,inherited_unchanged,high,,,,,,,Same numbering and character definition; WU09 uses Wilson (2002) definition.
REL-WU09-054,WIL02_REF:C54,WU09:C54,MC0054,MC0054,inherited_unchanged,high,,,,,,,Same numbering and character definition; WU09 uses Wilson (2002) definition.
REL-WU09-055,WIL02_REF:C55,WU09:C55,MC0055,MC0055,inherited_unchanged,high,,,,,,,Same numbering and character definition; WU09 uses Wilson (2002) definition.
REL-WU09-056,WIL02_REF:C56,WU09:C56,MC0056,MC0056,inherited_unchanged,high,,,,,,,Same numbering and character definition; WU09 uses Wilson (2002) definition.
REL-WU09-057,WIL02_REF:C57,WU09:C57,MC0057,MC0057,inherited_unchanged,high,,,,,,,Same numbering and character definition; WU09 uses Wilson (2002) definition.
REL-WU09-058,WIL02_REF:C58,WU09:C58,MC0058,MC0058,inherited_unchanged,high,,,,,,,Same numbering and character definition; WU09 uses Wilson (2002) definition.
REL-WU09-059,WIL02_REF:C59,WU09:C59,MC0059,MC0059,inherited_unchanged,high,,,,,,,Same numbering and character definition; WU09 uses Wilson (2002) definition.
REL-WU09-060,WIL02_REF:C60,WU09:C60,MC0060,MC0060,inherited_unchanged,high,,,,,,,Same numbering and character definition; WU09 uses Wilson (2002) definition.
REL-WU09-061,WIL02_REF:C61,WU09:C61,MC0061,MC0061,inherited_unchanged,high,,,,,,,Same numbering and character definition; WU09 uses Wilson (2002) definition.
REL-WU09-062,WIL02_REF:C62,WU09:C62,MC0062,MC0062,inherited_unchanged,high,,,,,,,Same numbering and character definition; WU09 uses Wilson (2002) definition.
REL-WU09-063,WIL02_REF:C63,WU09:C63,MC0063,MC0063,inherited_unchanged,high,,,,,,,Same numbering and character definition; WU09 uses Wilson (2002) definition.
REL-WU09-064,WIL02_REF:C64,WU09:C64,MC0064,MC0064,inherited_unchanged,high,,,,,,,Same numbering and character definition; WU09 uses Wilson (2002) definition.
REL-WU09-065,WIL02_REF:C65,WU09:C65,MC0065,MC0065,inherited_unchanged,high,,,,,,,Same numbering and character definition; WU09 uses Wilson (2002) definition.
REL-WU09-066,WIL02_REF:C66,WU09:C66,MC0066,MC0066,inherited_unchanged,high,,,,,,,Same numbering and character definition; WU09 uses Wilson (2002) definition.
REL-WU09-067,WIL02_REF:C67,WU09:C67,MC0067,MC0067,inherited_unchanged,high,,,,,,,Same numbering and character definition; WU09 uses Wilson (2002) definition.
REL-WU09-068,WIL02_REF:C68,WU09:C68,MC0068,MC0068,inherited_unchanged,high,,,,,,,Same numbering and character definition; WU09 uses Wilson (2002) definition.
REL-WU09-069,WIL02_REF:C69,WU09:C69,MC0069,MC0069,inherited_unchanged,high,,,,,,,Same numbering and character definition; WU09 uses Wilson (2002) definition.
REL-WU09-070,WIL02_REF:C70,WU09:C70,MC0070,MC0070,inherited_unchanged,high,,,,,,,Same numbering and character definition; WU09 uses Wilson (2002) definition.
REL-WU09-071,WIL02_REF:C71,WU09:C71,MC0071,MC0071,inherited_unchanged,high,,,,,,,Same numbering and character definition; WU09 uses Wilson (2002) definition.
REL-WU09-072,WIL02_REF:C72,WU09:C72,MC0072,MC0072,inherited_unchanged,high,,,,,,,Same numbering and character definition; WU09 uses Wilson (2002) definition.
REL-WU09-073,WIL02_REF:C73,WU09:C73,MC0073,MC0073,inherited_unchanged,high,,,,,,,Same numbering and character definition; WU09 uses Wilson (2002) definition.
REL-WU09-074,WIL02_REF:C74,WU09:C74,MC0074,MC0074,inherited_unchanged,high,,,,,,,Same numbering and character definition; WU09 uses Wilson (2002) definition.
REL-WU09-075,WIL02_REF:C75,WU09:C75,MC0075,MC0075,inherited_unchanged,high,,,,,,,Same numbering and character definition; WU09 uses Wilson (2002) definition.
REL-WU09-076,WIL02_REF:C76,WU09:C76,MC0076,MC0076,inherited_unchanged,high,,,,,,,Same numbering and character definition; WU09 uses Wilson (2002) definition.
REL-WU09-077,WIL02_REF:C77,WU09:C77,MC0077,MC0077,inherited_unchanged,high,,,,,,,Same numbering and character definition; WU09 uses Wilson (2002) definition.
REL-WU09-078,WIL02_REF:C78,WU09:C78,MC0078,MC0078,inherited_unchanged,high,,,,,,,Same numbering and character definition; WU09 uses Wilson (2002) definition.
REL-WU09-079,WIL02_REF:C79,WU09:C79,MC0079,MC0079,inherited_unchanged,high,,,,,,,Same numbering and character definition; WU09 uses Wilson (2002) definition.
REL-WU09-080,WIL02_REF:C80,WU09:C80,MC0080,MC0080,inherited_unchanged,high,,,,,,,Same numbering and character definition; WU09 uses Wilson (2002) definition.
REL-WU09-081,WIL02_REF:C81,WU09:C81,MC0081,MC0081,inherited_unchanged,high,,,,,,,Same numbering and character definition; WU09 uses Wilson (2002) definition.
REL-WU09-082,WIL02_REF:C82,WU09:C82,MC0082,MC0082,inherited_unchanged,high,,,,,,,Same numbering and character definition; WU09 uses Wilson (2002) definition.
REL-WU09-083,WIL02_REF:C83,WU09:C83,MC0083,MC0083,inherited_unchanged,high,,,,,,,Same numbering and character definition; WU09 uses Wilson (2002) definition.
REL-WU09-084,WIL02_REF:C84,WU09:C84,MC0084,MC0084,inherited_unchanged,high,,,,,,,Same numbering and character definition; WU09 uses Wilson (2002) definition.
REL-WU09-085,WIL02_REF:C85,WU09:C85,MC0085,MC0085,inherited_unchanged,high,,,,,,,Same numbering and character definition; WU09 uses Wilson (2002) definition.
REL-WU09-086,WIL02_REF:C86,WU09:C86,MC0086,MC0086,inherited_unchanged,high,,,,,,,Same numbering and character definition; WU09 uses Wilson (2002) definition.
REL-WU09-087,WIL02_REF:C87,WU09:C87,MC0087,MC0087,inherited_unchanged,high,,,,,,,Same numbering and character definition; WU09 uses Wilson (2002) definition.
REL-WU09-088,WIL02_REF:C88,WU09:C88,MC0088,MC0088,inherited_unchanged,high,,,,,,,Same numbering and character definition; WU09 uses Wilson (2002) definition.
REL-WU09-089,WIL02_REF:C89,WU09:C89,MC0089,MC0089,inherited_unchanged,high,,,,,,,Same numbering and character definition; WU09 uses Wilson (2002) definition.
REL-WU09-090,WIL02_REF:C90,WU09:C90,MC0090,MC0090,inherited_unchanged,high,,,,,,,Same numbering and character definition; WU09 uses Wilson (2002) definition.
REL-WU09-091,WIL02_REF:C91,WU09:C91,MC0091,MC0091,inherited_unchanged,high,,,,,,,Same numbering and character definition; WU09 uses Wilson (2002) definition.
REL-WU09-092,WIL02_REF:C92,WU09:C92,MC0092,MC0092,inherited_unchanged,high,,,,,,,Same numbering and character definition; WU09 uses Wilson (2002) definition.
REL-WU09-093,WIL02_REF:C93,WU09:C93,MC0093,MC0093,inherited_unchanged,high,,,,,,,Same numbering and character definition; WU09 uses Wilson (2002) definition.
REL-WU09-094,WIL02_REF:C94,WU09:C94,MC0094,MC0094,inherited_unchanged,high,,,,,,,Same numbering and character definition; WU09 uses Wilson (2002) definition.
REL-WU09-095,WIL02_REF:C95,WU09:C95,MC0095,MC0095,inherited_unchanged,high,,,,,,,Same numbering and character definition; WU09 uses Wilson (2002) definition.
REL-WU09-096,WIL02_REF:C96,WU09:C96,MC0096,MC0096,inherited_unchanged,high,,,,,,,Same numbering and character definition; WU09 uses Wilson (2002) definition.
REL-WU09-097,WIL02_REF:C97,WU09:C97,MC0097,MC0097,inherited_unchanged,high,,,,,,,Same numbering and character definition; WU09 uses Wilson (2002) definition.
REL-WU09-098,WIL02_REF:C98,WU09:C98,MC0098,MC0098,inherited_unchanged,high,,,,,,,Same numbering and character definition; WU09 uses Wilson (2002) definition.
REL-WU09-099,WIL02_REF:C99,WU09:C99,MC0099,MC0099,inherited_unchanged,high,,,,,,,Same numbering and character definition; WU09 uses Wilson (2002) definition.
REL-WU09-100,WIL02_REF:C100,WU09:C100,MC0100,MC0100,inherited_unchanged,high,,,,,,,Same numbering and character definition; WU09 uses Wilson (2002) definition.
REL-WU09-101,WIL02_REF:C101,WU09:C101,MC0101,MC0101,inherited_unchanged,high,,,,,,,Same numbering and character definition; WU09 uses Wilson (2002) definition.
REL-WU09-102,WIL02_REF:C102,WU09:C102,MC0102,MC0102,inherited_unchanged,high,,,,,,,Same numbering and character definition; WU09 uses Wilson (2002) definition.
REL-WU09-103,WIL02_REF:C103,WU09:C103,MC0103,MC0103,inherited_unchanged,high,,,,,,,Same numbering and character definition; WU09 uses Wilson (2002) definition.
REL-WU09-104,WIL02_REF:C104,WU09:C104,MC0104,MC0104,inherited_unchanged,high,,,,,,,Same numbering and character definition; WU09 uses Wilson (2002) definition.
REL-WU09-105,WIL02_REF:C105,WU09:C105,MC0105,MC0105,inherited_unchanged,high,,,,,,,Same numbering and character definition; WU09 uses Wilson (2002) definition.
REL-WU09-106,WIL02_REF:C106,WU09:C106,MC0106,MC0106,inherited_unchanged,high,,,,,,,Same numbering and character definition; WU09 uses Wilson (2002) definition.
REL-WU09-107,WIL02_REF:C107,WU09:C107,MC0107,MC0107,inherited_unchanged,high,,,,,,,Same numbering and character definition; WU09 uses Wilson (2002) definition.
REL-WU09-108,WIL02_REF:C108,WU09:C108,MC0108,MC0108,inherited_unchanged,high,,,,,,,Same numbering and character definition; WU09 uses Wilson (2002) definition.
REL-WU09-109,WIL02_REF:C109,WU09:C109,MC0109,MC0109,inherited_unchanged,high,,,,,,,Same numbering and character definition; WU09 uses Wilson (2002) definition.
REL-WU09-110,WIL02_REF:C110,WU09:C110,MC0110,MC0110,inherited_unchanged,high,,,,,,,Same numbering and character definition; WU09 uses Wilson (2002) definition.
REL-WU09-111,WIL02_REF:C111,WU09:C111,MC0111,MC0111,inherited_unchanged,high,,,,,,,Same numbering and character definition; WU09 uses Wilson (2002) definition.
REL-WU09-112,WIL02_REF:C112,WU09:C112,MC0112,MC0112,inherited_unchanged,high,,,,,,,Same numbering and character definition; WU09 uses Wilson (2002) definition.
REL-WU09-113,WIL02_REF:C113,WU09:C113,MC0113,MC0113,inherited_unchanged,high,,,,,,,Same numbering and character definition; WU09 uses Wilson (2002) definition.
REL-WU09-114,WIL02_REF:C114,WU09:C114,MC0114,MC0114,inherited_unchanged,high,,,,,,,Same numbering and character definition; WU09 uses Wilson (2002) definition.
REL-WU09-115,WIL02_REF:C115,WU09:C115,MC0115,MC0115,inherited_unchanged,high,,,,,,,Same numbering and character definition; WU09 uses Wilson (2002) definition.
REL-WU09-116,WIL02_REF:C116,WU09:C116,MC0116,MC0116,inherited_unchanged,high,,,,,,,Same numbering and character definition; WU09 uses Wilson (2002) definition.
REL-WU09-117,WIL02_REF:C117,WU09:C117,MC0117,MC0117,inherited_unchanged,high,,,,,,,Same numbering and character definition; WU09 uses Wilson (2002) definition.
REL-WU09-118,WIL02_REF:C118,WU09:C118,MC0118,MC0118,inherited_unchanged,high,,,,,,,Same numbering and character definition; WU09 uses Wilson (2002) definition.
REL-WU09-119,WIL02_REF:C119,WU09:C119,MC0119,MC0119,inherited_unchanged,high,,,,,,,Same numbering and character definition; WU09 uses Wilson (2002) definition.
REL-WU09-120,WIL02_REF:C120,WU09:C120,MC0120,MC0120,inherited_unchanged,high,,,,,,,Same numbering and character definition; WU09 uses Wilson (2002) definition.
REL-WU09-121,WIL02_REF:C121,WU09:C121,MC0121,MC0121,inherited_unchanged,high,,,,,,,Same numbering and character definition; WU09 uses Wilson (2002) definition.
REL-WU09-122,WIL02_REF:C122,WU09:C122,MC0122,MC0122,inherited_unchanged,high,,,,,,,Same numbering and character definition; WU09 uses Wilson (2002) definition.
REL-WU09-123,WIL02_REF:C123,WU09:C123,MC0123,MC0123,inherited_unchanged,high,,,,,,,Same numbering and character definition; WU09 uses Wilson (2002) definition.
REL-WU09-124,WIL02_REF:C124,WU09:C124,MC0124,MC0124,inherited_unchanged,high,,,,,,,Same numbering and character definition; WU09 uses Wilson (2002) definition.
REL-WU09-125,WIL02_REF:C125,WU09:C125,MC0125,MC0125,inherited_unchanged,high,,,,,,,Same numbering and character definition; WU09 uses Wilson (2002) definition.
REL-WU09-126,WIL02_REF:C126,WU09:C126,MC0126,MC0126,inherited_unchanged,high,,,,,,,Same numbering and character definition; WU09 uses Wilson (2002) definition.
REL-WU09-127,WIL02_REF:C127,WU09:C127,MC0127,MC0127,inherited_unchanged,high,,,,,,,Same numbering and character definition; WU09 uses Wilson (2002) definition.
REL-WU09-128,WIL02_REF:C128,WU09:C128,MC0128,MC0128,inherited_unchanged,high,,,,,,,Same numbering and character definition; WU09 uses Wilson (2002) definition.
REL-WU09-129,WIL02_REF:C129,WU09:C129,MC0129,MC0129,inherited_unchanged,high,,,,,,,Same numbering and character definition; WU09 uses Wilson (2002) definition.
REL-WU09-130,WIL02_REF:C130,WU09:C130,MC0130,MC0130,inherited_unchanged,high,,,,,,,Same numbering and character definition; WU09 uses Wilson (2002) definition.
REL-WU09-131,WIL02_REF:C131,WU09:C131,MC0131,MC0131,inherited_unchanged,high,,,,,,,Same numbering and character definition; WU09 uses Wilson (2002) definition.
REL-WU09-132,WIL02_REF:C132,WU09:C132,MC0132,MC0132,inherited_unchanged,high,,,,,,,Same numbering and character definition; WU09 uses Wilson (2002) definition.
REL-WU09-133,WIL02_REF:C133,WU09:C133,MC0133,MC0133,inherited_unchanged,high,,,,,,,Same numbering and character definition; WU09 uses Wilson (2002) definition.
REL-WU09-134,WIL02_REF:C134,WU09:C134,MC0134,MC0134,inherited_unchanged,high,,,,,,,Same numbering and character definition; WU09 uses Wilson (2002) definition.
REL-WU09-135,WIL02_REF:C135,WU09:C135,MC0135,MC0135,inherited_unchanged,high,,,,,,,Same numbering and character definition; WU09 uses Wilson (2002) definition.
REL-WU09-136,WIL02_REF:C136,WU09:C136,MC0136,MC0136,inherited_unchanged,high,,,,,,,Same numbering and character definition; WU09 uses Wilson (2002) definition.
REL-WU09-137,WIL02_REF:C137,WU09:C137,MC0137,MC0137,inherited_unchanged,high,,,,,,,Same numbering and character definition; WU09 uses Wilson (2002) definition.
REL-WU09-138,WIL02_REF:C138,WU09:C138,MC0138,MC0138,inherited_unchanged,high,,,,,,,Same numbering and character definition; WU09 uses Wilson (2002) definition.
REL-WU09-139,WIL02_REF:C139,WU09:C139,MC0139,MC0139,inherited_unchanged,high,,,,,,,Same numbering and character definition; WU09 uses Wilson (2002) definition.
REL-WU09-140,WIL02_REF:C140,WU09:C140,MC0140,MC0140,inherited_unchanged,high,,,,,,,Same numbering and character definition; WU09 uses Wilson (2002) definition.
REL-WU09-141,WIL02_REF:C141,WU09:C141,MC0141,MC0141,inherited_unchanged,high,,,,,,,Same numbering and character definition; WU09 uses Wilson (2002) definition.
REL-WU09-142,WIL02_REF:C142,WU09:C142,MC0142,MC0142,inherited_unchanged,high,,,,,,,Same numbering and character definition; WU09 uses Wilson (2002) definition.
REL-WU09-143,WIL02_REF:C143,WU09:C143,MC0143,MC0143,inherited_unchanged,high,,,,,,,Same numbering and character definition; WU09 uses Wilson (2002) definition.
REL-WU09-144,WIL02_REF:C144,WU09:C144,MC0144,MC0144,inherited_unchanged,high,,,,,,,Same numbering and character definition; WU09 uses Wilson (2002) definition.
REL-WU09-145,WIL02_REF:C145,WU09:C145,MC0145,MC0145,inherited_unchanged,high,,,,,,,Same numbering and character definition; WU09 uses Wilson (2002) definition.
REL-WU09-146,WIL02_REF:C146,WU09:C146,MC0146,MC0146,inherited_unchanged,high,,,,,,,Same numbering and character definition; WU09 uses Wilson (2002) definition.
REL-WU09-147,WIL02_REF:C147,WU09:C147,MC0147,MC0147,inherited_unchanged,high,,,,,,,Same numbering and character definition; WU09 uses Wilson (2002) definition.
REL-WU09-148,WIL02_REF:C148,WU09:C148,MC0148,MC0148,inherited_unchanged,high,,,,,,,Same numbering and character definition; WU09 uses Wilson (2002) definition.
REL-WU09-149,WIL02_REF:C149,WU09:C149,MC0149,MC0149,inherited_unchanged,high,,,,,,,Same numbering and character definition; WU09 uses Wilson (2002) definition.
REL-WU09-150,WIL02_REF:C150,WU09:C150,MC0150,MC0150,inherited_unchanged,high,,,,,,,Same numbering and character definition; WU09 uses Wilson (2002) definition.
REL-WU09-151,WIL02_REF:C151,WU09:C151,MC0151,MC0151,inherited_unchanged,high,,,,,,,Same numbering and character definition; WU09 uses Wilson (2002) definition.
REL-WU09-152,WIL02_REF:C152,WU09:C152,MC0152,MC0152,inherited_unchanged,high,,,,,,,Same numbering and character definition; WU09 uses Wilson (2002) definition.
REL-WU09-153,WIL02_REF:C153,WU09:C153,MC0153,MC0153,inherited_unchanged,high,,,,,,,Same numbering and character definition; WU09 uses Wilson (2002) definition.
REL-WU09-154,WIL02_REF:C154,WU09:C154,MC0154,MC0154,inherited_unchanged,high,,,,,,,Same numbering and character definition; WU09 uses Wilson (2002) definition.
REL-WU09-155,WIL02_REF:C155,WU09:C155,MC0155,MC0155,inherited_unchanged,high,,,,,,,Same numbering and character definition; WU09 uses Wilson (2002) definition.
REL-WU09-156,WIL02_REF:C156,WU09:C156,MC0156,MC0156,inherited_unchanged,high,,,,,,,Same numbering and character definition; WU09 uses Wilson (2002) definition.
REL-WU09-157,WIL02_REF:C157,WU09:C157,MC0157,MC0157,inherited_unchanged,high,,,,,,,Same numbering and character definition; WU09 uses Wilson (2002) definition.
REL-WU09-158,WIL02_REF:C158,WU09:C158,MC0158,MC0158,inherited_unchanged,high,,,,,,,Same numbering and character definition; WU09 uses Wilson (2002) definition.
REL-WU09-159,WIL02_REF:C159,WU09:C159,MC0159,MC0159,inherited_unchanged,high,,,,,,,Same numbering and character definition; WU09 uses Wilson (2002) definition.
REL-WU09-160,WIL02_REF:C160,WU09:C160,MC0160,MC0160,inherited_unchanged,high,,,,,,,Same numbering and character definition; WU09 uses Wilson (2002) definition.
REL-WU09-161,WIL02_REF:C161,WU09:C161,MC0161,MC0161,inherited_unchanged,high,,,,,,,Same numbering and character definition; WU09 uses Wilson (2002) definition.
REL-WU09-162,WIL02_REF:C162,WU09:C162,MC0162,MC0162,inherited_unchanged,high,,,,,,,Same numbering and character definition; WU09 uses Wilson (2002) definition.
REL-WU09-163,WIL02_REF:C163,WU09:C163,MC0163,MC0163,inherited_unchanged,high,,,,,,,Same numbering and character definition; WU09 uses Wilson (2002) definition.
REL-WU09-164,WIL02_REF:C164,WU09:C164,MC0164,MC0164,inherited_unchanged,high,,,,,,,Same numbering and character definition; WU09 uses Wilson (2002) definition.
REL-WU09-165,WIL02_REF:C165,WU09:C165,MC0165,MC0165,inherited_unchanged,high,,,,,,,Same numbering and character definition; WU09 uses Wilson (2002) definition.
REL-WU09-166,WIL02_REF:C166,WU09:C166,MC0166,MC0166,inherited_unchanged,high,,,,,,,Same numbering and character definition; WU09 uses Wilson (2002) definition.
REL-WU09-167,WIL02_REF:C167,WU09:C167,MC0167,MC0167,inherited_unchanged,high,,,,,,,Same numbering and character definition; WU09 uses Wilson (2002) definition.
REL-WU09-168,WIL02_REF:C168,WU09:C168,MC0168,MC0168,inherited_unchanged,high,,,,,,,Same numbering and character definition; WU09 uses Wilson (2002) definition.
REL-WU09-169,WIL02_REF:C169,WU09:C169,MC0169,MC0169,inherited_unchanged,high,,,,,,,Same numbering and character definition; WU09 uses Wilson (2002) definition.
REL-WU09-170,WIL02_REF:C170,WU09:C170,MC0170,MC0170,inherited_unchanged,high,,,,,,,Same numbering and character definition; WU09 uses Wilson (2002) definition.
REL-WU09-171,WIL02_REF:C171,WU09:C171,MC0171,MC0171,inherited_unchanged,high,,,,,,,Same numbering and character definition; WU09 uses Wilson (2002) definition.
REL-WU09-172,WIL02_REF:C172,WU09:C172,MC0172,MC0172,inherited_unchanged,high,,,,,,,Same numbering and character definition; WU09 uses Wilson (2002) definition.
REL-WU09-173,WIL02_REF:C173,WU09:C173,MC0173,MC0173,inherited_unchanged,high,,,,,,,Same numbering and character definition; WU09 uses Wilson (2002) definition.
REL-WU09-174,WIL02_REF:C174,WU09:C174,MC0174,MC0174,inherited_unchanged,high,,,,,,,Same numbering and character definition; WU09 uses Wilson (2002) definition.
REL-WU09-175,WIL02_REF:C175,WU09:C175,MC0175,MC0175,inherited_unchanged,high,,,,,,,Same numbering and character definition; WU09 uses Wilson (2002) definition.
REL-WU09-176,WIL02_REF:C176,WU09:C176,MC0176,MC0176,inherited_unchanged,high,,,,,,,Same numbering and character definition; WU09 uses Wilson (2002) definition.
REL-WU09-177,WIL02_REF:C177,WU09:C177,MC0177,MC0177,inherited_unchanged,high,,,,,,,Same numbering and character definition; WU09 uses Wilson (2002) definition.
REL-WU09-178,WIL02_REF:C178,WU09:C178,MC0178,MC0178,inherited_unchanged,high,,,,,,,Same numbering and character definition; WU09 uses Wilson (2002) definition.
REL-WU09-179,WIL02_REF:C179,WU09:C179,MC0179,MC0179,inherited_unchanged,high,,,,,,,Same numbering and character definition; WU09 uses Wilson (2002) definition.
REL-WU09-180,WIL02_REF:C180,WU09:C180,MC0180,MC0180,inherited_unchanged,high,,,,,,,Same numbering and character definition; WU09 uses Wilson (2002) definition.
REL-WU09-181,WIL02_REF:C181,WU09:C181,MC0181,MC0181,inherited_unchanged,high,,,,,,,Same numbering and character definition; WU09 uses Wilson (2002) definition.
REL-WU09-182,WIL02_REF:C182,WU09:C182,MC0182,MC0182,inherited_unchanged,high,,,,,,,Same numbering and character definition; WU09 uses Wilson (2002) definition.
REL-WU09-183,WIL02_REF:C183,WU09:C183,MC0183,MC0183,inherited_unchanged,high,,,,,,,Same numbering and character definition; WU09 uses Wilson (2002) definition.
REL-WU09-184,WIL02_REF:C184,WU09:C184,MC0184,MC0184,inherited_unchanged,high,,,,,,,Same numbering and character definition; WU09 uses Wilson (2002) definition.
REL-WU09-185,WIL02_REF:C185,WU09:C185,MC0185,MC0185,inherited_unchanged,high,,,,,,,Same numbering and character definition; WU09 uses Wilson (2002) definition.
REL-WU09-186,WIL02_REF:C186,WU09:C186,MC0186,MC0186,inherited_unchanged,high,,,,,,,Same numbering and character definition; WU09 uses Wilson (2002) definition.
REL-WU09-187,WIL02_REF:C187,WU09:C187,MC0187,MC0187,inherited_unchanged,high,,,,,,,Same numbering and character definition; WU09 uses Wilson (2002) definition.
REL-WU09-188,WIL02_REF:C188,WU09:C188,MC0188,MC0188,inherited_unchanged,high,,,,,,,Same numbering and character definition; WU09 uses Wilson (2002) definition.
REL-WU09-189,WIL02_REF:C189,WU09:C189,MC0189,MC0189,inherited_unchanged,high,,,,,,,Same numbering and character definition; WU09 uses Wilson (2002) definition.
REL-WU09-190,WIL02_REF:C190,WU09:C190,MC0190,MC0190,inherited_unchanged,high,,,,,,,Same numbering and character definition; WU09 uses Wilson (2002) definition.
REL-WU09-191,WIL02_REF:C191,WU09:C191,MC0191,MC0191,inherited_unchanged,high,,,,,,,Same numbering and character definition; WU09 uses Wilson (2002) definition.
REL-WU09-192,WIL02_REF:C192,WU09:C192,MC0192,MC0192,inherited_unchanged,high,,,,,,,Same numbering and character definition; WU09 uses Wilson (2002) definition.
REL-WU09-193,WIL02_REF:C193,WU09:C193,MC0193,MC0193,inherited_unchanged,high,,,,,,,Same numbering and character definition; WU09 uses Wilson (2002) definition.
REL-WU09-194,WIL02_REF:C194,WU09:C194,MC0194,MC0194,inherited_unchanged,high,,,,,,,Same numbering and character definition; WU09 uses Wilson (2002) definition.
REL-WU09-195,WIL02_REF:C195,WU09:C195,MC0195,MC0195,inherited_unchanged,high,,,,,,,Same numbering and character definition; WU09 uses Wilson (2002) definition.
REL-WU09-196,WIL02_REF:C196,WU09:C196,MC0196,MC0196,inherited_unchanged,high,,,,,,,Same numbering and character definition; WU09 uses Wilson (2002) definition.
REL-WU09-197,WIL02_REF:C197,WU09:C197,MC0197,MC0197,inherited_unchanged,high,,,,,,,Same numbering and character definition; WU09 uses Wilson (2002) definition.
REL-WU09-198,WIL02_REF:C198,WU09:C198,MC0198,MC0198,inherited_unchanged,high,,,,,,,Same numbering and character definition; WU09 uses Wilson (2002) definition.
REL-WU09-199,WIL02_REF:C199,WU09:C199,MC0199,MC0199,inherited_unchanged,high,,,,,,,Same numbering and character definition; WU09 uses Wilson (2002) definition.
REL-WU09-200,WIL02_REF:C200,WU09:C200,MC0200,MC0200,inherited_unchanged,high,,,,,,,Same numbering and character definition; WU09 uses Wilson (2002) definition.
REL-WU09-201,WIL02_REF:C201,WU09:C201,MC0201,MC0201,inherited_unchanged,high,,,,,,,Same numbering and character definition; WU09 uses Wilson (2002) definition.
REL-WU09-202,WIL02_REF:C202,WU09:C202,MC0202,MC0202,inherited_unchanged,high,,,,,,,Same numbering and character definition; WU09 uses Wilson (2002) definition.
REL-WU09-203,WIL02_REF:C203,WU09:C203,MC0203,MC0203,inherited_unchanged,high,,,,,,,Same numbering and character definition; WU09 uses Wilson (2002) definition.
REL-WU09-204,WIL02_REF:C204,WU09:C204,MC0204,MC0204,inherited_unchanged,high,,,,,,,Same numbering and character definition; WU09 uses Wilson (2002) definition.
REL-WU09-205,WIL02_REF:C205,WU09:C205,MC0205,MC0205,inherited_unchanged,high,,,,,,,Same numbering and character definition; WU09 uses Wilson (2002) definition.
REL-WU09-206,WIL02_REF:C206,WU09:C206,MC0206,MC0206,inherited_unchanged,high,,,,,,,Same numbering and character definition; WU09 uses Wilson (2002) definition.
REL-WU09-207,WIL02_REF:C207,WU09:C207,MC0207,MC0207,inherited_unchanged,high,,,,,,,Same numbering and character definition; WU09 uses Wilson (2002) definition.
REL-WU09-208,WIL02_REF:C208,WU09:C208,MC0208,MC0208,inherited_unchanged,high,,,,,,,Same numbering and character definition; WU09 uses Wilson (2002) definition.
REL-WU09-209,WIL02_REF:C209,WU09:C209,MC0209,MC0209,inherited_unchanged,high,,,,,,,Same numbering and character definition; WU09 uses Wilson (2002) definition.
REL-WU09-210,WIL02_REF:C210,WU09:C210,MC0210,MC0210,inherited_unchanged,high,,,,,,,Same numbering and character definition; WU09 uses Wilson (2002) definition.
REL-WU09-211,WIL02_REF:C211,WU09:C211,MC0211,MC0211,inherited_unchanged,high,,,,,,,Same numbering and character definition; WU09 uses Wilson (2002) definition.
REL-WU09-212,WIL02_REF:C212,WU09:C212,MC0212,MC0212,inherited_unchanged,high,,,,,,,Same numbering and character definition; WU09 uses Wilson (2002) definition.
REL-WU09-213,WIL02_REF:C213,WU09:C213,MC0213,MC0213,inherited_unchanged,high,,,,,,,Same numbering and character definition; WU09 uses Wilson (2002) definition.
REL-WU09-214,WIL02_REF:C214,WU09:C214,MC0214,MC0214,inherited_unchanged,high,,,,,,,Same numbering and character definition; WU09 uses Wilson (2002) definition.
REL-WU09-215,WIL02_REF:C215,WU09:C215,MC0215,MC0215,inherited_unchanged,high,,,,,,,Same numbering and character definition; WU09 uses Wilson (2002) definition.
REL-WU09-216,WIL02_REF:C216,WU09:C216,MC0216,MC0216,inherited_unchanged,high,,,,,,,Same numbering and character definition; WU09 uses Wilson (2002) definition.
REL-WU09-217,WIL02_REF:C217,WU09:C217,MC0217,MC0217,inherited_unchanged,high,,,,,,,Same numbering and character definition; WU09 uses Wilson (2002) definition.
REL-WU09-218,WIL02_REF:C218,WU09:C218,MC0218,MC0218,inherited_unchanged,high,,,,,,,Same numbering and character definition; WU09 uses Wilson (2002) definition.
REL-WU09-219,WIL02_REF:C219,WU09:C219,MC0219,MC0219,inherited_unchanged,high,,,,,,,Same numbering and character definition; WU09 uses Wilson (2002) definition.
REL-WU09-220,WIL02_REF:C220,WU09:C220,MC0220,MC0220,inherited_unchanged,high,,,,,,,Same numbering and character definition; WU09 uses Wilson (2002) definition.
REL-WU09-221,WIL02_REF:C221,WU09:C221,MC0221,MC0221,inherited_unchanged,high,,,,,,,Same numbering and character definition; WU09 uses Wilson (2002) definition.
REL-WU09-222,WIL02_REF:C222,WU09:C222,MC0222,MC0222,inherited_unchanged,high,,,,,,,Same numbering and character definition; WU09 uses Wilson (2002) definition.
REL-WU09-223,WIL02_REF:C223,WU09:C223,MC0223,MC0223,inherited_unchanged,high,,,,,,,Same numbering and character definition; WU09 uses Wilson (2002) definition.
REL-WU09-224,WIL02_REF:C224,WU09:C224,MC0224,MC0224,inherited_unchanged,high,,,,,,,Same numbering and character definition; WU09 uses Wilson (2002) definition.
REL-WU09-225,WIL02_REF:C225,WU09:C225,MC0225,MC0225,inherited_unchanged,high,,,,,,,Same numbering and character definition; WU09 uses Wilson (2002) definition.
REL-WU09-226,WIL02_REF:C226,WU09:C226,MC0226,MC0226,inherited_unchanged,high,,,,,,,Same numbering and character definition; WU09 uses Wilson (2002) definition.
REL-WU09-227,WIL02_REF:C227,WU09:C227,MC0227,MC0227,inherited_unchanged,high,,,,,,,Same numbering and character definition; WU09 uses Wilson (2002) definition.
REL-WU09-228,WIL02_REF:C228,WU09:C228,MC0228,MC0228,inherited_unchanged,high,,,,,,,Same numbering and character definition; WU09 uses Wilson (2002) definition.
REL-WU09-229,WIL02_REF:C229,WU09:C229,MC0229,MC0229,inherited_unchanged,high,,,,,,,Same numbering and character definition; WU09 uses Wilson (2002) definition.
REL-WU09-230,WIL02_REF:C230,WU09:C230,MC0230,MC0230,inherited_unchanged,high,,,,,,,Same numbering and character definition; WU09 uses Wilson (2002) definition.
REL-WU09-231,WIL02_REF:C231,WU09:C231,MC0231,MC0231,inherited_unchanged,high,,,,,,,Same numbering and character definition; WU09 uses Wilson (2002) definition.
REL-WU09-232,WIL02_REF:C232,WU09:C232,MC0232,MC0232,inherited_unchanged,high,,,,,,,Same numbering and character definition; WU09 uses Wilson (2002) definition.
REL-WU09-233,WIL02_REF:C233,WU09:C233,MC0233,MC0233,inherited_unchanged,high,,,,,,,Same numbering and character definition; WU09 uses Wilson (2002) definition.
REL-WU09-234,WIL02_REF:C234,WU09:C234,MC0234,MC0234,inherited_unchanged,high,,,,,,,Same numbering and character definition; WU09 uses Wilson (2002) definition.
REL-W02-001,WIL02_REF:C1,W02:C1,MC0001,MC0001,inherited_unchanged,high,,,,,,,Character definition and numbering retained from Wilson (2002).
REL-W02-002,WIL02_REF:C2,W02:C2,MC0002,MC0002,inherited_unchanged,high,,,,,,,Character definition and numbering retained from Wilson (2002).
REL-W02-003,WIL02_REF:C3,W02:C3,MC0003,MC0003,inherited_unchanged,high,,,,,,,Character definition and numbering retained from Wilson (2002).
REL-W02-004,WIL02_REF:C4,W02:C4,MC0004,MC0004,inherited_unchanged,high,,,,,,,Character definition and numbering retained from Wilson (2002).
REL-W02-005,WIL02_REF:C5,W02:C5,MC0005,MC0005,inherited_unchanged,high,,,,,,,Character definition and numbering retained from Wilson (2002).
REL-W02-006,WIL02_REF:C6,W02:C6,MC0006,MC0006,inherited_unchanged,high,,,,,,,Character definition and numbering retained from Wilson (2002).
REL-W02-007,WIL02_REF:C7,W02:C7,MC0007,MC0007,inherited_unchanged,high,,,,,,,Character definition and numbering retained from Wilson (2002).
REL-W02-008,WIL02_REF:C8,W02:C8,MC0008,MC0008,inherited_unchanged,high,,,,,,,Character definition and numbering retained from Wilson (2002).
REL-W02-009,WIL02_REF:C9,W02:C9,MC0009,MC0009,inherited_unchanged,high,,,,,,,Character definition and numbering retained from Wilson (2002).
REL-W02-010,WIL02_REF:C10,W02:C10,MC0010,MC0010,inherited_unchanged,high,,,,,,,Character definition and numbering retained from Wilson (2002).
REL-W02-011,WIL02_REF:C11,W02:C11,MC0011,MC0011,inherited_unchanged,high,,,,,,,Character definition and numbering retained from Wilson (2002).
REL-W02-012,WIL02_REF:C12,W02:C12,MC0012,MC0012,inherited_unchanged,high,,,,,,,Character definition and numbering retained from Wilson (2002).
REL-W02-013,WIL02_REF:C13,W02:C13,MC0013,MC0013,inherited_unchanged,high,,,,,,,Character definition and numbering retained from Wilson (2002).
REL-W02-014,WIL02_REF:C14,W02:C14,MC0014,MC0014,inherited_unchanged,high,,,,,,,Character definition and numbering retained from Wilson (2002).
REL-W02-015,WIL02_REF:C15,W02:C15,MC0015,MC0015,inherited_unchanged,high,,,,,,,Character definition and numbering retained from Wilson (2002).
REL-W02-016,WIL02_REF:C16,W02:C16,MC0016,MC0016,inherited_unchanged,high,,,,,,,Character definition and numbering retained from Wilson (2002).
REL-W02-017,WIL02_REF:C17,W02:C17,MC0017,MC0017,inherited_unchanged,high,,,,,,,Character definition and numbering retained from Wilson (2002).
REL-W02-018,WIL02_REF:C18,W02:C18,MC0018,MC0018,inherited_unchanged,high,,,,,,,Character definition and numbering retained from Wilson (2002).
REL-W02-019,WIL02_REF:C19,W02:C19,MC0019,MC0019,inherited_unchanged,high,,,,,,,Character definition and numbering retained from Wilson (2002).
REL-W02-020,WIL02_REF:C20,W02:C20,MC0020,MC0020,inherited_unchanged,high,,,,,,,Character definition and numbering retained from Wilson (2002).
REL-W02-021,WIL02_REF:C21,W02:C21,MC0021,MC0021,inherited_unchanged,high,,,,,,,Character definition and numbering retained from Wilson (2002).
REL-W02-022,WIL02_REF:C22,W02:C22,MC0022,MC0022,inherited_unchanged,high,,,,,,,Character definition and numbering retained from Wilson (2002).
REL-W02-023,WIL02_REF:C23,W02:C23,MC0023,MC0023,inherited_unchanged,high,,,,,,,Character definition and numbering retained from Wilson (2002).
REL-W02-024,WIL02_REF:C24,W02:C24,MC0024,MC0024,inherited_unchanged,high,,,,,,,Character definition and numbering retained from Wilson (2002).
REL-W02-025,WIL02_REF:C25,W02:C25,MC0025,MC0025,inherited_unchanged,high,,,,,,,Character definition and numbering retained from Wilson (2002).
REL-W02-026,WIL02_REF:C26,W02:C26,MC0026,MC0026,inherited_unchanged,high,,,,,,,Character definition and numbering retained from Wilson (2002).
REL-W02-027,WIL02_REF:C27,W02:C27,MC0027,MC0027,inherited_unchanged,high,,,,,,,Character definition and numbering retained from Wilson (2002).
REL-W02-028,WIL02_REF:C28,W02:C28,MC0028,MC0028,inherited_unchanged,high,,,,,,,Character definition and numbering retained from Wilson (2002).
REL-W02-029,WIL02_REF:C29,W02:C29,MC0029,MC0029,inherited_unchanged,high,,,,,,,Character definition and numbering retained from Wilson (2002).
REL-W02-030,WIL02_REF:C30,W02:C30,MC0030,MC0030,inherited_unchanged,high,,,,,,,Character definition and numbering retained from Wilson (2002).
REL-W02-031,WIL02_REF:C31,W02:C31,MC0031,MC0031,inherited_unchanged,high,,,,,,,Character definition and numbering retained from Wilson (2002).
REL-W02-032,WIL02_REF:C32,W02:C32,MC0032,MC0032,inherited_unchanged,high,,,,,,,Character definition and numbering retained from Wilson (2002).
REL-W02-033,WIL02_REF:C33,W02:C33,MC0033,MC0033,inherited_unchanged,high,,,,,,,Character definition and numbering retained from Wilson (2002).
REL-W02-034,WIL02_REF:C34,W02:C34,MC0034,MC0034,inherited_unchanged,high,,,,,,,Character definition and numbering retained from Wilson (2002).
REL-W02-035,WIL02_REF:C35,W02:C35,MC0035,MC0035,inherited_unchanged,high,,,,,,,Character definition and numbering retained from Wilson (2002).
REL-W02-036,WIL02_REF:C36,W02:C36,MC0036,MC0036,inherited_unchanged,high,,,,,,,Character definition and numbering retained from Wilson (2002).
REL-W02-037,WIL02_REF:C37,W02:C37,MC0037,MC0037,inherited_unchanged,high,,,,,,,Character definition and numbering retained from Wilson (2002).
REL-W02-038,WIL02_REF:C38,W02:C38,MC0038,MC0038,inherited_unchanged,high,,,,,,,Character definition and numbering retained from Wilson (2002).
REL-W02-039,WIL02_REF:C39,W02:C39,MC0039,MC0039,inherited_unchanged,high,,,,,,,Character definition and numbering retained from Wilson (2002).
REL-W02-040,WIL02_REF:C40,W02:C40,MC0040,MC0040,inherited_unchanged,high,,,,,,,Character definition and numbering retained from Wilson (2002).
REL-W02-041,WIL02_REF:C41,W02:C41,MC0041,MC0041,inherited_unchanged,high,,,,,,,Character definition and numbering retained from Wilson (2002).
REL-W02-042,WIL02_REF:C42,W02:C42,MC0042,MC0042,inherited_unchanged,high,,,,,,,Character definition and numbering retained from Wilson (2002).
REL-W02-043,WIL02_REF:C43,W02:C43,MC0043,MC0043,inherited_unchanged,high,,,,,,,Character definition and numbering retained from Wilson (2002).
REL-W02-044,WIL02_REF:C44,W02:C44,MC0044,MC0044,inherited_unchanged,high,,,,,,,Character definition and numbering retained from Wilson (2002).
REL-W02-045,WIL02_REF:C45,W02:C45,MC0045,MC0045,inherited_unchanged,high,,,,,,,Character definition and numbering retained from Wilson (2002).
REL-W02-046,WIL02_REF:C46,W02:C46,MC0046,MC0046,inherited_unchanged,high,,,,,,,Character definition and numbering retained from Wilson (2002).
REL-W02-047,WIL02_REF:C47,W02:C47,MC0047,MC0047,inherited_unchanged,high,,,,,,,Character definition and numbering retained from Wilson (2002).
REL-W02-048,WIL02_REF:C48,W02:C48,MC0048,MC0048,inherited_unchanged,high,,,,,,,Character definition and numbering retained from Wilson (2002).
REL-W02-049,WIL02_REF:C49,W02:C49,MC0049,MC0049,inherited_unchanged,high,,,,,,,Character definition and numbering retained from Wilson (2002).
REL-W02-050,WIL02_REF:C50,W02:C50,MC0050,MC0050,inherited_unchanged,high,,,,,,,Character definition and numbering retained from Wilson (2002).
REL-W02-051,WIL02_REF:C51,W02:C51,MC0051,MC0051,inherited_unchanged,high,,,,,,,Character definition and numbering retained from Wilson (2002).
REL-W02-052,WIL02_REF:C52,W02:C52,MC0052,MC0052,inherited_unchanged,high,,,,,,,Character definition and numbering retained from Wilson (2002).
REL-W02-053,WIL02_REF:C53,W02:C53,MC0053,MC0053,inherited_unchanged,high,,,,,,,Character definition and numbering retained from Wilson (2002).
REL-W02-054,WIL02_REF:C54,W02:C54,MC0054,MC0054,inherited_unchanged,high,,,,,,,Character definition and numbering retained from Wilson (2002).
REL-W02-055,WIL02_REF:C55,W02:C55,MC0055,MC0055,inherited_unchanged,high,,,,,,,Character definition and numbering retained from Wilson (2002).
REL-W02-056,WIL02_REF:C56,W02:C56,MC0056,MC0056,inherited_unchanged,high,,,,,,,Character definition and numbering retained from Wilson (2002).
REL-W02-057,WIL02_REF:C57,W02:C57,MC0057,MC0057,inherited_unchanged,high,,,,,,,Character definition and numbering retained from Wilson (2002).
REL-W02-058,WIL02_REF:C58,W02:C58,MC0058,MC0058,inherited_unchanged,high,,,,,,,Character definition and numbering retained from Wilson (2002).
REL-W02-059,WIL02_REF:C59,W02:C59,MC0059,MC0059,inherited_unchanged,high,,,,,,,Character definition and numbering retained from Wilson (2002).
REL-W02-060,WIL02_REF:C60,W02:C60,MC0060,MC0060,inherited_unchanged,high,,,,,,,Character definition and numbering retained from Wilson (2002).
REL-W02-061,WIL02_REF:C61,W02:C61,MC0061,MC0061,inherited_unchanged,high,,,,,,,Character definition and numbering retained from Wilson (2002).
REL-W02-062,WIL02_REF:C62,W02:C62,MC0062,MC0062,inherited_unchanged,high,,,,,,,Character definition and numbering retained from Wilson (2002).
REL-W02-063,WIL02_REF:C63,W02:C63,MC0063,MC0063,inherited_unchanged,high,,,,,,,Character definition and numbering retained from Wilson (2002).
REL-W02-064,WIL02_REF:C64,W02:C64,MC0064,MC0064,inherited_unchanged,high,,,,,,,Character definition and numbering retained from Wilson (2002).
REL-W02-065,WIL02_REF:C65,W02:C65,MC0065,MC0065,inherited_unchanged,high,,,,,,,Character definition and numbering retained from Wilson (2002).
REL-W02-066,WIL02_REF:C66,W02:C66,MC0066,MC0066,inherited_unchanged,high,,,,,,,Character definition and numbering retained from Wilson (2002).
REL-W02-067,WIL02_REF:C67,W02:C67,MC0067,MC0067,inherited_unchanged,high,,,,,,,Character definition and numbering retained from Wilson (2002).
REL-W02-068,WIL02_REF:C68,W02:C68,MC0068,MC0068,inherited_unchanged,high,,,,,,,Character definition and numbering retained from Wilson (2002).
REL-W02-069,WIL02_REF:C69,W02:C69,MC0069,MC0069,inherited_unchanged,high,,,,,,,Character definition and numbering retained from Wilson (2002).
REL-W02-070,WIL02_REF:C70,W02:C70,MC0070,MC0070,inherited_unchanged,high,,,,,,,Character definition and numbering retained from Wilson (2002).
REL-W02-071,WIL02_REF:C71,W02:C71,MC0071,MC0071,inherited_unchanged,high,,,,,,,Character definition and numbering retained from Wilson (2002).
REL-W02-072,WIL02_REF:C72,W02:C72,MC0072,MC0072,inherited_unchanged,high,,,,,,,Character definition and numbering retained from Wilson (2002).
REL-W02-073,WIL02_REF:C73,W02:C73,MC0073,MC0073,inherited_unchanged,high,,,,,,,Character definition and numbering retained from Wilson (2002).
REL-W02-074,WIL02_REF:C74,W02:C74,MC0074,MC0074,inherited_unchanged,high,,,,,,,Character definition and numbering retained from Wilson (2002).
REL-W02-075,WIL02_REF:C75,W02:C75,MC0075,MC0075,inherited_unchanged,high,,,,,,,Character definition and numbering retained from Wilson (2002).
REL-W02-076,WIL02_REF:C76,W02:C76,MC0076,MC0076,inherited_unchanged,high,,,,,,,Character definition and numbering retained from Wilson (2002).
REL-W02-077,WIL02_REF:C77,W02:C77,MC0077,MC0077,inherited_unchanged,high,,,,,,,Character definition and numbering retained from Wilson (2002).
REL-W02-078,WIL02_REF:C78,W02:C78,MC0078,MC0078,inherited_unchanged,high,,,,,,,Character definition and numbering retained from Wilson (2002).
REL-W02-079,WIL02_REF:C79,W02:C79,MC0079,MC0079,inherited_unchanged,high,,,,,,,Character definition and numbering retained from Wilson (2002).
REL-W02-080,WIL02_REF:C80,W02:C80,MC0080,MC0080,inherited_unchanged,high,,,,,,,Character definition and numbering retained from Wilson (2002).
REL-W02-081,WIL02_REF:C81,W02:C81,MC0081,MC0081,inherited_unchanged,high,,,,,,,Character definition and numbering retained from Wilson (2002).
REL-W02-082,WIL02_REF:C82,W02:C82,MC0082,MC0082,inherited_unchanged,high,,,,,,,Character definition and numbering retained from Wilson (2002).
REL-W02-083,WIL02_REF:C83,W02:C83,MC0083,MC0083,inherited_unchanged,high,,,,,,,Character definition and numbering retained from Wilson (2002).
REL-W02-084,WIL02_REF:C84,W02:C84,MC0084,MC0084,inherited_unchanged,high,,,,,,,Character definition and numbering retained from Wilson (2002).
REL-W02-085,WIL02_REF:C85,W02:C85,MC0085,MC0085,inherited_unchanged,high,,,,,,,Character definition and numbering retained from Wilson (2002).
REL-W02-086,WIL02_REF:C86,W02:C86,MC0086,MC0086,inherited_unchanged,high,,,,,,,Character definition and numbering retained from Wilson (2002).
REL-W02-087,WIL02_REF:C87,W02:C87,MC0087,MC0087,inherited_unchanged,high,,,,,,,Character definition and numbering retained from Wilson (2002).
REL-W02-088,WIL02_REF:C88,W02:C88,MC0088,MC0088,inherited_unchanged,high,,,,,,,Character definition and numbering retained from Wilson (2002).
REL-W02-089,WIL02_REF:C89,W02:C89,MC0089,MC0089,inherited_unchanged,high,,,,,,,Character definition and numbering retained from Wilson (2002).
REL-W02-090,WIL02_REF:C90,W02:C90,MC0090,MC0090,inherited_unchanged,high,,,,,,,Character definition and numbering retained from Wilson (2002).
REL-W02-091,WIL02_REF:C91,W02:C91,MC0091,MC0091,inherited_unchanged,high,,,,,,,Character definition and numbering retained from Wilson (2002).
REL-W02-092,WIL02_REF:C92,W02:C92,MC0092,MC0092,inherited_unchanged,high,,,,,,,Character definition and numbering retained from Wilson (2002).
REL-W02-093,WIL02_REF:C93,W02:C93,MC0093,MC0093,inherited_unchanged,high,,,,,,,Character definition and numbering retained from Wilson (2002).
REL-W02-094,WIL02_REF:C94,W02:C94,MC0094,MC0094,inherited_unchanged,high,,,,,,,Character definition and numbering retained from Wilson (2002).
REL-W02-095,WIL02_REF:C95,W02:C95,MC0095,MC0095,inherited_unchanged,high,,,,,,,Character definition and numbering retained from Wilson (2002).
REL-W02-096,WIL02_REF:C96,W02:C96,MC0096,MC0096,inherited_unchanged,high,,,,,,,Character definition and numbering retained from Wilson (2002).
REL-W02-097,WIL02_REF:C97,W02:C97,MC0097,MC0097,inherited_unchanged,high,,,,,,,Character definition and numbering retained from Wilson (2002).
REL-W02-098,WIL02_REF:C98,W02:C98,MC0098,MC0098,inherited_unchanged,high,,,,,,,Character definition and numbering retained from Wilson (2002).
REL-W02-099,WIL02_REF:C99,W02:C99,MC0099,MC0099,inherited_unchanged,high,,,,,,,Character definition and numbering retained from Wilson (2002).
REL-W02-100,WIL02_REF:C100,W02:C100,MC0100,MC0100,inherited_unchanged,high,,,,,,,Character definition and numbering retained from Wilson (2002).
REL-W02-101,WIL02_REF:C101,W02:C101,MC0101,MC0101,inherited_unchanged,high,,,,,,,Character definition and numbering retained from Wilson (2002).
REL-W02-102,WIL02_REF:C102,W02:C102,MC0102,MC0102,same_concept_score_revision,high,,,,,,,Character definition retained; selected titanosaur scores revised to state 0.
REL-W02-103,WIL02_REF:C103,W02:C103,MC0103,MC0103,same_concept_score_revision,high,,,,,,,Same infradiapophyseal pneumatopore concept; scores revised following comparison with Curry Rogers (2005).
REL-W02-104,WIL02_REF:C104,W02:C104,MC0104,MC0104,inherited_unchanged,high,,,,,,,Character definition and numbering retained from Wilson (2002).
REL-W02-105,WIL02_REF:C105,W02:C105,MC0105,MC0105,inherited_unchanged,high,,,,,,,Character definition and numbering retained from Wilson (2002).
REL-W02-106,WIL02_REF:C106,W02:C106,MC0106,MC0106,inherited_unchanged,high,,,,,,,Character definition and numbering retained from Wilson (2002).
REL-W02-107,WIL02_REF:C107,W02:C107,MC0107,MC0107,inherited_unchanged,high,,,,,,,Character definition and numbering retained from Wilson (2002).
REL-W02-108,WIL02_REF:C108,W02:C108,MC0108,MC0108,inherited_unchanged,high,,,,,,,Character definition and numbering retained from Wilson (2002).
REL-W02-109,WIL02_REF:C109,W02:C109,MC0109,MC0109,inherited_unchanged,high,,,,,,,Character definition and numbering retained from Wilson (2002).
REL-W02-110,WIL02_REF:C110,W02:C110,MC0110,MC0110,same_concept_score_revision,high,,,,,,,Same sacral-acetabulum concept; Isisaurus and Saltasaurus scores corrected to the listed derived state.
REL-W02-111,WIL02_REF:C111,W02:C111,MC0111,MC0111,inherited_unchanged,high,,,,,,,Character definition and numbering retained from Wilson (2002).
REL-W02-112,WIL02_REF:C112,W02:C112,MC0112,MC0112,inherited_unchanged,high,,,,,,,Character definition and numbering retained from Wilson (2002).
REL-W02-113,WIL02_REF:C113,W02:C113,MC0113,MC0113,inherited_unchanged,high,,,,,,,Character definition and numbering retained from Wilson (2002).
REL-W02-114,WIL02_REF:C114,W02:C114,MC0114,MC0114,inherited_unchanged,high,,,,,,,Character definition and numbering retained from Wilson (2002).
REL-W02-115,WIL02_REF:C115,W02:C115,MC0115,MC0115,inherited_unchanged,high,,,,,,,Character definition and numbering retained from Wilson (2002).
REL-W02-116,WIL02_REF:C116,W02:C116,MC0116,MC0116,states_modified,high,,,,,,,Wilson's four-state first-caudal articular-face character collapsed to a binary formulation; additional information separated into W02 C237.
REL-W02-117,WIL02_REF:C117,W02:C117,MC0117,MC0117,inherited_unchanged,high,,,,,,,Character definition and numbering retained from Wilson (2002).
REL-W02-118,WIL02_REF:C118,W02:C118,MC0118,MC0118,states_modified,high,,,,,,,Wilson's anterior-caudal articular-face character reduced to amphiplatyan/platycoelous vs procoelous; opisthocoelous condition handled separately via W02 C238/applicability coding.
REL-W02-119,WIL02_REF:C119,W02:C119,MC0119,MC0119,inherited_unchanged,high,,,,,,,Character definition and numbering retained from Wilson (2002).
REL-W02-120,WIL02_REF:C120,W02:C120,MC0120,MC0120,inherited_unchanged,high,,,,,,,Character definition and numbering retained from Wilson (2002).
REL-W02-121,WIL02_REF:C121,W02:C121,MC0121,MC0121,inherited_unchanged,high,,,,,,,Character definition and numbering retained from Wilson (2002).
REL-W02-122,WIL02_REF:C122,W02:C122,MC0122,MC0122,inherited_unchanged,high,,,,,,,Character definition and numbering retained from Wilson (2002).
REL-W02-123,WIL02_REF:C123,W02:C123,MC0123,MC0123,inherited_unchanged,high,,,,,,,Character definition and numbering retained from Wilson (2002).
REL-W02-124,WIL02_REF:C124,W02:C124,MC0124,MC0124,inherited_unchanged,high,,,,,,,Character definition and numbering retained from Wilson (2002).
REL-W02-125,WIL02_REF:C125,W02:C125,MC0125,MC0125,inherited_unchanged,high,,,,,,,Character definition and numbering retained from Wilson (2002).
REL-W02-126,WIL02_REF:C126,W02:C126,MC0126,MC0126,inherited_unchanged,high,,,,,,,Character definition and numbering retained from Wilson (2002).
REL-W02-127,WIL02_REF:C127,W02:C127,MC0127,MC0127,inherited_unchanged,high,,,,,,,Character definition and numbering retained from Wilson (2002).
REL-W02-128,WIL02_REF:C128,W02:C128,MC0128,MC0128,inherited_unchanged,high,,,,,,,Character definition and numbering retained from Wilson (2002).
REL-W02-129,WIL02_REF:C129,W02:C129,MC0129,MC0129,inherited_unchanged,high,,,,,,,Character definition and numbering retained from Wilson (2002).
REL-W02-130,WIL02_REF:C130,W02:C130,MC0130,MC0130,same_concept_applicability_modified,high,,,,,,,Character concept retained; taxa lacking an ACDL are treated as inapplicable rather than assigned a state.
REL-W02-131,WIL02_REF:C131,W02:C131,MC0131,MC0131,inherited_unchanged,high,,,,,,,Character definition and numbering retained from Wilson (2002).
REL-W02-132,WIL02_REF:C132,W02:C132,MC0132,MC0132,inherited_unchanged,high,,,,,,,Character definition and numbering retained from Wilson (2002).
REL-W02-133,WIL02_REF:C133,W02:C133,MC0133,MC0133,inherited_unchanged,high,,,,,,,Character definition and numbering retained from Wilson (2002).
REL-W02-134,WIL02_REF:C134,W02:C134,MC0134,MC0134,inherited_unchanged,high,,,,,,,Character definition and numbering retained from Wilson (2002).
REL-W02-135,WIL02_REF:C135,W02:C135,MC0135,MC0135,inherited_unchanged,high,,,,,,,Character definition and numbering retained from Wilson (2002).
REL-W02-136,WIL02_REF:C136,W02:C136,MC0136,MC0136,inherited_unchanged,high,,,,,,,Character definition and numbering retained from Wilson (2002).
REL-W02-137,WIL02_REF:C137,W02:C137,MC0137,MC0137,inherited_unchanged,high,,,,,,,Character definition and numbering retained from Wilson (2002).
REL-W02-138,WIL02_REF:C138,W02:C138,MC0138,MC0138,inherited_unchanged,high,,,,,,,Character definition and numbering retained from Wilson (2002).
REL-W02-139,WIL02_REF:C139,W02:C139,MC0139,MC0139,inherited_unchanged,high,,,,,,,Character definition and numbering retained from Wilson (2002).
REL-W02-140,WIL02_REF:C140,W02:C140,MC0140,MC0140,inherited_unchanged,high,,,,,,,Character definition and numbering retained from Wilson (2002).
REL-W02-141,WIL02_REF:C141,W02:C141,MC0141,MC0141,same_concept_score_revision,high,,,,,,,Character definition retained; Tastavinsaurus rescored as absent.
REL-W02-142,WIL02_REF:C142,W02:C142,MC0142,MC0142,inherited_unchanged,high,,,,,,,Character definition and numbering retained from Wilson (2002).
REL-W02-143,WIL02_REF:C143,W02:C143,MC0143,MC0143,inherited_unchanged,high,,,,,,,Character definition and numbering retained from Wilson (2002).
REL-W02-144,WIL02_REF:C144,W02:C144,MC0144,MC0144,inherited_unchanged,high,,,,,,,Character definition and numbering retained from Wilson (2002).
REL-W02-145,WIL02_REF:C145,W02:C145,MC0145,MC0145,inherited_unchanged,high,,,,,,,Character definition and numbering retained from Wilson (2002).
REL-W02-146,WIL02_REF:C146,W02:C146,MC0146,MC0146,inherited_unchanged,high,,,,,,,Character definition and numbering retained from Wilson (2002).
REL-W02-147,WIL02_REF:C147,W02:C147,MC0147,MC0147,inherited_unchanged,high,,,,,,,Character definition and numbering retained from Wilson (2002).
REL-W02-148,WIL02_REF:C148,W02:C148,MC0148,MC0148,inherited_unchanged,high,,,,,,,Character definition and numbering retained from Wilson (2002).
REL-W02-149,WIL02_REF:C149,W02:C149,MC0149,MC0149,inherited_unchanged,high,,,,,,,Character definition and numbering retained from Wilson (2002).
REL-W02-150,WIL02_REF:C150,W02:C150,MC0150,MC0150,inherited_unchanged,high,,,,,,,Character definition and numbering retained from Wilson (2002).
REL-W02-151,WIL02_REF:C151,W02:C151,MC0151,MC0151,inherited_unchanged,high,,,,,,,Character definition and numbering retained from Wilson (2002).
REL-W02-152,WIL02_REF:C152,W02:C152,MC0152,MC0152,inherited_unchanged,high,,,,,,,Character definition and numbering retained from Wilson (2002).
REL-W02-153,WIL02_REF:C153,W02:C153,MC0153,MC0153,inherited_unchanged,high,,,,,,,Character definition and numbering retained from Wilson (2002).
REL-W02-154,WIL02_REF:C154,W02:C154,MC0154,MC0154,inherited_unchanged,high,,,,,,,Character definition and numbering retained from Wilson (2002).
REL-W02-155,WIL02_REF:C155,W02:C155,MC0155,MC0155,inherited_unchanged,high,,,,,,,Character definition and numbering retained from Wilson (2002).
REL-W02-156,WIL02_REF:C156,W02:C156,MC0156,MC0156,inherited_unchanged,high,,,,,,,Character definition and numbering retained from Wilson (2002).
REL-W02-157,WIL02_REF:C157,W02:C157,MC0157,MC0157,inherited_unchanged,high,,,,,,,Character definition and numbering retained from Wilson (2002).
REL-W02-158,WIL02_REF:C158,W02:C158,MC0158,MC0158,inherited_unchanged,high,,,,,,,Character definition and numbering retained from Wilson (2002).
REL-W02-159,WIL02_REF:C159,W02:C159,MC0159,MC0159,inherited_unchanged,high,,,,,,,Character definition and numbering retained from Wilson (2002).
REL-W02-160,WIL02_REF:C160,W02:C160,MC0160,MC0160,inherited_unchanged,high,,,,,,,Character definition and numbering retained from Wilson (2002).
REL-W02-161,WIL02_REF:C161,W02:C161,MC0161,MC0161,inherited_unchanged,high,,,,,,,Character definition and numbering retained from Wilson (2002).
REL-W02-162,WIL02_REF:C162,W02:C162,MC0162,MC0162,inherited_unchanged,high,,,,,,,Character definition and numbering retained from Wilson (2002).
REL-W02-163,WIL02_REF:C163,W02:C163,MC0163,MC0163,inherited_unchanged,high,,,,,,,Character definition and numbering retained from Wilson (2002).
REL-W02-164,WIL02_REF:C164,W02:C164,MC0164,MC0164,inherited_unchanged,high,,,,,,,Character definition and numbering retained from Wilson (2002).
REL-W02-165,WIL02_REF:C165,W02:C165,MC0165,MC0165,inherited_unchanged,high,,,,,,,Character definition and numbering retained from Wilson (2002).
REL-W02-166,WIL02_REF:C166,W02:C166,MC0166,MC0166,inherited_unchanged,high,,,,,,,Character definition and numbering retained from Wilson (2002).
REL-W02-167,WIL02_REF:C167,W02:C167,MC0167,MC0167,inherited_unchanged,high,,,,,,,Character definition and numbering retained from Wilson (2002).
REL-W02-168,WIL02_REF:C168,W02:C168,MC0168,MC0168,inherited_unchanged,high,,,,,,,Character definition and numbering retained from Wilson (2002).
REL-W02-169,WIL02_REF:C169,W02:C169,MC0169,MC0169,inherited_unchanged,high,,,,,,,Character definition and numbering retained from Wilson (2002).
REL-W02-170,WIL02_REF:C170,W02:C170,MC0170,MC0170,inherited_unchanged,high,,,,,,,Character definition and numbering retained from Wilson (2002).
REL-W02-171,WIL02_REF:C171,W02:C171,MC0171,MC0171,inherited_unchanged,high,,,,,,,Character definition and numbering retained from Wilson (2002).
REL-W02-172,WIL02_REF:C172,W02:C172,MC0172,MC0172,states_modified,high,,,,,,,"Same humerus:femur ratio concept, but state scheme expanded from two thresholds to three states (<0.60; 0.60–0.90; >0.90)."
REL-W02-173,WIL02_REF:C173,W02:C173,MC0173,MC0173,inherited_unchanged,high,,,,,,,Character definition and numbering retained from Wilson (2002).
REL-W02-174,WIL02_REF:C174,W02:C174,MC0174,MC0174,inherited_unchanged,high,,,,,,,Character definition and numbering retained from Wilson (2002).
REL-W02-175,WIL02_REF:C175,W02:C175,MC0175,MC0175,inherited_unchanged,high,,,,,,,Character definition and numbering retained from Wilson (2002).
REL-W02-176,WIL02_REF:C176,W02:C176,MC0176,MC0176,inherited_unchanged,high,,,,,,,Character definition and numbering retained from Wilson (2002).
REL-W02-177,WIL02_REF:C177,W02:C177,MC0177,MC0177,inherited_unchanged,high,,,,,,,Character definition and numbering retained from Wilson (2002).
REL-W02-178,WIL02_REF:C178,W02:C178,MC0178,MC0178,inherited_unchanged,high,,,,,,,Character definition and numbering retained from Wilson (2002).
REL-W02-179,WIL02_REF:C179,W02:C179,MC0179,MC0179,inherited_unchanged,high,,,,,,,Character definition and numbering retained from Wilson (2002).
REL-W02-180,WIL02_REF:C180,W02:C180,MC0180,MC0180,inherited_unchanged,high,,,,,,,Character definition and numbering retained from Wilson (2002).
REL-W02-181,WIL02_REF:C181,W02:C181,MC0181,MC0181,inherited_unchanged,high,,,,,,,Character definition and numbering retained from Wilson (2002).
REL-W02-182,WIL02_REF:C182,W02:C182,MC0182,MC0182,inherited_unchanged,high,,,,,,,Character definition and numbering retained from Wilson (2002).
REL-W02-183,WIL02_REF:C183,W02:C183,MC0183,MC0183,inherited_unchanged,high,,,,,,,Character definition and numbering retained from Wilson (2002).
REL-W02-184,WIL02_REF:C184,W02:C184,MC0184,MC0184,inherited_unchanged,high,,,,,,,Character definition and numbering retained from Wilson (2002).
REL-W02-185,WIL02_REF:C185,W02:C185,MC0185,MC0185,inherited_unchanged,high,,,,,,,Character definition and numbering retained from Wilson (2002).
REL-W02-186,WIL02_REF:C186,W02:C186,MC0186,MC0186,inherited_unchanged,high,,,,,,,Character definition and numbering retained from Wilson (2002).
REL-W02-187,WIL02_REF:C187,W02:C187,MC0187,MC0187,inherited_unchanged,high,,,,,,,Character definition and numbering retained from Wilson (2002).
REL-W02-188,WIL02_REF:C188,W02:C188,MC0188,MC0188,inherited_unchanged,high,,,,,,,Character definition and numbering retained from Wilson (2002).
REL-W02-189,WIL02_REF:C189,W02:C189,MC0189,MC0189,inherited_unchanged,high,,,,,,,Character definition and numbering retained from Wilson (2002).
REL-W02-190,WIL02_REF:C190,W02:C190,MC0190,MC0190,inherited_unchanged,high,,,,,,,Character definition and numbering retained from Wilson (2002).
REL-W02-191,WIL02_REF:C191,W02:C191,MC0191,MC0191,inherited_unchanged,high,,,,,,,Character definition and numbering retained from Wilson (2002).
REL-W02-192,WIL02_REF:C192,W02:C192,MC0192,MC0192,inherited_unchanged,high,,,,,,,Character definition and numbering retained from Wilson (2002).
REL-W02-193,WIL02_REF:C193,W02:C193,MC0193,MC0193,inherited_unchanged,high,,,,,,,Character definition and numbering retained from Wilson (2002).
REL-W02-194,WIL02_REF:C194,W02:C194,MC0194,MC0194,inherited_unchanged,high,,,,,,,Character definition and numbering retained from Wilson (2002).
REL-W02-195,WIL02_REF:C195,W02:C195,MC0195,MC0195,inherited_unchanged,high,,,,,,,Character definition and numbering retained from Wilson (2002).
REL-W02-196,WIL02_REF:C196,W02:C196,MC0196,MC0196,inherited_unchanged,high,,,,,,,Character definition and numbering retained from Wilson (2002).
REL-W02-197,WIL02_REF:C197,W02:C197,MC0197,MC0197,inherited_unchanged,high,,,,,,,Character definition and numbering retained from Wilson (2002).
REL-W02-198,WIL02_REF:C198,W02:C198,MC0198,MC0198,inherited_unchanged,high,,,,,,,Character definition and numbering retained from Wilson (2002).
REL-W02-199,WIL02_REF:C199,W02:C199,MC0199,MC0199,inherited_unchanged,high,,,,,,,Character definition and numbering retained from Wilson (2002).
REL-W02-200,WIL02_REF:C200,W02:C200,MC0200,MC0200,inherited_unchanged,high,,,,,,,Character definition and numbering retained from Wilson (2002).
REL-W02-201,WIL02_REF:C201,W02:C201,MC0201,MC0201,inherited_unchanged,high,,,,,,,Character definition and numbering retained from Wilson (2002).
REL-W02-202,WIL02_REF:C202,W02:C202,MC0202,MC0202,inherited_unchanged,high,,,,,,,Character definition and numbering retained from Wilson (2002).
REL-W02-203,WIL02_REF:C203,W02:C203,MC0203,MC0203,inherited_unchanged,high,,,,,,,Character definition and numbering retained from Wilson (2002).
REL-W02-204,WIL02_REF:C204,W02:C204,MC0204,MC0204,inherited_unchanged,high,,,,,,,Character definition and numbering retained from Wilson (2002).
REL-W02-205,WIL02_REF:C205,W02:C205,MC0205,MC0205,inherited_unchanged,high,,,,,,,Character definition and numbering retained from Wilson (2002).
REL-W02-206,WIL02_REF:C206,W02:C206,MC0206,MC0206,inherited_unchanged,high,,,,,,,Character definition and numbering retained from Wilson (2002).
REL-W02-207,WIL02_REF:C207,W02:C207,MC0207,MC0207,inherited_unchanged,high,,,,,,,Character definition and numbering retained from Wilson (2002).
REL-W02-208,WIL02_REF:C208,W02:C208,MC0208,MC0208,inherited_unchanged,high,,,,,,,Character definition and numbering retained from Wilson (2002).
REL-W02-209,WIL02_REF:C209,W02:C209,MC0209,MC0209,inherited_unchanged,high,,,,,,,Character definition and numbering retained from Wilson (2002).
REL-W02-210,WIL02_REF:C210,W02:C210,MC0210,MC0210,inherited_unchanged,high,,,,,,,Character definition and numbering retained from Wilson (2002).
REL-W02-211,WIL02_REF:C211,W02:C211,MC0211,MC0211,inherited_unchanged,high,,,,,,,Character definition and numbering retained from Wilson (2002).
REL-W02-212,WIL02_REF:C212,W02:C212,MC0212,MC0212,inherited_unchanged,high,,,,,,,Character definition and numbering retained from Wilson (2002).
REL-W02-213,WIL02_REF:C213,W02:C213,MC0213,MC0213,inherited_unchanged,high,,,,,,,Character definition and numbering retained from Wilson (2002).
REL-W02-214,WIL02_REF:C214,W02:C214,MC0214,MC0214,inherited_unchanged,high,,,,,,,Character definition and numbering retained from Wilson (2002).
REL-W02-215,WIL02_REF:C215,W02:C215,MC0215,MC0215,inherited_unchanged,high,,,,,,,Character definition and numbering retained from Wilson (2002).
REL-W02-216,WIL02_REF:C216,W02:C216,MC0216,MC0216,inherited_unchanged,high,,,,,,,Character definition and numbering retained from Wilson (2002).
REL-W02-217,WIL02_REF:C217,W02:C217,MC0217,MC0217,inherited_unchanged,high,,,,,,,Character definition and numbering retained from Wilson (2002).
REL-W02-218,WIL02_REF:C218,W02:C218,MC0218,MC0218,inherited_unchanged,high,,,,,,,Character definition and numbering retained from Wilson (2002).
REL-W02-219,WIL02_REF:C219,W02:C219,MC0219,MC0219,inherited_unchanged,high,,,,,,,Character definition and numbering retained from Wilson (2002).
REL-W02-220,WIL02_REF:C220,W02:C220,MC0220,MC0220,inherited_unchanged,high,,,,,,,Character definition and numbering retained from Wilson (2002).
REL-W02-221,WIL02_REF:C221,W02:C221,MC0221,MC0221,inherited_unchanged,high,,,,,,,Character definition and numbering retained from Wilson (2002).
REL-W02-222,WIL02_REF:C222,W02:C222,MC0222,MC0222,inherited_unchanged,high,,,,,,,Character definition and numbering retained from Wilson (2002).
REL-W02-223,WIL02_REF:C223,W02:C223,MC0223,MC0223,inherited_unchanged,high,,,,,,,Character definition and numbering retained from Wilson (2002).
REL-W02-224,WIL02_REF:C224,W02:C224,MC0224,MC0224,inherited_unchanged,high,,,,,,,Character definition and numbering retained from Wilson (2002).
REL-W02-225,WIL02_REF:C225,W02:C225,MC0225,MC0225,inherited_unchanged,high,,,,,,,Character definition and numbering retained from Wilson (2002).
REL-W02-226,WIL02_REF:C226,W02:C226,MC0226,MC0226,inherited_unchanged,high,,,,,,,Character definition and numbering retained from Wilson (2002).
REL-W02-227,WIL02_REF:C227,W02:C227,MC0227,MC0227,inherited_unchanged,high,,,,,,,Character definition and numbering retained from Wilson (2002).
REL-W02-228,WIL02_REF:C228,W02:C228,MC0228,MC0228,inherited_unchanged,high,,,,,,,Character definition and numbering retained from Wilson (2002).
REL-W02-229,WIL02_REF:C229,W02:C229,MC0229,MC0229,inherited_unchanged,high,,,,,,,Character definition and numbering retained from Wilson (2002).
REL-W02-230,WIL02_REF:C230,W02:C230,MC0230,MC0230,inherited_unchanged,high,,,,,,,Character definition and numbering retained from Wilson (2002).
REL-W02-231,WIL02_REF:C231,W02:C231,MC0231,MC0231,inherited_unchanged,high,,,,,,,Character definition and numbering retained from Wilson (2002).
REL-W02-232,WIL02_REF:C232,W02:C232,MC0232,MC0232,inherited_unchanged,high,,,,,,,Character definition and numbering retained from Wilson (2002).
REL-W02-233,WIL02_REF:C233,W02:C233,MC0233,MC0233,inherited_unchanged,high,,,,,,,Character definition and numbering retained from Wilson (2002).
REL-W02-234,WIL02_REF:C234,W02:C234,MC0234,MC0234,inherited_unchanged,high,,,,,,,Character definition and numbering retained from Wilson (2002).
REL-W02-235,,W02:C235,MC0235,MC0235,novel_addition,high,,,,,,,New post-Wilson character in the supplied compilation lineage.
REL-W02-236,,W02:C236,MC0236,MC0236,novel_addition,high,,,,,,,New post-Wilson character in the supplied compilation lineage.
REL-W02-237,WIL02_REF:C116,W02:C237,MC0237,MC0237,split_derived,high,,,,,,,Derived from reinterpretation/splitting of Wilson C116.
REL-W02-238,WIL02_REF:C118,W02:C238,MC0238,MC0238,split_derived,high,,,,,,,Derived from reinterpretation/splitting of Wilson C118.
REL-W02-239,,W02:C239,MC0239,MC0239,novel_addition,high,,,,,,,New post-Wilson character in the supplied compilation lineage.
REL-W02-240,,W02:C240,MC0240,MC0240,novel_addition,high,,,,,,,New post-Wilson character in the supplied compilation lineage.
REL-W02-241,,W02:C241,MC0241,MC0241,novel_addition,high,,,,,,,New post-Wilson character in the supplied compilation lineage.
REL-W02-242,,W02:C242,MC0242,MC0242,novel_addition,high,,,,,,,New post-Wilson character in the supplied compilation lineage.
REL-W02-243,,W02:C243,MC0243,MC0243,novel_addition,high,,,,,,,New post-Wilson character in the supplied compilation lineage.
REL-W02-244,,W02:C244,MC0244,MC0244,novel_addition,high,,,,,,,New post-Wilson character in the supplied compilation lineage.
REL-W02-245,,W02:C245,MC0245,MC0245,novel_addition,high,,,,,,,New post-Wilson character in the supplied compilation lineage.
REL-W02-246,,W02:C246,MC0246,MC0246,novel_addition,high,,,,,,,New post-Wilson character in the supplied compilation lineage.
REL-KN10-001,WIL02_REF:C1,KN10:C1,MC0001,MC0001,inherited_unchanged,high,,Wilson (2002),,,,,Ksepka & Norell (2010) explicitly state that characters 1–234 correspond to the Wilson (2002) matrix.
REL-KN10-002,WIL02_REF:C2,KN10:C2,MC0002,MC0002,inherited_unchanged,high,,Wilson (2002),,,,,Ksepka & Norell (2010) explicitly state that characters 1–234 correspond to the Wilson (2002) matrix.
REL-KN10-003,WIL02_REF:C3,KN10:C3,MC0003,MC0003,inherited_unchanged,high,,Wilson (2002),,,,,Ksepka & Norell (2010) explicitly state that characters 1–234 correspond to the Wilson (2002) matrix.
REL-KN10-004,WIL02_REF:C4,KN10:C4,MC0004,MC0004,inherited_unchanged,high,,Wilson (2002),,,,,Ksepka & Norell (2010) explicitly state that characters 1–234 correspond to the Wilson (2002) matrix.
REL-KN10-005,WIL02_REF:C5,KN10:C5,MC0005,MC0005,inherited_unchanged,high,,Wilson (2002),,,,,Ksepka & Norell (2010) explicitly state that characters 1–234 correspond to the Wilson (2002) matrix.
REL-KN10-006,WIL02_REF:C6,KN10:C6,MC0006,MC0006,inherited_unchanged,high,,Wilson (2002),,,,,Ksepka & Norell (2010) explicitly state that characters 1–234 correspond to the Wilson (2002) matrix.
REL-KN10-007,WIL02_REF:C7,KN10:C7,MC0007,MC0007,inherited_unchanged,high,,Wilson (2002),,,,,Ksepka & Norell (2010) explicitly state that characters 1–234 correspond to the Wilson (2002) matrix.
REL-KN10-008,WIL02_REF:C8,KN10:C8,MC0008,MC0008,inherited_unchanged,high,,Wilson (2002),,,,,Ksepka & Norell (2010) explicitly state that characters 1–234 correspond to the Wilson (2002) matrix.
REL-KN10-009,WIL02_REF:C9,KN10:C9,MC0009,MC0009,inherited_unchanged,high,,Wilson (2002),,,,,Ksepka & Norell (2010) explicitly state that characters 1–234 correspond to the Wilson (2002) matrix.
REL-KN10-010,WIL02_REF:C10,KN10:C10,MC0010,MC0010,inherited_unchanged,high,,Wilson (2002),,,,,Ksepka & Norell (2010) explicitly state that characters 1–234 correspond to the Wilson (2002) matrix.
REL-KN10-011,WIL02_REF:C11,KN10:C11,MC0011,MC0011,inherited_unchanged,high,,Wilson (2002),,,,,Ksepka & Norell (2010) explicitly state that characters 1–234 correspond to the Wilson (2002) matrix.
REL-KN10-012,WIL02_REF:C12,KN10:C12,MC0012,MC0012,inherited_unchanged,high,,Wilson (2002),,,,,Ksepka & Norell (2010) explicitly state that characters 1–234 correspond to the Wilson (2002) matrix.
REL-KN10-013,WIL02_REF:C13,KN10:C13,MC0013,MC0013,inherited_unchanged,high,,Wilson (2002),,,,,Ksepka & Norell (2010) explicitly state that characters 1–234 correspond to the Wilson (2002) matrix.
REL-KN10-014,WIL02_REF:C14,KN10:C14,MC0014,MC0014,inherited_unchanged,high,,Wilson (2002),,,,,Ksepka & Norell (2010) explicitly state that characters 1–234 correspond to the Wilson (2002) matrix.
REL-KN10-015,WIL02_REF:C15,KN10:C15,MC0015,MC0015,inherited_unchanged,high,,Wilson (2002),,,,,Ksepka & Norell (2010) explicitly state that characters 1–234 correspond to the Wilson (2002) matrix.
REL-KN10-016,WIL02_REF:C16,KN10:C16,MC0016,MC0016,inherited_unchanged,high,,Wilson (2002),,,,,Ksepka & Norell (2010) explicitly state that characters 1–234 correspond to the Wilson (2002) matrix.
REL-KN10-017,WIL02_REF:C17,KN10:C17,MC0017,MC0017,inherited_unchanged,high,,Wilson (2002),,,,,Ksepka & Norell (2010) explicitly state that characters 1–234 correspond to the Wilson (2002) matrix.
REL-KN10-018,WIL02_REF:C18,KN10:C18,MC0018,MC0018,inherited_unchanged,high,,Wilson (2002),,,,,Ksepka & Norell (2010) explicitly state that characters 1–234 correspond to the Wilson (2002) matrix.
REL-KN10-019,WIL02_REF:C19,KN10:C19,MC0019,MC0019,inherited_unchanged,high,,Wilson (2002),,,,,Ksepka & Norell (2010) explicitly state that characters 1–234 correspond to the Wilson (2002) matrix.
REL-KN10-020,WIL02_REF:C20,KN10:C20,MC0020,MC0020,inherited_unchanged,high,,Wilson (2002),,,,,Ksepka & Norell (2010) explicitly state that characters 1–234 correspond to the Wilson (2002) matrix.
REL-KN10-021,WIL02_REF:C21,KN10:C21,MC0021,MC0021,inherited_unchanged,high,,Wilson (2002),,,,,Ksepka & Norell (2010) explicitly state that characters 1–234 correspond to the Wilson (2002) matrix.
REL-KN10-022,WIL02_REF:C22,KN10:C22,MC0022,MC0022,inherited_unchanged,high,,Wilson (2002),,,,,Ksepka & Norell (2010) explicitly state that characters 1–234 correspond to the Wilson (2002) matrix.
REL-KN10-023,WIL02_REF:C23,KN10:C23,MC0023,MC0023,inherited_unchanged,high,,Wilson (2002),,,,,Ksepka & Norell (2010) explicitly state that characters 1–234 correspond to the Wilson (2002) matrix.
REL-KN10-024,WIL02_REF:C24,KN10:C24,MC0024,MC0024,inherited_unchanged,high,,Wilson (2002),,,,,Ksepka & Norell (2010) explicitly state that characters 1–234 correspond to the Wilson (2002) matrix.
REL-KN10-025,WIL02_REF:C25,KN10:C25,MC0025,MC0025,inherited_unchanged,high,,Wilson (2002),,,,,Ksepka & Norell (2010) explicitly state that characters 1–234 correspond to the Wilson (2002) matrix.
REL-KN10-026,WIL02_REF:C26,KN10:C26,MC0026,MC0026,inherited_unchanged,high,,Wilson (2002),,,,,Ksepka & Norell (2010) explicitly state that characters 1–234 correspond to the Wilson (2002) matrix.
REL-KN10-027,WIL02_REF:C27,KN10:C27,MC0027,MC0027,inherited_unchanged,high,,Wilson (2002),,,,,Ksepka & Norell (2010) explicitly state that characters 1–234 correspond to the Wilson (2002) matrix.
REL-KN10-028,WIL02_REF:C28,KN10:C28,MC0028,MC0028,inherited_unchanged,high,,Wilson (2002),,,,,Ksepka & Norell (2010) explicitly state that characters 1–234 correspond to the Wilson (2002) matrix.
REL-KN10-029,WIL02_REF:C29,KN10:C29,MC0029,MC0029,inherited_unchanged,high,,Wilson (2002),,,,,Ksepka & Norell (2010) explicitly state that characters 1–234 correspond to the Wilson (2002) matrix.
REL-KN10-030,WIL02_REF:C30,KN10:C30,MC0030,MC0030,inherited_unchanged,high,,Wilson (2002),,,,,Ksepka & Norell (2010) explicitly state that characters 1–234 correspond to the Wilson (2002) matrix.
REL-KN10-031,WIL02_REF:C31,KN10:C31,MC0031,MC0031,inherited_unchanged,high,,Wilson (2002),,,,,Ksepka & Norell (2010) explicitly state that characters 1–234 correspond to the Wilson (2002) matrix.
REL-KN10-032,WIL02_REF:C32,KN10:C32,MC0032,MC0032,inherited_unchanged,high,,Wilson (2002),,,,,Ksepka & Norell (2010) explicitly state that characters 1–234 correspond to the Wilson (2002) matrix.
REL-KN10-033,WIL02_REF:C33,KN10:C33,MC0033,MC0033,inherited_unchanged,high,,Wilson (2002),,,,,Ksepka & Norell (2010) explicitly state that characters 1–234 correspond to the Wilson (2002) matrix.
REL-KN10-034,WIL02_REF:C34,KN10:C34,MC0034,MC0034,inherited_unchanged,high,,Wilson (2002),,,,,Ksepka & Norell (2010) explicitly state that characters 1–234 correspond to the Wilson (2002) matrix.
REL-KN10-035,WIL02_REF:C35,KN10:C35,MC0035,MC0035,inherited_unchanged,high,,Wilson (2002),,,,,Ksepka & Norell (2010) explicitly state that characters 1–234 correspond to the Wilson (2002) matrix.
REL-KN10-036,WIL02_REF:C36,KN10:C36,MC0036,MC0036,inherited_unchanged,high,,Wilson (2002),,,,,Ksepka & Norell (2010) explicitly state that characters 1–234 correspond to the Wilson (2002) matrix.
REL-KN10-037,WIL02_REF:C37,KN10:C37,MC0037,MC0037,inherited_unchanged,high,,Wilson (2002),,,,,Ksepka & Norell (2010) explicitly state that characters 1–234 correspond to the Wilson (2002) matrix.
REL-KN10-038,WIL02_REF:C38,KN10:C38,MC0038,MC0038,inherited_unchanged,high,,Wilson (2002),,,,,Ksepka & Norell (2010) explicitly state that characters 1–234 correspond to the Wilson (2002) matrix.
REL-KN10-039,WIL02_REF:C39,KN10:C39,MC0039,MC0039,inherited_unchanged,high,,Wilson (2002),,,,,Ksepka & Norell (2010) explicitly state that characters 1–234 correspond to the Wilson (2002) matrix.
REL-KN10-040,WIL02_REF:C40,KN10:C40,MC0040,MC0040,inherited_unchanged,high,,Wilson (2002),,,,,Ksepka & Norell (2010) explicitly state that characters 1–234 correspond to the Wilson (2002) matrix.
REL-KN10-041,WIL02_REF:C41,KN10:C41,MC0041,MC0041,inherited_unchanged,high,,Wilson (2002),,,,,Ksepka & Norell (2010) explicitly state that characters 1–234 correspond to the Wilson (2002) matrix.
REL-KN10-042,WIL02_REF:C42,KN10:C42,MC0042,MC0042,inherited_unchanged,high,,Wilson (2002),,,,,Ksepka & Norell (2010) explicitly state that characters 1–234 correspond to the Wilson (2002) matrix.
REL-KN10-043,WIL02_REF:C43,KN10:C43,MC0043,MC0043,inherited_unchanged,high,,Wilson (2002),,,,,Ksepka & Norell (2010) explicitly state that characters 1–234 correspond to the Wilson (2002) matrix.
REL-KN10-044,WIL02_REF:C44,KN10:C44,MC0044,MC0044,inherited_unchanged,high,,Wilson (2002),,,,,Ksepka & Norell (2010) explicitly state that characters 1–234 correspond to the Wilson (2002) matrix.
REL-KN10-045,WIL02_REF:C45,KN10:C45,MC0045,MC0045,inherited_unchanged,high,,Wilson (2002),,,,,Ksepka & Norell (2010) explicitly state that characters 1–234 correspond to the Wilson (2002) matrix.
REL-KN10-046,WIL02_REF:C46,KN10:C46,MC0046,MC0046,inherited_unchanged,high,,Wilson (2002),,,,,Ksepka & Norell (2010) explicitly state that characters 1–234 correspond to the Wilson (2002) matrix.
REL-KN10-047,WIL02_REF:C47,KN10:C47,MC0047,MC0047,inherited_unchanged,high,,Wilson (2002),,,,,Ksepka & Norell (2010) explicitly state that characters 1–234 correspond to the Wilson (2002) matrix.
REL-KN10-048,WIL02_REF:C48,KN10:C48,MC0048,MC0048,inherited_unchanged,high,,Wilson (2002),,,,,Ksepka & Norell (2010) explicitly state that characters 1–234 correspond to the Wilson (2002) matrix.
REL-KN10-049,WIL02_REF:C49,KN10:C49,MC0049,MC0049,inherited_unchanged,high,,Wilson (2002),,,,,Ksepka & Norell (2010) explicitly state that characters 1–234 correspond to the Wilson (2002) matrix.
REL-KN10-050,WIL02_REF:C50,KN10:C50,MC0050,MC0050,inherited_unchanged,high,,Wilson (2002),,,,,Ksepka & Norell (2010) explicitly state that characters 1–234 correspond to the Wilson (2002) matrix.
REL-KN10-051,WIL02_REF:C51,KN10:C51,MC0051,MC0051,inherited_unchanged,high,,Wilson (2002),,,,,Ksepka & Norell (2010) explicitly state that characters 1–234 correspond to the Wilson (2002) matrix.
REL-KN10-052,WIL02_REF:C52,KN10:C52,MC0052,MC0052,inherited_unchanged,high,,Wilson (2002),,,,,Ksepka & Norell (2010) explicitly state that characters 1–234 correspond to the Wilson (2002) matrix.
REL-KN10-053,WIL02_REF:C53,KN10:C53,MC0053,MC0053,inherited_unchanged,high,,Wilson (2002),,,,,Ksepka & Norell (2010) explicitly state that characters 1–234 correspond to the Wilson (2002) matrix.
REL-KN10-054,WIL02_REF:C54,KN10:C54,MC0054,MC0054,inherited_unchanged,high,,Wilson (2002),,,,,Ksepka & Norell (2010) explicitly state that characters 1–234 correspond to the Wilson (2002) matrix.
REL-KN10-055,WIL02_REF:C55,KN10:C55,MC0055,MC0055,inherited_unchanged,high,,Wilson (2002),,,,,Ksepka & Norell (2010) explicitly state that characters 1–234 correspond to the Wilson (2002) matrix.
REL-KN10-056,WIL02_REF:C56,KN10:C56,MC0056,MC0056,inherited_unchanged,high,,Wilson (2002),,,,,Ksepka & Norell (2010) explicitly state that characters 1–234 correspond to the Wilson (2002) matrix.
REL-KN10-057,WIL02_REF:C57,KN10:C57,MC0057,MC0057,inherited_unchanged,high,,Wilson (2002),,,,,Ksepka & Norell (2010) explicitly state that characters 1–234 correspond to the Wilson (2002) matrix.
REL-KN10-058,WIL02_REF:C58,KN10:C58,MC0058,MC0058,inherited_unchanged,high,,Wilson (2002),,,,,Ksepka & Norell (2010) explicitly state that characters 1–234 correspond to the Wilson (2002) matrix.
REL-KN10-059,WIL02_REF:C59,KN10:C59,MC0059,MC0059,inherited_unchanged,high,,Wilson (2002),,,,,Ksepka & Norell (2010) explicitly state that characters 1–234 correspond to the Wilson (2002) matrix.
REL-KN10-060,WIL02_REF:C60,KN10:C60,MC0060,MC0060,inherited_unchanged,high,,Wilson (2002),,,,,Ksepka & Norell (2010) explicitly state that characters 1–234 correspond to the Wilson (2002) matrix.
REL-KN10-061,WIL02_REF:C61,KN10:C61,MC0061,MC0061,inherited_unchanged,high,,Wilson (2002),,,,,Ksepka & Norell (2010) explicitly state that characters 1–234 correspond to the Wilson (2002) matrix.
REL-KN10-062,WIL02_REF:C62,KN10:C62,MC0062,MC0062,inherited_unchanged,high,,Wilson (2002),,,,,Ksepka & Norell (2010) explicitly state that characters 1–234 correspond to the Wilson (2002) matrix.
REL-KN10-063,WIL02_REF:C63,KN10:C63,MC0063,MC0063,inherited_unchanged,high,,Wilson (2002),,,,,Ksepka & Norell (2010) explicitly state that characters 1–234 correspond to the Wilson (2002) matrix.
REL-KN10-064,WIL02_REF:C64,KN10:C64,MC0064,MC0064,inherited_unchanged,high,,Wilson (2002),,,,,Ksepka & Norell (2010) explicitly state that characters 1–234 correspond to the Wilson (2002) matrix.
REL-KN10-065,WIL02_REF:C65,KN10:C65,MC0065,MC0065,inherited_unchanged,high,,Wilson (2002),,,,,Ksepka & Norell (2010) explicitly state that characters 1–234 correspond to the Wilson (2002) matrix.
REL-KN10-066,WIL02_REF:C66,KN10:C66,MC0066,MC0066,inherited_unchanged,high,,Wilson (2002),,,,,Ksepka & Norell (2010) explicitly state that characters 1–234 correspond to the Wilson (2002) matrix.
REL-KN10-067,WIL02_REF:C67,KN10:C67,MC0067,MC0067,inherited_unchanged,high,,Wilson (2002),,,,,Ksepka & Norell (2010) explicitly state that characters 1–234 correspond to the Wilson (2002) matrix.
REL-KN10-068,WIL02_REF:C68,KN10:C68,MC0068,MC0068,inherited_unchanged,high,,Wilson (2002),,,,,Ksepka & Norell (2010) explicitly state that characters 1–234 correspond to the Wilson (2002) matrix.
REL-KN10-069,WIL02_REF:C69,KN10:C69,MC0069,MC0069,inherited_unchanged,high,,Wilson (2002),,,,,Ksepka & Norell (2010) explicitly state that characters 1–234 correspond to the Wilson (2002) matrix.
REL-KN10-070,WIL02_REF:C70,KN10:C70,MC0070,MC0070,inherited_unchanged,high,,Wilson (2002),,,,,Ksepka & Norell (2010) explicitly state that characters 1–234 correspond to the Wilson (2002) matrix.
REL-KN10-071,WIL02_REF:C71,KN10:C71,MC0071,MC0071,inherited_unchanged,high,,Wilson (2002),,,,,Ksepka & Norell (2010) explicitly state that characters 1–234 correspond to the Wilson (2002) matrix.
REL-KN10-072,WIL02_REF:C72,KN10:C72,MC0072,MC0072,inherited_unchanged,high,,Wilson (2002),,,,,Ksepka & Norell (2010) explicitly state that characters 1–234 correspond to the Wilson (2002) matrix.
REL-KN10-073,WIL02_REF:C73,KN10:C73,MC0073,MC0073,inherited_unchanged,high,,Wilson (2002),,,,,Ksepka & Norell (2010) explicitly state that characters 1–234 correspond to the Wilson (2002) matrix.
REL-KN10-074,WIL02_REF:C74,KN10:C74,MC0074,MC0074,inherited_unchanged,high,,Wilson (2002),,,,,Ksepka & Norell (2010) explicitly state that characters 1–234 correspond to the Wilson (2002) matrix.
REL-KN10-075,WIL02_REF:C75,KN10:C75,MC0075,MC0075,inherited_unchanged,high,,Wilson (2002),,,,,Ksepka & Norell (2010) explicitly state that characters 1–234 correspond to the Wilson (2002) matrix.
REL-KN10-076,WIL02_REF:C76,KN10:C76,MC0076,MC0076,inherited_unchanged,high,,Wilson (2002),,,,,Ksepka & Norell (2010) explicitly state that characters 1–234 correspond to the Wilson (2002) matrix.
REL-KN10-077,WIL02_REF:C77,KN10:C77,MC0077,MC0077,inherited_unchanged,high,,Wilson (2002),,,,,Ksepka & Norell (2010) explicitly state that characters 1–234 correspond to the Wilson (2002) matrix.
REL-KN10-078,WIL02_REF:C78,KN10:C78,MC0078,MC0078,inherited_unchanged,high,,Wilson (2002),,,,,Ksepka & Norell (2010) explicitly state that characters 1–234 correspond to the Wilson (2002) matrix.
REL-KN10-079,WIL02_REF:C79,KN10:C79,MC0079,MC0079,inherited_unchanged,high,,Wilson (2002),,,,,Ksepka & Norell (2010) explicitly state that characters 1–234 correspond to the Wilson (2002) matrix.
REL-KN10-080,WIL02_REF:C80,KN10:C80,MC0080,MC0080,inherited_unchanged,high,,Wilson (2002),,,,,Ksepka & Norell (2010) explicitly state that characters 1–234 correspond to the Wilson (2002) matrix.
REL-KN10-081,WIL02_REF:C81,KN10:C81,MC0081,MC0081,inherited_unchanged,high,,Wilson (2002),,,,,Ksepka & Norell (2010) explicitly state that characters 1–234 correspond to the Wilson (2002) matrix.
REL-KN10-082,WIL02_REF:C82,KN10:C82,MC0082,MC0082,inherited_unchanged,high,,Wilson (2002),,,,,Ksepka & Norell (2010) explicitly state that characters 1–234 correspond to the Wilson (2002) matrix.
REL-KN10-083,WIL02_REF:C83,KN10:C83,MC0083,MC0083,inherited_unchanged,high,,Wilson (2002),,,,,Ksepka & Norell (2010) explicitly state that characters 1–234 correspond to the Wilson (2002) matrix.
REL-KN10-084,WIL02_REF:C84,KN10:C84,MC0084,MC0084,inherited_unchanged,high,,Wilson (2002),,,,,Ksepka & Norell (2010) explicitly state that characters 1–234 correspond to the Wilson (2002) matrix.
REL-KN10-085,WIL02_REF:C85,KN10:C85,MC0085,MC0085,inherited_unchanged,high,,Wilson (2002),,,,,Ksepka & Norell (2010) explicitly state that characters 1–234 correspond to the Wilson (2002) matrix.
REL-KN10-086,WIL02_REF:C86,KN10:C86,MC0086,MC0086,inherited_unchanged,high,,Wilson (2002),,,,,Ksepka & Norell (2010) explicitly state that characters 1–234 correspond to the Wilson (2002) matrix.
REL-KN10-087,WIL02_REF:C87,KN10:C87,MC0087,MC0087,inherited_unchanged,high,,Wilson (2002),,,,,Ksepka & Norell (2010) explicitly state that characters 1–234 correspond to the Wilson (2002) matrix.
REL-KN10-088,WIL02_REF:C88,KN10:C88,MC0088,MC0088,inherited_unchanged,high,,Wilson (2002),,,,,Ksepka & Norell (2010) explicitly state that characters 1–234 correspond to the Wilson (2002) matrix.
REL-KN10-089,WIL02_REF:C89,KN10:C89,MC0089,MC0089,inherited_unchanged,high,,Wilson (2002),,,,,Ksepka & Norell (2010) explicitly state that characters 1–234 correspond to the Wilson (2002) matrix.
REL-KN10-090,WIL02_REF:C90,KN10:C90,MC0090,MC0090,inherited_unchanged,high,,Wilson (2002),,,,,Ksepka & Norell (2010) explicitly state that characters 1–234 correspond to the Wilson (2002) matrix.
REL-KN10-091,WIL02_REF:C91,KN10:C91,MC0091,MC0091,inherited_unchanged,high,,Wilson (2002),,,,,Ksepka & Norell (2010) explicitly state that characters 1–234 correspond to the Wilson (2002) matrix.
REL-KN10-092,WIL02_REF:C92,KN10:C92,MC0092,MC0092,inherited_unchanged,high,,Wilson (2002),,,,,Ksepka & Norell (2010) explicitly state that characters 1–234 correspond to the Wilson (2002) matrix.
REL-KN10-093,WIL02_REF:C93,KN10:C93,MC0093,MC0093,inherited_unchanged,high,,Wilson (2002),,,,,Ksepka & Norell (2010) explicitly state that characters 1–234 correspond to the Wilson (2002) matrix.
REL-KN10-094,WIL02_REF:C94,KN10:C94,MC0094,MC0094,inherited_unchanged,high,,Wilson (2002),,,,,Ksepka & Norell (2010) explicitly state that characters 1–234 correspond to the Wilson (2002) matrix.
REL-KN10-095,WIL02_REF:C95,KN10:C95,MC0095,MC0095,inherited_unchanged,high,,Wilson (2002),,,,,Ksepka & Norell (2010) explicitly state that characters 1–234 correspond to the Wilson (2002) matrix.
REL-KN10-096,WIL02_REF:C96,KN10:C96,MC0096,MC0096,inherited_unchanged,high,,Wilson (2002),,,,,Ksepka & Norell (2010) explicitly state that characters 1–234 correspond to the Wilson (2002) matrix.
REL-KN10-097,WIL02_REF:C97,KN10:C97,MC0097,MC0097,inherited_unchanged,high,,Wilson (2002),,,,,Ksepka & Norell (2010) explicitly state that characters 1–234 correspond to the Wilson (2002) matrix.
REL-KN10-098,WIL02_REF:C98,KN10:C98,MC0098,MC0098,inherited_unchanged,high,,Wilson (2002),,,,,Ksepka & Norell (2010) explicitly state that characters 1–234 correspond to the Wilson (2002) matrix.
REL-KN10-099,WIL02_REF:C99,KN10:C99,MC0099,MC0099,inherited_unchanged,high,,Wilson (2002),,,,,Ksepka & Norell (2010) explicitly state that characters 1–234 correspond to the Wilson (2002) matrix.
REL-KN10-100,WIL02_REF:C100,KN10:C100,MC0100,MC0100,inherited_unchanged,high,,Wilson (2002),,,,,Ksepka & Norell (2010) explicitly state that characters 1–234 correspond to the Wilson (2002) matrix.
REL-KN10-101,WIL02_REF:C101,KN10:C101,MC0101,MC0101,inherited_unchanged,high,,Wilson (2002),,,,,Ksepka & Norell (2010) explicitly state that characters 1–234 correspond to the Wilson (2002) matrix.
REL-KN10-102,WIL02_REF:C102,KN10:C102,MC0102,MC0102,inherited_unchanged,high,,Wilson (2002),,,,,Ksepka & Norell (2010) explicitly state that characters 1–234 correspond to the Wilson (2002) matrix.
REL-KN10-103,WIL02_REF:C103,KN10:C103,MC0103,MC0103,inherited_unchanged,high,,Wilson (2002),,,,,Ksepka & Norell (2010) explicitly state that characters 1–234 correspond to the Wilson (2002) matrix.
REL-KN10-104,WIL02_REF:C104,KN10:C104,MC0104,MC0104,inherited_unchanged,high,,Wilson (2002),,,,,Ksepka & Norell (2010) explicitly state that characters 1–234 correspond to the Wilson (2002) matrix.
REL-KN10-105,WIL02_REF:C105,KN10:C105,MC0105,MC0105,inherited_unchanged,high,,Wilson (2002),,,,,Ksepka & Norell (2010) explicitly state that characters 1–234 correspond to the Wilson (2002) matrix.
REL-KN10-106,WIL02_REF:C106,KN10:C106,MC0106,MC0106,inherited_unchanged,high,,Wilson (2002),,,,,Ksepka & Norell (2010) explicitly state that characters 1–234 correspond to the Wilson (2002) matrix.
REL-KN10-107,WIL02_REF:C107,KN10:C107,MC0107,MC0107,inherited_unchanged,high,,Wilson (2002),,,,,Ksepka & Norell (2010) explicitly state that characters 1–234 correspond to the Wilson (2002) matrix.
REL-KN10-108,WIL02_REF:C108,KN10:C108,MC0108,MC0108,inherited_unchanged,high,,Wilson (2002),,,,,Ksepka & Norell (2010) explicitly state that characters 1–234 correspond to the Wilson (2002) matrix.
REL-KN10-109,WIL02_REF:C109,KN10:C109,MC0109,MC0109,inherited_unchanged,high,,Wilson (2002),,,,,Ksepka & Norell (2010) explicitly state that characters 1–234 correspond to the Wilson (2002) matrix.
REL-KN10-110,WIL02_REF:C110,KN10:C110,MC0110,MC0110,inherited_unchanged,high,,Wilson (2002),,,,,Ksepka & Norell (2010) explicitly state that characters 1–234 correspond to the Wilson (2002) matrix.
REL-KN10-111,WIL02_REF:C111,KN10:C111,MC0111,MC0111,inherited_unchanged,high,,Wilson (2002),,,,,Ksepka & Norell (2010) explicitly state that characters 1–234 correspond to the Wilson (2002) matrix.
REL-KN10-112,WIL02_REF:C112,KN10:C112,MC0112,MC0112,inherited_unchanged,high,,Wilson (2002),,,,,Ksepka & Norell (2010) explicitly state that characters 1–234 correspond to the Wilson (2002) matrix.
REL-KN10-113,WIL02_REF:C113,KN10:C113,MC0113,MC0113,inherited_unchanged,high,,Wilson (2002),,,,,Ksepka & Norell (2010) explicitly state that characters 1–234 correspond to the Wilson (2002) matrix.
REL-KN10-114,WIL02_REF:C114,KN10:C114,MC0114,MC0114,inherited_unchanged,high,,Wilson (2002),,,,,Ksepka & Norell (2010) explicitly state that characters 1–234 correspond to the Wilson (2002) matrix.
REL-KN10-115,WIL02_REF:C115,KN10:C115,MC0115,MC0115,inherited_unchanged,high,,Wilson (2002),,,,,Ksepka & Norell (2010) explicitly state that characters 1–234 correspond to the Wilson (2002) matrix.
REL-KN10-116,WIL02_REF:C116,KN10:C116,MC0116,MC0116,inherited_unchanged,high,,Wilson (2002),,,,,Ksepka & Norell (2010) explicitly state that characters 1–234 correspond to the Wilson (2002) matrix.
REL-KN10-117,WIL02_REF:C117,KN10:C117,MC0117,MC0117,inherited_unchanged,high,,Wilson (2002),,,,,Ksepka & Norell (2010) explicitly state that characters 1–234 correspond to the Wilson (2002) matrix.
REL-KN10-118,WIL02_REF:C118,KN10:C118,MC0118,MC0118,inherited_unchanged,high,,Wilson (2002),,,,,Ksepka & Norell (2010) explicitly state that characters 1–234 correspond to the Wilson (2002) matrix.
REL-KN10-119,WIL02_REF:C119,KN10:C119,MC0119,MC0119,inherited_unchanged,high,,Wilson (2002),,,,,Ksepka & Norell (2010) explicitly state that characters 1–234 correspond to the Wilson (2002) matrix.
REL-KN10-120,WIL02_REF:C120,KN10:C120,MC0120,MC0120,inherited_unchanged,high,,Wilson (2002),,,,,Ksepka & Norell (2010) explicitly state that characters 1–234 correspond to the Wilson (2002) matrix.
REL-KN10-121,WIL02_REF:C121,KN10:C121,MC0121,MC0121,inherited_unchanged,high,,Wilson (2002),,,,,Ksepka & Norell (2010) explicitly state that characters 1–234 correspond to the Wilson (2002) matrix.
REL-KN10-122,WIL02_REF:C122,KN10:C122,MC0122,MC0122,inherited_unchanged,high,,Wilson (2002),,,,,Ksepka & Norell (2010) explicitly state that characters 1–234 correspond to the Wilson (2002) matrix.
REL-KN10-123,WIL02_REF:C123,KN10:C123,MC0123,MC0123,inherited_unchanged,high,,Wilson (2002),,,,,Ksepka & Norell (2010) explicitly state that characters 1–234 correspond to the Wilson (2002) matrix.
REL-KN10-124,WIL02_REF:C124,KN10:C124,MC0124,MC0124,inherited_unchanged,high,,Wilson (2002),,,,,Ksepka & Norell (2010) explicitly state that characters 1–234 correspond to the Wilson (2002) matrix.
REL-KN10-125,WIL02_REF:C125,KN10:C125,MC0125,MC0125,inherited_unchanged,high,,Wilson (2002),,,,,Ksepka & Norell (2010) explicitly state that characters 1–234 correspond to the Wilson (2002) matrix.
REL-KN10-126,WIL02_REF:C126,KN10:C126,MC0126,MC0126,inherited_unchanged,high,,Wilson (2002),,,,,Ksepka & Norell (2010) explicitly state that characters 1–234 correspond to the Wilson (2002) matrix.
REL-KN10-127,WIL02_REF:C127,KN10:C127,MC0127,MC0127,inherited_unchanged,high,,Wilson (2002),,,,,Ksepka & Norell (2010) explicitly state that characters 1–234 correspond to the Wilson (2002) matrix.
REL-KN10-128,WIL02_REF:C128,KN10:C128,MC0128,MC0128,inherited_unchanged,high,,Wilson (2002),,,,,Ksepka & Norell (2010) explicitly state that characters 1–234 correspond to the Wilson (2002) matrix.
REL-KN10-129,WIL02_REF:C129,KN10:C129,MC0129,MC0129,inherited_unchanged,high,,Wilson (2002),,,,,Ksepka & Norell (2010) explicitly state that characters 1–234 correspond to the Wilson (2002) matrix.
REL-KN10-130,WIL02_REF:C130,KN10:C130,MC0130,MC0130,inherited_unchanged,high,,Wilson (2002),,,,,Ksepka & Norell (2010) explicitly state that characters 1–234 correspond to the Wilson (2002) matrix.
REL-KN10-131,WIL02_REF:C131,KN10:C131,MC0131,MC0131,inherited_unchanged,high,,Wilson (2002),,,,,Ksepka & Norell (2010) explicitly state that characters 1–234 correspond to the Wilson (2002) matrix.
REL-KN10-132,WIL02_REF:C132,KN10:C132,MC0132,MC0132,inherited_unchanged,high,,Wilson (2002),,,,,Ksepka & Norell (2010) explicitly state that characters 1–234 correspond to the Wilson (2002) matrix.
REL-KN10-133,WIL02_REF:C133,KN10:C133,MC0133,MC0133,inherited_unchanged,high,,Wilson (2002),,,,,Ksepka & Norell (2010) explicitly state that characters 1–234 correspond to the Wilson (2002) matrix.
REL-KN10-134,WIL02_REF:C134,KN10:C134,MC0134,MC0134,inherited_unchanged,high,,Wilson (2002),,,,,Ksepka & Norell (2010) explicitly state that characters 1–234 correspond to the Wilson (2002) matrix.
REL-KN10-135,WIL02_REF:C135,KN10:C135,MC0135,MC0135,inherited_unchanged,high,,Wilson (2002),,,,,Ksepka & Norell (2010) explicitly state that characters 1–234 correspond to the Wilson (2002) matrix.
REL-KN10-136,WIL02_REF:C136,KN10:C136,MC0136,MC0136,inherited_unchanged,high,,Wilson (2002),,,,,Ksepka & Norell (2010) explicitly state that characters 1–234 correspond to the Wilson (2002) matrix.
REL-KN10-137,WIL02_REF:C137,KN10:C137,MC0137,MC0137,inherited_unchanged,high,,Wilson (2002),,,,,Ksepka & Norell (2010) explicitly state that characters 1–234 correspond to the Wilson (2002) matrix.
REL-KN10-138,WIL02_REF:C138,KN10:C138,MC0138,MC0138,inherited_unchanged,high,,Wilson (2002),,,,,Ksepka & Norell (2010) explicitly state that characters 1–234 correspond to the Wilson (2002) matrix.
REL-KN10-139,WIL02_REF:C139,KN10:C139,MC0139,MC0139,inherited_unchanged,high,,Wilson (2002),,,,,Ksepka & Norell (2010) explicitly state that characters 1–234 correspond to the Wilson (2002) matrix.
REL-KN10-140,WIL02_REF:C140,KN10:C140,MC0140,MC0140,inherited_unchanged,high,,Wilson (2002),,,,,Ksepka & Norell (2010) explicitly state that characters 1–234 correspond to the Wilson (2002) matrix.
REL-KN10-141,WIL02_REF:C141,KN10:C141,MC0141,MC0141,inherited_unchanged,high,,Wilson (2002),,,,,Ksepka & Norell (2010) explicitly state that characters 1–234 correspond to the Wilson (2002) matrix.
REL-KN10-142,WIL02_REF:C142,KN10:C142,MC0142,MC0142,inherited_unchanged,high,,Wilson (2002),,,,,Ksepka & Norell (2010) explicitly state that characters 1–234 correspond to the Wilson (2002) matrix.
REL-KN10-143,WIL02_REF:C143,KN10:C143,MC0143,MC0143,inherited_unchanged,high,,Wilson (2002),,,,,Ksepka & Norell (2010) explicitly state that characters 1–234 correspond to the Wilson (2002) matrix.
REL-KN10-144,WIL02_REF:C144,KN10:C144,MC0144,MC0144,inherited_unchanged,high,,Wilson (2002),,,,,Ksepka & Norell (2010) explicitly state that characters 1–234 correspond to the Wilson (2002) matrix.
REL-KN10-145,WIL02_REF:C145,KN10:C145,MC0145,MC0145,inherited_unchanged,high,,Wilson (2002),,,,,Ksepka & Norell (2010) explicitly state that characters 1–234 correspond to the Wilson (2002) matrix.
REL-KN10-146,WIL02_REF:C146,KN10:C146,MC0146,MC0146,inherited_unchanged,high,,Wilson (2002),,,,,Ksepka & Norell (2010) explicitly state that characters 1–234 correspond to the Wilson (2002) matrix.
REL-KN10-147,WIL02_REF:C147,KN10:C147,MC0147,MC0147,inherited_unchanged,high,,Wilson (2002),,,,,Ksepka & Norell (2010) explicitly state that characters 1–234 correspond to the Wilson (2002) matrix.
REL-KN10-148,WIL02_REF:C148,KN10:C148,MC0148,MC0148,inherited_unchanged,high,,Wilson (2002),,,,,Ksepka & Norell (2010) explicitly state that characters 1–234 correspond to the Wilson (2002) matrix.
REL-KN10-149,WIL02_REF:C149,KN10:C149,MC0149,MC0149,inherited_unchanged,high,,Wilson (2002),,,,,Ksepka & Norell (2010) explicitly state that characters 1–234 correspond to the Wilson (2002) matrix.
REL-KN10-150,WIL02_REF:C150,KN10:C150,MC0150,MC0150,inherited_unchanged,high,,Wilson (2002),,,,,Ksepka & Norell (2010) explicitly state that characters 1–234 correspond to the Wilson (2002) matrix.
REL-KN10-151,WIL02_REF:C151,KN10:C151,MC0151,MC0151,inherited_unchanged,high,,Wilson (2002),,,,,Ksepka & Norell (2010) explicitly state that characters 1–234 correspond to the Wilson (2002) matrix.
REL-KN10-152,WIL02_REF:C152,KN10:C152,MC0152,MC0152,inherited_unchanged,high,,Wilson (2002),,,,,Ksepka & Norell (2010) explicitly state that characters 1–234 correspond to the Wilson (2002) matrix.
REL-KN10-153,WIL02_REF:C153,KN10:C153,MC0153,MC0153,inherited_unchanged,high,,Wilson (2002),,,,,Ksepka & Norell (2010) explicitly state that characters 1–234 correspond to the Wilson (2002) matrix.
REL-KN10-154,WIL02_REF:C154,KN10:C154,MC0154,MC0154,inherited_unchanged,high,,Wilson (2002),,,,,Ksepka & Norell (2010) explicitly state that characters 1–234 correspond to the Wilson (2002) matrix.
REL-KN10-155,WIL02_REF:C155,KN10:C155,MC0155,MC0155,inherited_unchanged,high,,Wilson (2002),,,,,Ksepka & Norell (2010) explicitly state that characters 1–234 correspond to the Wilson (2002) matrix.
REL-KN10-156,WIL02_REF:C156,KN10:C156,MC0156,MC0156,inherited_unchanged,high,,Wilson (2002),,,,,Ksepka & Norell (2010) explicitly state that characters 1–234 correspond to the Wilson (2002) matrix.
REL-KN10-157,WIL02_REF:C157,KN10:C157,MC0157,MC0157,inherited_unchanged,high,,Wilson (2002),,,,,Ksepka & Norell (2010) explicitly state that characters 1–234 correspond to the Wilson (2002) matrix.
REL-KN10-158,WIL02_REF:C158,KN10:C158,MC0158,MC0158,inherited_unchanged,high,,Wilson (2002),,,,,Ksepka & Norell (2010) explicitly state that characters 1–234 correspond to the Wilson (2002) matrix.
REL-KN10-159,WIL02_REF:C159,KN10:C159,MC0159,MC0159,inherited_unchanged,high,,Wilson (2002),,,,,Ksepka & Norell (2010) explicitly state that characters 1–234 correspond to the Wilson (2002) matrix.
REL-KN10-160,WIL02_REF:C160,KN10:C160,MC0160,MC0160,inherited_unchanged,high,,Wilson (2002),,,,,Ksepka & Norell (2010) explicitly state that characters 1–234 correspond to the Wilson (2002) matrix.
REL-KN10-161,WIL02_REF:C161,KN10:C161,MC0161,MC0161,inherited_unchanged,high,,Wilson (2002),,,,,Ksepka & Norell (2010) explicitly state that characters 1–234 correspond to the Wilson (2002) matrix.
REL-KN10-162,WIL02_REF:C162,KN10:C162,MC0162,MC0162,inherited_unchanged,high,,Wilson (2002),,,,,Ksepka & Norell (2010) explicitly state that characters 1–234 correspond to the Wilson (2002) matrix.
REL-KN10-163,WIL02_REF:C163,KN10:C163,MC0163,MC0163,inherited_unchanged,high,,Wilson (2002),,,,,Ksepka & Norell (2010) explicitly state that characters 1–234 correspond to the Wilson (2002) matrix.
REL-KN10-164,WIL02_REF:C164,KN10:C164,MC0164,MC0164,inherited_unchanged,high,,Wilson (2002),,,,,Ksepka & Norell (2010) explicitly state that characters 1–234 correspond to the Wilson (2002) matrix.
REL-KN10-165,WIL02_REF:C165,KN10:C165,MC0165,MC0165,inherited_unchanged,high,,Wilson (2002),,,,,Ksepka & Norell (2010) explicitly state that characters 1–234 correspond to the Wilson (2002) matrix.
REL-KN10-166,WIL02_REF:C166,KN10:C166,MC0166,MC0166,inherited_unchanged,high,,Wilson (2002),,,,,Ksepka & Norell (2010) explicitly state that characters 1–234 correspond to the Wilson (2002) matrix.
REL-KN10-167,WIL02_REF:C167,KN10:C167,MC0167,MC0167,inherited_unchanged,high,,Wilson (2002),,,,,Ksepka & Norell (2010) explicitly state that characters 1–234 correspond to the Wilson (2002) matrix.
REL-KN10-168,WIL02_REF:C168,KN10:C168,MC0168,MC0168,inherited_unchanged,high,,Wilson (2002),,,,,Ksepka & Norell (2010) explicitly state that characters 1–234 correspond to the Wilson (2002) matrix.
REL-KN10-169,WIL02_REF:C169,KN10:C169,MC0169,MC0169,inherited_unchanged,high,,Wilson (2002),,,,,Ksepka & Norell (2010) explicitly state that characters 1–234 correspond to the Wilson (2002) matrix.
REL-KN10-170,WIL02_REF:C170,KN10:C170,MC0170,MC0170,inherited_unchanged,high,,Wilson (2002),,,,,Ksepka & Norell (2010) explicitly state that characters 1–234 correspond to the Wilson (2002) matrix.
REL-KN10-171,WIL02_REF:C171,KN10:C171,MC0171,MC0171,inherited_unchanged,high,,Wilson (2002),,,,,Ksepka & Norell (2010) explicitly state that characters 1–234 correspond to the Wilson (2002) matrix.
REL-KN10-172,WIL02_REF:C172,KN10:C172,MC0172,MC0172,inherited_unchanged,high,,Wilson (2002),,,,,Ksepka & Norell (2010) explicitly state that characters 1–234 correspond to the Wilson (2002) matrix.
REL-KN10-173,WIL02_REF:C173,KN10:C173,MC0173,MC0173,inherited_unchanged,high,,Wilson (2002),,,,,Ksepka & Norell (2010) explicitly state that characters 1–234 correspond to the Wilson (2002) matrix.
REL-KN10-174,WIL02_REF:C174,KN10:C174,MC0174,MC0174,inherited_unchanged,high,,Wilson (2002),,,,,Ksepka & Norell (2010) explicitly state that characters 1–234 correspond to the Wilson (2002) matrix.
REL-KN10-175,WIL02_REF:C175,KN10:C175,MC0175,MC0175,inherited_unchanged,high,,Wilson (2002),,,,,Ksepka & Norell (2010) explicitly state that characters 1–234 correspond to the Wilson (2002) matrix.
REL-KN10-176,WIL02_REF:C176,KN10:C176,MC0176,MC0176,inherited_unchanged,high,,Wilson (2002),,,,,Ksepka & Norell (2010) explicitly state that characters 1–234 correspond to the Wilson (2002) matrix.
REL-KN10-177,WIL02_REF:C177,KN10:C177,MC0177,MC0177,inherited_unchanged,high,,Wilson (2002),,,,,Ksepka & Norell (2010) explicitly state that characters 1–234 correspond to the Wilson (2002) matrix.
REL-KN10-178,WIL02_REF:C178,KN10:C178,MC0178,MC0178,inherited_unchanged,high,,Wilson (2002),,,,,Ksepka & Norell (2010) explicitly state that characters 1–234 correspond to the Wilson (2002) matrix.
REL-KN10-179,WIL02_REF:C179,KN10:C179,MC0179,MC0179,inherited_unchanged,high,,Wilson (2002),,,,,Ksepka & Norell (2010) explicitly state that characters 1–234 correspond to the Wilson (2002) matrix.
REL-KN10-180,WIL02_REF:C180,KN10:C180,MC0180,MC0180,inherited_unchanged,high,,Wilson (2002),,,,,Ksepka & Norell (2010) explicitly state that characters 1–234 correspond to the Wilson (2002) matrix.
REL-KN10-181,WIL02_REF:C181,KN10:C181,MC0181,MC0181,inherited_unchanged,high,,Wilson (2002),,,,,Ksepka & Norell (2010) explicitly state that characters 1–234 correspond to the Wilson (2002) matrix.
REL-KN10-182,WIL02_REF:C182,KN10:C182,MC0182,MC0182,inherited_unchanged,high,,Wilson (2002),,,,,Ksepka & Norell (2010) explicitly state that characters 1–234 correspond to the Wilson (2002) matrix.
REL-KN10-183,WIL02_REF:C183,KN10:C183,MC0183,MC0183,inherited_unchanged,high,,Wilson (2002),,,,,Ksepka & Norell (2010) explicitly state that characters 1–234 correspond to the Wilson (2002) matrix.
REL-KN10-184,WIL02_REF:C184,KN10:C184,MC0184,MC0184,inherited_unchanged,high,,Wilson (2002),,,,,Ksepka & Norell (2010) explicitly state that characters 1–234 correspond to the Wilson (2002) matrix.
REL-KN10-185,WIL02_REF:C185,KN10:C185,MC0185,MC0185,inherited_unchanged,high,,Wilson (2002),,,,,Ksepka & Norell (2010) explicitly state that characters 1–234 correspond to the Wilson (2002) matrix.
REL-KN10-186,WIL02_REF:C186,KN10:C186,MC0186,MC0186,inherited_unchanged,high,,Wilson (2002),,,,,Ksepka & Norell (2010) explicitly state that characters 1–234 correspond to the Wilson (2002) matrix.
REL-KN10-187,WIL02_REF:C187,KN10:C187,MC0187,MC0187,inherited_unchanged,high,,Wilson (2002),,,,,Ksepka & Norell (2010) explicitly state that characters 1–234 correspond to the Wilson (2002) matrix.
REL-KN10-188,WIL02_REF:C188,KN10:C188,MC0188,MC0188,inherited_unchanged,high,,Wilson (2002),,,,,Ksepka & Norell (2010) explicitly state that characters 1–234 correspond to the Wilson (2002) matrix.
REL-KN10-189,WIL02_REF:C189,KN10:C189,MC0189,MC0189,inherited_unchanged,high,,Wilson (2002),,,,,Ksepka & Norell (2010) explicitly state that characters 1–234 correspond to the Wilson (2002) matrix.
REL-KN10-190,WIL02_REF:C190,KN10:C190,MC0190,MC0190,inherited_unchanged,high,,Wilson (2002),,,,,Ksepka & Norell (2010) explicitly state that characters 1–234 correspond to the Wilson (2002) matrix.
REL-KN10-191,WIL02_REF:C191,KN10:C191,MC0191,MC0191,inherited_unchanged,high,,Wilson (2002),,,,,Ksepka & Norell (2010) explicitly state that characters 1–234 correspond to the Wilson (2002) matrix.
REL-KN10-192,WIL02_REF:C192,KN10:C192,MC0192,MC0192,inherited_unchanged,high,,Wilson (2002),,,,,Ksepka & Norell (2010) explicitly state that characters 1–234 correspond to the Wilson (2002) matrix.
REL-KN10-193,WIL02_REF:C193,KN10:C193,MC0193,MC0193,inherited_unchanged,high,,Wilson (2002),,,,,Ksepka & Norell (2010) explicitly state that characters 1–234 correspond to the Wilson (2002) matrix.
REL-KN10-194,WIL02_REF:C194,KN10:C194,MC0194,MC0194,inherited_unchanged,high,,Wilson (2002),,,,,Ksepka & Norell (2010) explicitly state that characters 1–234 correspond to the Wilson (2002) matrix.
REL-KN10-195,WIL02_REF:C195,KN10:C195,MC0195,MC0195,inherited_unchanged,high,,Wilson (2002),,,,,Ksepka & Norell (2010) explicitly state that characters 1–234 correspond to the Wilson (2002) matrix.
REL-KN10-196,WIL02_REF:C196,KN10:C196,MC0196,MC0196,inherited_unchanged,high,,Wilson (2002),,,,,Ksepka & Norell (2010) explicitly state that characters 1–234 correspond to the Wilson (2002) matrix.
REL-KN10-197,WIL02_REF:C197,KN10:C197,MC0197,MC0197,inherited_unchanged,high,,Wilson (2002),,,,,Ksepka & Norell (2010) explicitly state that characters 1–234 correspond to the Wilson (2002) matrix.
REL-KN10-198,WIL02_REF:C198,KN10:C198,MC0198,MC0198,inherited_unchanged,high,,Wilson (2002),,,,,Ksepka & Norell (2010) explicitly state that characters 1–234 correspond to the Wilson (2002) matrix.
REL-KN10-199,WIL02_REF:C199,KN10:C199,MC0199,MC0199,inherited_unchanged,high,,Wilson (2002),,,,,Ksepka & Norell (2010) explicitly state that characters 1–234 correspond to the Wilson (2002) matrix.
REL-KN10-200,WIL02_REF:C200,KN10:C200,MC0200,MC0200,inherited_unchanged,high,,Wilson (2002),,,,,Ksepka & Norell (2010) explicitly state that characters 1–234 correspond to the Wilson (2002) matrix.
REL-KN10-201,WIL02_REF:C201,KN10:C201,MC0201,MC0201,inherited_unchanged,high,,Wilson (2002),,,,,Ksepka & Norell (2010) explicitly state that characters 1–234 correspond to the Wilson (2002) matrix.
REL-KN10-202,WIL02_REF:C202,KN10:C202,MC0202,MC0202,inherited_unchanged,high,,Wilson (2002),,,,,Ksepka & Norell (2010) explicitly state that characters 1–234 correspond to the Wilson (2002) matrix.
REL-KN10-203,WIL02_REF:C203,KN10:C203,MC0203,MC0203,inherited_unchanged,high,,Wilson (2002),,,,,Ksepka & Norell (2010) explicitly state that characters 1–234 correspond to the Wilson (2002) matrix.
REL-KN10-204,WIL02_REF:C204,KN10:C204,MC0204,MC0204,inherited_unchanged,high,,Wilson (2002),,,,,Ksepka & Norell (2010) explicitly state that characters 1–234 correspond to the Wilson (2002) matrix.
REL-KN10-205,WIL02_REF:C205,KN10:C205,MC0205,MC0205,inherited_unchanged,high,,Wilson (2002),,,,,Ksepka & Norell (2010) explicitly state that characters 1–234 correspond to the Wilson (2002) matrix.
REL-KN10-206,WIL02_REF:C206,KN10:C206,MC0206,MC0206,inherited_unchanged,high,,Wilson (2002),,,,,Ksepka & Norell (2010) explicitly state that characters 1–234 correspond to the Wilson (2002) matrix.
REL-KN10-207,WIL02_REF:C207,KN10:C207,MC0207,MC0207,inherited_unchanged,high,,Wilson (2002),,,,,Ksepka & Norell (2010) explicitly state that characters 1–234 correspond to the Wilson (2002) matrix.
REL-KN10-208,WIL02_REF:C208,KN10:C208,MC0208,MC0208,inherited_unchanged,high,,Wilson (2002),,,,,Ksepka & Norell (2010) explicitly state that characters 1–234 correspond to the Wilson (2002) matrix.
REL-KN10-209,WIL02_REF:C209,KN10:C209,MC0209,MC0209,inherited_unchanged,high,,Wilson (2002),,,,,Ksepka & Norell (2010) explicitly state that characters 1–234 correspond to the Wilson (2002) matrix.
REL-KN10-210,WIL02_REF:C210,KN10:C210,MC0210,MC0210,inherited_unchanged,high,,Wilson (2002),,,,,Ksepka & Norell (2010) explicitly state that characters 1–234 correspond to the Wilson (2002) matrix.
REL-KN10-211,WIL02_REF:C211,KN10:C211,MC0211,MC0211,inherited_unchanged,high,,Wilson (2002),,,,,Ksepka & Norell (2010) explicitly state that characters 1–234 correspond to the Wilson (2002) matrix.
REL-KN10-212,WIL02_REF:C212,KN10:C212,MC0212,MC0212,inherited_unchanged,high,,Wilson (2002),,,,,Ksepka & Norell (2010) explicitly state that characters 1–234 correspond to the Wilson (2002) matrix.
REL-KN10-213,WIL02_REF:C213,KN10:C213,MC0213,MC0213,inherited_unchanged,high,,Wilson (2002),,,,,Ksepka & Norell (2010) explicitly state that characters 1–234 correspond to the Wilson (2002) matrix.
REL-KN10-214,WIL02_REF:C214,KN10:C214,MC0214,MC0214,inherited_unchanged,high,,Wilson (2002),,,,,Ksepka & Norell (2010) explicitly state that characters 1–234 correspond to the Wilson (2002) matrix.
REL-KN10-215,WIL02_REF:C215,KN10:C215,MC0215,MC0215,inherited_unchanged,high,,Wilson (2002),,,,,Ksepka & Norell (2010) explicitly state that characters 1–234 correspond to the Wilson (2002) matrix.
REL-KN10-216,WIL02_REF:C216,KN10:C216,MC0216,MC0216,inherited_unchanged,high,,Wilson (2002),,,,,Ksepka & Norell (2010) explicitly state that characters 1–234 correspond to the Wilson (2002) matrix.
REL-KN10-217,WIL02_REF:C217,KN10:C217,MC0217,MC0217,inherited_unchanged,high,,Wilson (2002),,,,,Ksepka & Norell (2010) explicitly state that characters 1–234 correspond to the Wilson (2002) matrix.
REL-KN10-218,WIL02_REF:C218,KN10:C218,MC0218,MC0218,inherited_unchanged,high,,Wilson (2002),,,,,Ksepka & Norell (2010) explicitly state that characters 1–234 correspond to the Wilson (2002) matrix.
REL-KN10-219,WIL02_REF:C219,KN10:C219,MC0219,MC0219,inherited_unchanged,high,,Wilson (2002),,,,,Ksepka & Norell (2010) explicitly state that characters 1–234 correspond to the Wilson (2002) matrix.
REL-KN10-220,WIL02_REF:C220,KN10:C220,MC0220,MC0220,inherited_unchanged,high,,Wilson (2002),,,,,Ksepka & Norell (2010) explicitly state that characters 1–234 correspond to the Wilson (2002) matrix.
REL-KN10-221,WIL02_REF:C221,KN10:C221,MC0221,MC0221,inherited_unchanged,high,,Wilson (2002),,,,,Ksepka & Norell (2010) explicitly state that characters 1–234 correspond to the Wilson (2002) matrix.
REL-KN10-222,WIL02_REF:C222,KN10:C222,MC0222,MC0222,inherited_unchanged,high,,Wilson (2002),,,,,Ksepka & Norell (2010) explicitly state that characters 1–234 correspond to the Wilson (2002) matrix.
REL-KN10-223,WIL02_REF:C223,KN10:C223,MC0223,MC0223,inherited_unchanged,high,,Wilson (2002),,,,,Ksepka & Norell (2010) explicitly state that characters 1–234 correspond to the Wilson (2002) matrix.
REL-KN10-224,WIL02_REF:C224,KN10:C224,MC0224,MC0224,inherited_unchanged,high,,Wilson (2002),,,,,Ksepka & Norell (2010) explicitly state that characters 1–234 correspond to the Wilson (2002) matrix.
REL-KN10-225,WIL02_REF:C225,KN10:C225,MC0225,MC0225,inherited_unchanged,high,,Wilson (2002),,,,,Ksepka & Norell (2010) explicitly state that characters 1–234 correspond to the Wilson (2002) matrix.
REL-KN10-226,WIL02_REF:C226,KN10:C226,MC0226,MC0226,inherited_unchanged,high,,Wilson (2002),,,,,Ksepka & Norell (2010) explicitly state that characters 1–234 correspond to the Wilson (2002) matrix.
REL-KN10-227,WIL02_REF:C227,KN10:C227,MC0227,MC0227,inherited_unchanged,high,,Wilson (2002),,,,,Ksepka & Norell (2010) explicitly state that characters 1–234 correspond to the Wilson (2002) matrix.
REL-KN10-228,WIL02_REF:C228,KN10:C228,MC0228,MC0228,inherited_unchanged,high,,Wilson (2002),,,,,Ksepka & Norell (2010) explicitly state that characters 1–234 correspond to the Wilson (2002) matrix.
REL-KN10-229,WIL02_REF:C229,KN10:C229,MC0229,MC0229,inherited_unchanged,high,,Wilson (2002),,,,,Ksepka & Norell (2010) explicitly state that characters 1–234 correspond to the Wilson (2002) matrix.
REL-KN10-230,WIL02_REF:C230,KN10:C230,MC0230,MC0230,inherited_unchanged,high,,Wilson (2002),,,,,Ksepka & Norell (2010) explicitly state that characters 1–234 correspond to the Wilson (2002) matrix.
REL-KN10-231,WIL02_REF:C231,KN10:C231,MC0231,MC0231,inherited_unchanged,high,,Wilson (2002),,,,,Ksepka & Norell (2010) explicitly state that characters 1–234 correspond to the Wilson (2002) matrix.
REL-KN10-232,WIL02_REF:C232,KN10:C232,MC0232,MC0232,inherited_unchanged,high,,Wilson (2002),,,,,Ksepka & Norell (2010) explicitly state that characters 1–234 correspond to the Wilson (2002) matrix.
REL-KN10-233,WIL02_REF:C233,KN10:C233,MC0233,MC0233,inherited_unchanged,high,,Wilson (2002),,,,,Ksepka & Norell (2010) explicitly state that characters 1–234 correspond to the Wilson (2002) matrix.
REL-KN10-234,WIL02_REF:C234,KN10:C234,MC0234,MC0234,inherited_unchanged,high,,Wilson (2002),,,,,Ksepka & Norell (2010) explicitly state that characters 1–234 correspond to the Wilson (2002) matrix.
REL-KN10-235,,KN10:C235,MC0247,MC0247,novel_addition,high,,Chure et al. (2010),,,,,No Wilson character expresses the same anatomical proposition and state distinction; nearby anatomical concepts are retained only as non-equivalent contextual links.
REL-KN10-236,,KN10:C236,MC0248,MC0248,novel_addition,high,,Powell (1986),,,,,No Wilson character expresses the same anatomical proposition and state distinction; nearby anatomical concepts are retained only as non-equivalent contextual links.
REL-KN10-237,,KN10:C237,MC0249,MC0249,novel_addition,high,,Upchurch et al. (2004),,,,,No Wilson character expresses the same anatomical proposition and state distinction; nearby anatomical concepts are retained only as non-equivalent contextual links.
REL-KN10-238,,KN10:C238,MC0250,MC0250,novel_addition,high,,Upchurch et al. (2004),,,,,No Wilson character expresses the same anatomical proposition and state distinction; nearby anatomical concepts are retained only as non-equivalent contextual links.
REL-KN10-239,,KN10:C239,MC0251,MC0251,novel_addition,high,,Chure et al. (2010),,MC0127; MC0128,,,No Wilson character expresses the same anatomical proposition and state distinction; nearby anatomical concepts are retained only as non-equivalent contextual links.
REL-KN10-240,WIL02_REF:C129,KN10:C240,MC0252,MC0252,split_derived,high,,Chure et al. (2010),,MC0129,,,"The KN10 character isolates the prezygodiapophyseal lamina, one component of Wilson C129's bundled anterior-caudal diapophyseal lamina character."
REL-KN10-241,,KN10:C241,MC0253,MC0253,novel_addition,high,,Upchurch et al. (2004),,MC0186,,,No Wilson character expresses the same anatomical proposition and state distinction; nearby anatomical concepts are retained only as non-equivalent contextual links.
REL-KN10-242,,KN10:C242,MC0254,MC0254,novel_addition,high,,Upchurch et al. (2004),,MC0194,,,No Wilson character expresses the same anatomical proposition and state distinction; nearby anatomical concepts are retained only as non-equivalent contextual links.
REL-KN10-243,,KN10:C243,MC0255,MC0255,novel_addition,high,,Upchurch & Wilson (2009),,MC0210; MC0212; MC0214,,,No Wilson character expresses the same anatomical proposition and state distinction; nearby anatomical concepts are retained only as non-equivalent contextual links.
REL-GA11-001,,GA11:C1,MC0256,MC0256,provisional_distinct,moderate,,,,MC0010,,,"First-pass review found no existing canonical character with sufficiently matching anatomical scope and state proposition. Similar concepts are listed only as related, non-equivalent context."
REL-GA11-002,WIL02_REF:C18,GA11:C2,MC0018,MC0018,states_reversed,high,,,,,,,Same frontal contribution to supratemporal fossa concept; state polarity is reversed relative to Wilson C18.
REL-GA11-003,,GA11:C3,MC0257,MC0257,provisional_distinct,high,,,,,,,"First-pass review found no existing canonical character with sufficiently matching anatomical scope and state proposition. Similar concepts are listed only as related, non-equivalent context."
REL-GA11-004,WIL02_REF:C21,GA11:C4,MC0021,MC0021,states_reversed,high,,,,,,,Same parietal occipital-process height concept; deep/short state polarity is reversed relative to Wilson C21.
REL-GA11-005,,GA11:C5,MC0258,MC0258,provisional_distinct,high,,,,,,,"First-pass review found no existing canonical character with sufficiently matching anatomical scope and state proposition. Similar concepts are listed only as related, non-equivalent context."
REL-GA11-006,,GA11:C6,MC0259,MC0259,provisional_distinct,high,,,,,,,"First-pass review found no existing canonical character with sufficiently matching anatomical scope and state proposition. Similar concepts are listed only as related, non-equivalent context."
REL-GA11-007,WIL02_REF:C22,GA11:C7,MC0022,MC0022,states_reversed,high,,,,,,,Same parietal contribution to post-temporal fenestra concept; state polarity is reversed.
REL-GA11-008,WIL02_REF:C24,GA11:C8,MC0024,MC0024,equivalent,high,,,,,,,Same distance-separating-supratemporal-fenestrae concept and threshold.
REL-GA11-009,,GA11:C9,MC0260,MC0260,provisional_distinct,high,,,,,,,"First-pass review found no existing canonical character with sufficiently matching anatomical scope and state proposition. Similar concepts are listed only as related, non-equivalent context."
REL-GA11-010,,GA11:C10,MC0261,MC0261,provisional_distinct,moderate,,,,MC0008; MC0009,,,"First-pass review found no existing canonical character with sufficiently matching anatomical scope and state proposition. Similar concepts are listed only as related, non-equivalent context."
REL-GA11-011,WIL02_REF:C4,GA11:C11,MC0004,MC0004,equivalent,high,,,,,,,Same preantorbital fenestra presence/absence concept.
REL-GA11-012,WIL02_REF:C43,GA11:C12,MC0043,MC0043,states_modified,high,,,,,,,Same supraoccipital-height relative to foramen-magnum concept; GA11 separates subequal and less-than states.
REL-GA11-013,WIL02_REF:C44,GA11:C13,MC0044,MC0044,equivalent,high,,,,,,,Same paroccipital ventral non-articular process presence/absence concept.
REL-GA11-014,,GA11:C14,MC0262,MC0262,provisional_distinct,high,,,,,,,"First-pass review found no existing canonical character with sufficiently matching anatomical scope and state proposition. Similar concepts are listed only as related, non-equivalent context."
REL-GA11-015,WIL02_REF:C47,GA11:C15,MC0047,MC0047,states_modified,high,,,,,,,Same basipterygoid-process divergence concept; GA11 adds a >45° state.
REL-GA11-016,WIL02_REF:C48,GA11:C16,MC0048,MC0048,equivalent,high,,,,,,,Same basal-tubera craniocaudal-depth/sheet-like condition.
REL-GA11-017,,GA11:C17,MC0263,MC0263,provisional_distinct,moderate,,,,MC0065,,,"First-pass review found no existing canonical character with sufficiently matching anatomical scope and state proposition. Similar concepts are listed only as related, non-equivalent context."
REL-GA11-018,,GA11:C18,MC0264,MC0264,provisional_distinct,moderate,,,,MC0070,,,"First-pass review found no existing canonical character with sufficiently matching anatomical scope and state proposition. Similar concepts are listed only as related, non-equivalent context."
REL-GA11-019,WIL02_REF:C70,GA11:C19,MC0070,MC0070,states_modified,moderate,,,,,,,"Same tooth-crown cross-sectional morphology, but state boundaries/order differ."
REL-GA11-020,,GA11:C20,MC0265,MC0265,provisional_distinct,moderate,,,,MC0068,,,"First-pass review found no existing canonical character with sufficiently matching anatomical scope and state proposition. Similar concepts are listed only as related, non-equivalent context."
REL-GA11-021,WIL02_REF:C80,GA11:C21,MC0080,MC0080,states_modified,high,,,,,,,Same cervical-vertebral-count concept with collapsed/shifted state bins.
REL-GA11-022,WIL02_REF:C78,GA11:C22,MC0266,MC0266,split_derived,moderate,,,,MC0078,,,GA11 narrows the anatomical scope of MC0078; a new concept is retained to avoid conflating the broader parent character with the regional derivative.
REL-GA11-023,WIL02_REF:C83,GA11:C23,MC0083,MC0083,states_reversed,high,,,,,,,Same divided cervical pleurocoel concept; GA11 scores divided/present as 0 and undivided/absent as 1.
REL-GA11-024,KN10:C236,GA11:C24,MC0248,MC0248,equivalent,high,,,,,,,Same cervical prezygapophysis extension beyond the anterior centrum margin.
REL-GA11-025,,GA11:C25,MC0267,MC0267,provisional_distinct,high,,,,,,,"First-pass review found no existing canonical character with sufficiently matching anatomical scope and state proposition. Similar concepts are listed only as related, non-equivalent context."
REL-GA11-026,,GA11:C26,MC0268,MC0268,provisional_distinct,moderate,,,,MC0087,,,"First-pass review found no existing canonical character with sufficiently matching anatomical scope and state proposition. Similar concepts are listed only as related, non-equivalent context."
REL-GA11-027,WIL02_REF:C85,GA11:C27,MC0085,MC0085,states_reversed,high,,,,,,,Same anterior cervical neural-spine bifidity concept; state polarity is reversed.
REL-GA11-028,,GA11:C28,MC0269,MC0269,provisional_distinct,moderate,,,,MC0086; MC0087,,,"First-pass review found no existing canonical character with sufficiently matching anatomical scope and state proposition. Similar concepts are listed only as related, non-equivalent context."
REL-GA11-029,,GA11:C29,MC0270,MC0270,provisional_distinct,high,,,,,,,"First-pass review found no existing canonical character with sufficiently matching anatomical scope and state proposition. Similar concepts are listed only as related, non-equivalent context."
REL-GA11-030,WIL02_REF:C86,GA11:C30,MC0086,MC0086,states_modified,high,,,,,,,Explicitly modified from Wilson (2002); same cervical centrum elongation concept but with posterior-cervical scope and different bins.
REL-GA11-031,WIL02_REF:C91,GA11:C31,MC0091,MC0091,states_modified,high,,,,,,,Same dorsal-vertebral-count concept with fewer/collapsed state bins.
REL-GA11-032,WIL02_REF:C89,GA11:C32,MC0271,MC0271,split_derived,moderate,,,,MC0089,,,GA11 narrows the anatomical scope of MC0089; a new concept is retained to avoid conflating the broader parent character with the regional derivative.
REL-GA11-033,,GA11:C33,MC0272,MC0272,provisional_distinct,high,,,,,,,"First-pass review found no existing canonical character with sufficiently matching anatomical scope and state proposition. Similar concepts are listed only as related, non-equivalent context."
REL-GA11-034,,GA11:C34,MC0273,MC0273,provisional_distinct,moderate,,,,MC0104,,,"First-pass review found no existing canonical character with sufficiently matching anatomical scope and state proposition. Similar concepts are listed only as related, non-equivalent context."
REL-GA11-035,,GA11:C35,MC0274,MC0274,provisional_distinct,moderate,,,,MC0107,,,"First-pass review found no existing canonical character with sufficiently matching anatomical scope and state proposition. Similar concepts are listed only as related, non-equivalent context."
REL-GA11-036,,GA11:C36,MC0275,MC0275,provisional_distinct,moderate,,,,MC0123,,,"First-pass review found no existing canonical character with sufficiently matching anatomical scope and state proposition. Similar concepts are listed only as related, non-equivalent context."
REL-GA11-037,,GA11:C37,MC0276,MC0276,provisional_distinct,moderate,,,,MC0096; MC0098,,,"First-pass review found no existing canonical character with sufficiently matching anatomical scope and state proposition. Similar concepts are listed only as related, non-equivalent context."
REL-GA11-038,,GA11:C38,MC0277,MC0277,provisional_distinct,moderate,,,,MC0099,,,"First-pass review found no existing canonical character with sufficiently matching anatomical scope and state proposition. Similar concepts are listed only as related, non-equivalent context."
REL-GA11-039,WIL02_REF:C106,GA11:C39,MC0106,MC0106,equivalent,high,,,,,,,Same dorsal hyposphene-hypantrum presence/absence concept.
REL-GA11-040,,GA11:C40,MC0278,MC0278,provisional_distinct,high,,,,,,,"First-pass review found no existing canonical character with sufficiently matching anatomical scope and state proposition. Similar concepts are listed only as related, non-equivalent context."
REL-GA11-041,WIL02_REF:C77,GA11:C41,MC0077,MC0077,equivalent,high,,,,,,,Same presacral internal bone-texture/camellate-somphospondylous concept.
REL-GA11-042,WIL02_REF:C108,GA11:C42,MC0108,MC0108,states_modified,high,,,,,,,"Same sacral-vertebral-count concept, reduced to five versus six-or-more."
REL-GA11-043,WIL02_REF:C116,GA11:C43,MC0116,MC0116,equivalent,high,,,,,,,"Same first-caudal articular-face type: platy/flat, procoelous, opisthocoelous, biconvex."
REL-GA11-044,,GA11:C44,MC0279,MC0279,provisional_distinct,high,,,,,,,"First-pass review found no existing canonical character with sufficiently matching anatomical scope and state proposition. Similar concepts are listed only as related, non-equivalent context."
REL-GA11-045,WIL02_REF:C115,GA11:C45,MC0115,MC0115,states_modified,high,,,,,,,"Same caudal transverse-process disappearance position, with the primitive long-persistence state omitted."
REL-GA11-046,,GA11:C46,MC0280,MC0280,provisional_distinct,moderate,,,,MC0131,,,"First-pass review found no existing canonical character with sufficiently matching anatomical scope and state proposition. Similar concepts are listed only as related, non-equivalent context."
REL-GA11-047,,GA11:C47,MC0281,MC0281,provisional_distinct,high,,,,,,,"First-pass review found no existing canonical character with sufficiently matching anatomical scope and state proposition. Similar concepts are listed only as related, non-equivalent context."
REL-GA11-048,WIL02_REF:C118,GA11:C48,MC0118,MC0118,states_modified,moderate,,,,,,,"Same anterior-caudal articular-face/procoely concept, recoded as non-, slight-, and strong procoely."
REL-GA11-049,WIL02_REF:C134,GA11:C49,MC0134,MC0134,states_modified,moderate,,,,,,,"Same middle-caudal anterior articular-face/procoely concept, with degree of procoely replacing flat/pro/opisthocoelous categories."
REL-GA11-050,,GA11:C50,MC0282,MC0282,provisional_distinct,moderate,,,,MC0240,,,"First-pass review found no existing canonical character with sufficiently matching anatomical scope and state proposition. Similar concepts are listed only as related, non-equivalent context."
REL-GA11-051,,GA11:C51,MC0283,MC0283,provisional_distinct,high,,,,,,,"First-pass review found no existing canonical character with sufficiently matching anatomical scope and state proposition. Similar concepts are listed only as related, non-equivalent context."
REL-GA11-052,,GA11:C52,MC0284,MC0284,provisional_distinct,high,,,,,,,"First-pass review found no existing canonical character with sufficiently matching anatomical scope and state proposition. Similar concepts are listed only as related, non-equivalent context."
REL-GA11-053,WIL02_REF:C126,GA11:C53,MC0126,MC0126,states_modified,moderate,,,,,,,"Same anterior-caudal neural-spine transverse-versus-anteroposterior proportions, expanded to three dorsal-view shape states."
REL-GA11-054,,GA11:C54,MC0285,MC0285,provisional_distinct,moderate,,,,MC0133,,,"First-pass review found no existing canonical character with sufficiently matching anatomical scope and state proposition. Similar concepts are listed only as related, non-equivalent context."
REL-GA11-055,,GA11:C55,MC0286,MC0286,provisional_distinct,high,,,,,,,"First-pass review found no existing canonical character with sufficiently matching anatomical scope and state proposition. Similar concepts are listed only as related, non-equivalent context."
REL-GA11-056,,GA11:C56,MC0287,MC0287,provisional_distinct,moderate,,,,MC0132,,,"First-pass review found no existing canonical character with sufficiently matching anatomical scope and state proposition. Similar concepts are listed only as related, non-equivalent context."
REL-GA11-057,,GA11:C57,MC0288,MC0288,provisional_distinct,high,,,,,,,"First-pass review found no existing canonical character with sufficiently matching anatomical scope and state proposition. Similar concepts are listed only as related, non-equivalent context."
REL-GA11-058,,GA11:C58,MC0289,MC0289,provisional_distinct,high,,,,,,,"First-pass review found no existing canonical character with sufficiently matching anatomical scope and state proposition. Similar concepts are listed only as related, non-equivalent context."
REL-GA11-059,WIL02_REF:C153,GA11:C59,MC0153,MC0153,equivalent,high,,,,,,,"Same scapular glenoid orientation, flat versus strongly medially bevelled."
REL-GA11-060,,GA11:C60,MC0290,MC0290,provisional_distinct,high,,,,,,,"First-pass review found no existing canonical character with sufficiently matching anatomical scope and state proposition. Similar concepts are listed only as related, non-equivalent context."
REL-GA11-061,,GA11:C61,MC0291,MC0291,provisional_distinct,high,,,,,,,"First-pass review found no existing canonical character with sufficiently matching anatomical scope and state proposition. Similar concepts are listed only as related, non-equivalent context."
REL-GA11-062,WIL02_REF:C167,GA11:C62,MC0167,MC0167,equivalent,high,,,,,,,Same ulnar olecranon development concept.
REL-GA11-063,WIL02_REF:C158,GA11:C63,MC0158,MC0158,equivalent,high,,,,,,,Suboval versus semilunar is equivalent to the oval versus crescentic sternal-plate concept.
REL-GA11-064,,GA11:C64,MC0292,MC0292,provisional_distinct,moderate,,,,MC0158,,,"First-pass review found no existing canonical character with sufficiently matching anatomical scope and state proposition. Similar concepts are listed only as related, non-equivalent context."
REL-GA11-065,,GA11:C65,MC0293,MC0293,provisional_distinct,moderate,,,,MC0156,,,"First-pass review found no existing canonical character with sufficiently matching anatomical scope and state proposition. Similar concepts are listed only as related, non-equivalent context."
REL-GA11-066,,GA11:C66,MC0294,MC0294,provisional_distinct,high,,,,,,,"First-pass review found no existing canonical character with sufficiently matching anatomical scope and state proposition. Similar concepts are listed only as related, non-equivalent context."
REL-GA11-067,WIL02_REF:C192,GA11:C67,MC0192,MC0192,states_reversed,high,,,,,,,Same pubis-ischium relative-length relationship expressed from the opposite bone; binary polarity is reversed.
REL-GA11-068,,GA11:C68,MC0295,MC0295,provisional_distinct,moderate,,,,MC0192; MC0242,,,"First-pass review found no existing canonical character with sufficiently matching anatomical scope and state proposition. Similar concepts are listed only as related, non-equivalent context."
REL-GA11-069,,GA11:C69,MC0296,MC0296,provisional_distinct,high,,,,,,,"First-pass review found no existing canonical character with sufficiently matching anatomical scope and state proposition. Similar concepts are listed only as related, non-equivalent context."
REL-GA11-070,,GA11:C70,MC0297,MC0297,provisional_distinct,moderate,,,,MC0188,,,"First-pass review found no existing canonical character with sufficiently matching anatomical scope and state proposition. Similar concepts are listed only as related, non-equivalent context."
REL-GA11-071,,GA11:C71,MC0298,MC0298,provisional_distinct,moderate,,,,MC0187,,,"First-pass review found no existing canonical character with sufficiently matching anatomical scope and state proposition. Similar concepts are listed only as related, non-equivalent context."
REL-GA11-072,W02:C241,GA11:C72,MC0241,MC0241,equivalent,high,,,,,,,Same pubic-peduncle-of-ilium angle relative to the sacral axis.
REL-GA11-073,WIL02_REF:C172,GA11:C73,MC0172,MC0172,states_modified,high,,,,,,,"Same humerus:femur ratio concept, using a 0.90 threshold rather than Wilson's original 0.60 threshold/state scheme."
REL-GA11-074,WIL02_REF:C199,GA11:C74,MC0199,MC0199,probable_equivalent,moderate,,,,,,,"Likely the same femoral lateral-margin/lateral-bulge morphology, but wording differs enough to retain a probable rather than definitive equivalence."
REL-GA11-075,,GA11:C75,MC0299,MC0299,provisional_distinct,moderate,,,,MC0205,,,"First-pass review found no existing canonical character with sufficiently matching anatomical scope and state proposition. Similar concepts are listed only as related, non-equivalent context."
REL-GA11-076,,GA11:C76,MC0300,MC0300,provisional_distinct,moderate,,,,MC0225,,,"First-pass review found no existing canonical character with sufficiently matching anatomical scope and state proposition. Similar concepts are listed only as related, non-equivalent context."
REL-GA11-077,WIL02_REF:C234,GA11:C77,MC0234,MC0234,equivalent,high,,,,,,,Same osteoderm presence/absence concept.
REL-C12-001,WIL02_REF:C65,C12:C1,MC0065,MC0065,source_derived_same_concept,moderate,,,W65; U1,,,,"C12 explicitly cites Wilson C65; the same biological character concept is retained while allowing Carballido et al. to modify wording, scope, thresholds, or state bins."
REL-C12-002,WIL02_REF:C1,C12:C2,MC0001,MC0001,source_derived_same_concept,high,,,W1; U15,,,,"C12 explicitly cites Wilson C1; the same biological character concept is retained while allowing Carballido et al. to modify wording, scope, thresholds, or state bins."
REL-C12-003,,C12:C3,MC0301,MC0301,provisional_distinct,moderate,,,U12-14,,,,No existing canonical concept was equivalent enough to merge safely in this first pass. The character is retained as a provisional distinct concept pending later lineage evidence.
REL-C12-004,WIL02_REF:C2,C12:C4,MC0002,MC0002,source_derived_same_concept,high,,,W2; U10,,,,"C12 explicitly cites Wilson C2; the same biological character concept is retained while allowing Carballido et al. to modify wording, scope, thresholds, or state bins."
REL-C12-005,,C12:C5,MC0302,MC0302,provisional_distinct,moderate,,,U11,,,,No existing canonical concept was equivalent enough to merge safely in this first pass. The character is retained as a provisional distinct concept pending later lineage evidence.
REL-C12-006,,C12:C6,MC0303,MC0303,provisional_distinct,moderate,,,U17-18; C14,,,,No existing canonical concept was equivalent enough to merge safely in this first pass. The character is retained as a provisional distinct concept pending later lineage evidence.
REL-C12-007,,C12:C7,MC0304,MC0304,provisional_distinct,moderate,,,U6,,,,No existing canonical concept was equivalent enough to merge safely in this first pass. The character is retained as a provisional distinct concept pending later lineage evidence.
REL-C12-008,,C12:C8,MC0305,MC0305,provisional_distinct,moderate,,,U7,,,,No existing canonical concept was equivalent enough to merge safely in this first pass. The character is retained as a provisional distinct concept pending later lineage evidence.
REL-C12-009,,C12:C9,MC0306,MC0306,provisional_distinct,moderate,,,U8,,,,No existing canonical concept was equivalent enough to merge safely in this first pass. The character is retained as a provisional distinct concept pending later lineage evidence.
REL-C12-010,WIL02_REF:C5,C12:C10,MC0005,MC0005,source_derived_same_concept,high,,,W5,,,,"C12 explicitly cites Wilson C5; the same biological character concept is retained while allowing Carballido et al. to modify wording, scope, thresholds, or state bins."
REL-C12-011,,C12:C11,MC0307,MC0307,provisional_distinct,moderate,,,U4,,,,No existing canonical concept was equivalent enough to merge safely in this first pass. The character is retained as a provisional distinct concept pending later lineage evidence.
REL-C12-012,WIL02_REF:C1,C12:C12,MC0308,MC0308,historically_derived_distinct,moderate,,,W1; U19,,,,Narial fossa/shelf morphology is historically linked to Wilson C1 but is not the same proposition as midline contact of the premaxillary/maxillary processes.
REL-C12-013,WIL02_REF:C3,C12:C13,MC0003,MC0003,source_derived_same_concept,high,,,W3,,,,"C12 explicitly cites Wilson C3; the same biological character concept is retained while allowing Carballido et al. to modify wording, scope, thresholds, or state bins."
REL-C12-014,WIL02_REF:C8,C12:C14,MC0008,MC0008,source_derived_same_concept,high,,,W8; U2-3; C7; S7,,,,"C12 explicitly cites Wilson C8; the same biological character concept is retained while allowing Carballido et al. to modify wording, scope, thresholds, or state bins."
REL-C12-015,WIL02_REF:C9,C12:C15,MC0009,MC0009,source_derived_same_concept,high,,,W9; U5,,,,"C12 explicitly cites Wilson C9; the same biological character concept is retained while allowing Carballido et al. to modify wording, scope, thresholds, or state bins."
REL-C12-016,WIL02_REF:C4,C12:C16,MC0004,MC0004,source_derived_same_concept,high,,,W4; U20; S24,,,,"C12 explicitly cites Wilson C4; the same biological character concept is retained while allowing Carballido et al. to modify wording, scope, thresholds, or state bins."
REL-C12-017,WIL02_REF:C7,C12:C17,MC0007,MC0007,source_derived_same_concept,high,,,W7; U21,,,,"C12 explicitly cites Wilson C7; the same biological character concept is retained while allowing Carballido et al. to modify wording, scope, thresholds, or state bins."
REL-C12-018,WIL02_REF:C6,C12:C18,MC0006,MC0006,source_derived_same_concept,high,,,W6,,,,"C12 explicitly cites Wilson C6; the same biological character concept is retained while allowing Carballido et al. to modify wording, scope, thresholds, or state bins."
REL-C12-019,WIL02_REF:C10,C12:C19,MC0010,MC0010,source_derived_same_concept,moderate,,,W10,,,,"C12 explicitly cites Wilson C10; the same biological character concept is retained while allowing Carballido et al. to modify wording, scope, thresholds, or state bins."
REL-C12-020,WIL02_REF:C11,C12:C20,MC0011,MC0011,source_derived_same_concept,high,,,W11; U16,,,,"C12 explicitly cites Wilson C11; the same biological character concept is retained while allowing Carballido et al. to modify wording, scope, thresholds, or state bins."
REL-C12-021,WIL02_REF:C12,C12:C21,MC0012,MC0012,source_derived_same_concept,high,,,W12; U65,,,,"C12 explicitly cites Wilson C12; the same biological character concept is retained while allowing Carballido et al. to modify wording, scope, thresholds, or state bins."
REL-C12-022,WIL02_REF:C13,C12:C22,MC0013,MC0013,source_derived_same_concept,high,,,W13; U22,,,,"C12 explicitly cites Wilson C13; the same biological character concept is retained while allowing Carballido et al. to modify wording, scope, thresholds, or state bins."
REL-C12-023,WIL02_REF:C14,C12:C23,MC0014,MC0014,source_derived_same_concept,high,,,W14,,,,"C12 explicitly cites Wilson C14; the same biological character concept is retained while allowing Carballido et al. to modify wording, scope, thresholds, or state bins."
REL-C12-024,WIL02_REF:C15,C12:C24,MC0015,MC0015,source_derived_same_concept,high,,,W15; U33,,,,"C12 explicitly cites Wilson C15; the same biological character concept is retained while allowing Carballido et al. to modify wording, scope, thresholds, or state bins."
REL-C12-025,WIL02_REF:C16,C12:C25,MC0016,MC0016,source_derived_same_concept,high,,,W16; U28,,,,"C12 explicitly cites Wilson C16; the same biological character concept is retained while allowing Carballido et al. to modify wording, scope, thresholds, or state bins."
REL-C12-026,,C12:C26,MC0309,MC0309,provisional_distinct,moderate,,,U31,,,,No existing canonical concept was equivalent enough to merge safely in this first pass. The character is retained as a provisional distinct concept pending later lineage evidence.
REL-C12-027,WIL02_REF:C17,C12:C27,MC0017,MC0017,source_derived_same_concept,high,,,W17,,,,"C12 explicitly cites Wilson C17; the same biological character concept is retained while allowing Carballido et al. to modify wording, scope, thresholds, or state bins."
REL-C12-028,WIL02_REF:C18,C12:C28,MC0018,MC0018,source_derived_same_concept,high,,,W18; U34,,,,"C12 explicitly cites Wilson C18; the same biological character concept is retained while allowing Carballido et al. to modify wording, scope, thresholds, or state bins."
REL-C12-029,WIL02_REF:C19,C12:C29,MC0019,MC0019,source_derived_same_concept,high,,,W19; U36; C13; S31,,,,"C12 explicitly cites Wilson C19; the same biological character concept is retained while allowing Carballido et al. to modify wording, scope, thresholds, or state bins."
REL-C12-030,WIL02_REF:C20,C12:C30,MC0020,MC0020,source_derived_same_concept,high,,,W20; U35,,,,"C12 explicitly cites Wilson C20; the same biological character concept is retained while allowing Carballido et al. to modify wording, scope, thresholds, or state bins."
REL-C12-031,WIL02_REF:C21,C12:C31,MC0021,MC0021,source_derived_same_concept,high,,,W21,,,,"C12 explicitly cites Wilson C21; the same biological character concept is retained while allowing Carballido et al. to modify wording, scope, thresholds, or state bins."
REL-C12-032,WIL02_REF:C22,C12:C32,MC0022,MC0022,source_derived_same_concept,high,,,W22; U42,,,,"C12 explicitly cites Wilson C22; the same biological character concept is retained while allowing Carballido et al. to modify wording, scope, thresholds, or state bins."
REL-C12-033,WIL02_REF:C23,C12:C33,MC0023,MC0023,source_derived_same_concept,high,,,W23; U43; S26,,,,"C12 explicitly cites Wilson C23; the same biological character concept is retained while allowing Carballido et al. to modify wording, scope, thresholds, or state bins."
REL-C12-034,,C12:C34,MC0310,MC0310,provisional_distinct,moderate,,,C9; S6,,,,No existing canonical concept was equivalent enough to merge safely in this first pass. The character is retained as a provisional distinct concept pending later lineage evidence.
REL-C12-035,WIL02_REF:C30,C12:C35,MC0030,MC0030,source_derived_same_concept,high,,,W30; U29-30; C8; S32,,,,"C12 explicitly cites Wilson C30; the same biological character concept is retained while allowing Carballido et al. to modify wording, scope, thresholds, or state bins."
REL-C12-036,WIL02_REF:C24,C12:C36,MC0024,MC0024,source_derived_same_concept,high,,,W24,,,,"C12 explicitly cites Wilson C24; the same biological character concept is retained while allowing Carballido et al. to modify wording, scope, thresholds, or state bins."
REL-C12-037,,C12:C37,MC0311,MC0311,provisional_distinct,moderate,,,U37,,,,No existing canonical concept was equivalent enough to merge safely in this first pass. The character is retained as a provisional distinct concept pending later lineage evidence.
REL-C12-038,WIL02_REF:C26,C12:C38,MC0026,MC0026,source_derived_same_concept,high,,,W25-26; U40,MC0025,,,The focal proposition is supratemporal-fenestra long-axis orientation (Wilson C26); Wilson C25 is retained as contextual ancestry.
REL-C12-039,,C12:C39,MC0312,MC0312,provisional_distinct,moderate,,,U44,,,,No existing canonical concept was equivalent enough to merge safely in this first pass. The character is retained as a provisional distinct concept pending later lineage evidence.
REL-C12-040,WIL02_REF:C27,C12:C40,MC0027,MC0027,source_derived_same_concept,high,,,W27; U41; C10; S30,,,,"C12 explicitly cites Wilson C27; the same biological character concept is retained while allowing Carballido et al. to modify wording, scope, thresholds, or state bins."
REL-C12-041,WIL02_REF:C28,C12:C41,MC0028,MC0028,source_derived_same_concept,high,,,W28,,,,"C12 explicitly cites Wilson C28; the same biological character concept is retained while allowing Carballido et al. to modify wording, scope, thresholds, or state bins."
REL-C12-042,WIL02_REF:C29,C12:C42,MC0029,MC0029,source_derived_same_concept,high,,,W29; U38-39,,,,"C12 explicitly cites Wilson C29; the same biological character concept is retained while allowing Carballido et al. to modify wording, scope, thresholds, or state bins."
REL-C12-043,,C12:C43,MC0313,MC0313,provisional_distinct,moderate,,,U24; C11; S2,,,,No existing canonical concept was equivalent enough to merge safely in this first pass. The character is retained as a provisional distinct concept pending later lineage evidence.
REL-C12-044,WIL02_REF:C31,C12:C44,MC0031,MC0031,source_derived_same_concept,high,,,W31; U45,,,,"C12 explicitly cites Wilson C31; the same biological character concept is retained while allowing Carballido et al. to modify wording, scope, thresholds, or state bins."
REL-C12-045,WIL02_REF:C32,C12:C45,MC0032,MC0032,source_derived_same_concept,high,,,W32; U23,,,,"C12 explicitly cites Wilson C32; the same biological character concept is retained while allowing Carballido et al. to modify wording, scope, thresholds, or state bins."
REL-C12-046,,C12:C46,MC0314,MC0314,provisional_distinct,moderate,,,U25,,,,No existing canonical concept was equivalent enough to merge safely in this first pass. The character is retained as a provisional distinct concept pending later lineage evidence.
REL-C12-047,,C12:C47,MC0315,MC0315,provisional_distinct,moderate,,,U26,,,,No existing canonical concept was equivalent enough to merge safely in this first pass. The character is retained as a provisional distinct concept pending later lineage evidence.
REL-C12-048,,C12:C48,MC0316,MC0316,provisional_distinct,moderate,,,U27,,,,No existing canonical concept was equivalent enough to merge safely in this first pass. The character is retained as a provisional distinct concept pending later lineage evidence.
REL-C12-049,,C12:C49,MC0317,MC0317,provisional_distinct,moderate,,,U68; C5; S5,,,,No existing canonical concept was equivalent enough to merge safely in this first pass. The character is retained as a provisional distinct concept pending later lineage evidence.
REL-C12-050,WIL02_REF:C33; WIL02_REF:C34,C12:C50,MC0318,MC0318,merged_derived,high,,,W33-34; U66-67; C1,,,,C12 combines quadrate-fossa presence and depth into one absent/shallow/deep character.
REL-C12-051,WIL02_REF:C35,C12:C51,MC0035,MC0035,source_derived_same_concept,high,,,W35,,,,"C12 explicitly cites Wilson C35; the same biological character concept is retained while allowing Carballido et al. to modify wording, scope, thresholds, or state bins."
REL-C12-052,WIL02_REF:C42,C12:C52,MC0042,MC0042,source_derived_same_concept,high,,,W42,,,,"C12 explicitly cites Wilson C42; the same biological character concept is retained while allowing Carballido et al. to modify wording, scope, thresholds, or state bins."
REL-C12-053,WIL02_REF:C40,C12:C53,MC0040,MC0040,source_derived_same_concept,high,,,W40,,,,"C12 explicitly cites Wilson C40; the same biological character concept is retained while allowing Carballido et al. to modify wording, scope, thresholds, or state bins."
REL-C12-054,,C12:C54,MC0319,MC0319,provisional_distinct,moderate,,,U57,,,,No existing canonical concept was equivalent enough to merge safely in this first pass. The character is retained as a provisional distinct concept pending later lineage evidence.
REL-C12-055,,C12:C55,MC0320,MC0320,provisional_distinct,moderate,,,U61,,,,No existing canonical concept was equivalent enough to merge safely in this first pass. The character is retained as a provisional distinct concept pending later lineage evidence.
REL-C12-056,,C12:C56,MC0321,MC0321,provisional_distinct,moderate,,,U62,,,,No existing canonical concept was equivalent enough to merge safely in this first pass. The character is retained as a provisional distinct concept pending later lineage evidence.
REL-C12-057,WIL02_REF:C36,C12:C57,MC0036,MC0036,source_derived_same_concept,high,,,W36; U63-64,,,,"C12 explicitly cites Wilson C36; the same biological character concept is retained while allowing Carballido et al. to modify wording, scope, thresholds, or state bins."
REL-C12-058,WIL02_REF:C37,C12:C58,MC0037,MC0037,source_derived_same_concept,high,,,W37; U58-59,,,,"C12 explicitly cites Wilson C37; the same biological character concept is retained while allowing Carballido et al. to modify wording, scope, thresholds, or state bins."
REL-C12-059,,C12:C59,MC0322,MC0322,provisional_distinct,moderate,,,U60,,,,No existing canonical concept was equivalent enough to merge safely in this first pass. The character is retained as a provisional distinct concept pending later lineage evidence.
REL-C12-060,WIL02_REF:C38,C12:C60,MC0038,MC0038,source_derived_same_concept,high,,,W38,,,,"C12 explicitly cites Wilson C38; the same biological character concept is retained while allowing Carballido et al. to modify wording, scope, thresholds, or state bins."
REL-C12-061,WIL02_REF:C39,C12:C61,MC0039,MC0039,source_derived_same_concept,high,,,W39,,,,"C12 explicitly cites Wilson C39; the same biological character concept is retained while allowing Carballido et al. to modify wording, scope, thresholds, or state bins."
REL-C12-062,WIL02_REF:C41,C12:C62,MC0041,MC0041,source_derived_same_concept,high,,,W41,,,,"C12 explicitly cites Wilson C41; the same biological character concept is retained while allowing Carballido et al. to modify wording, scope, thresholds, or state bins."
REL-C12-063,WIL02_REF:C43,C12:C63,MC0043,MC0043,source_derived_same_concept,high,,,W43,,,,"C12 explicitly cites Wilson C43; the same biological character concept is retained while allowing Carballido et al. to modify wording, scope, thresholds, or state bins."
REL-C12-064,,C12:C64,MC0323,MC0323,provisional_distinct,moderate,,,S29,,,,No existing canonical concept was equivalent enough to merge safely in this first pass. The character is retained as a provisional distinct concept pending later lineage evidence.
REL-C12-065,,C12:C65,MC0324,MC0324,provisional_distinct,moderate,,,U46,,,,No existing canonical concept was equivalent enough to merge safely in this first pass. The character is retained as a provisional distinct concept pending later lineage evidence.
REL-C12-066,WIL02_REF:C44,C12:C66,MC0044,MC0044,source_derived_same_concept,high,,,W44,,,,"C12 explicitly cites Wilson C44; the same biological character concept is retained while allowing Carballido et al. to modify wording, scope, thresholds, or state bins."
REL-C12-067,WIL02_REF:C54,C12:C67,MC0054,MC0054,source_derived_same_concept,high,,,W54,,,,"C12 explicitly cites Wilson C54; the same biological character concept is retained while allowing Carballido et al. to modify wording, scope, thresholds, or state bins."
REL-C12-068,WIL02_REF:C45,C12:C68,MC0045,MC0045,source_derived_same_concept,high,,,W45; U49,,,,"C12 explicitly cites Wilson C45; the same biological character concept is retained while allowing Carballido et al. to modify wording, scope, thresholds, or state bins."
REL-C12-069,WIL02_REF:C46,C12:C69,MC0046,MC0046,source_derived_same_concept,high,,,W46; U52-53; S27,,,,"C12 explicitly cites Wilson C46; the same biological character concept is retained while allowing Carballido et al. to modify wording, scope, thresholds, or state bins."
REL-C12-070,WIL02_REF:C47,C12:C70,MC0047,MC0047,source_derived_same_concept,high,,,W47; U54; S28,,,,"C12 explicitly cites Wilson C47; the same biological character concept is retained while allowing Carballido et al. to modify wording, scope, thresholds, or state bins."
REL-C12-071,WIL02_REF:C48,C12:C71,MC0048,MC0048,source_derived_same_concept,high,,,W48; U48,,,,"C12 explicitly cites Wilson C48; the same biological character concept is retained while allowing Carballido et al. to modify wording, scope, thresholds, or state bins."
REL-C12-072,WIL02_REF:C49,C12:C72,MC0049,MC0049,source_derived_same_concept,high,,,W49,,,,"C12 explicitly cites Wilson C49; the same biological character concept is retained while allowing Carballido et al. to modify wording, scope, thresholds, or state bins."
REL-C12-073,WIL02_REF:C50,C12:C73,MC0050,MC0050,source_derived_same_concept,high,,,W50,,,,"C12 explicitly cites Wilson C50; the same biological character concept is retained while allowing Carballido et al. to modify wording, scope, thresholds, or state bins."
REL-C12-074,WIL02_REF:C51,C12:C74,MC0051,MC0051,source_derived_same_concept,moderate,,,W51; U55,,,,"C12 explicitly cites Wilson C51; the same biological character concept is retained while allowing Carballido et al. to modify wording, scope, thresholds, or state bins."
REL-C12-075,WIL02_REF:C52,C12:C75,MC0052,MC0052,source_derived_same_concept,high,,,W52,,,,"C12 explicitly cites Wilson C52; the same biological character concept is retained while allowing Carballido et al. to modify wording, scope, thresholds, or state bins."
REL-C12-076,WIL02_REF:C53,C12:C76,MC0053,MC0053,source_derived_same_concept,high,,,W53; U50; C6; S3,,,,"C12 explicitly cites Wilson C53; the same biological character concept is retained while allowing Carballido et al. to modify wording, scope, thresholds, or state bins."
REL-C12-077,,C12:C77,MC0325,MC0325,provisional_distinct,moderate,,,U51,,,,No existing canonical concept was equivalent enough to merge safely in this first pass. The character is retained as a provisional distinct concept pending later lineage evidence.
REL-C12-078,,C12:C78,MC0326,MC0326,provisional_distinct,moderate,,,U56,,,,No existing canonical concept was equivalent enough to merge safely in this first pass. The character is retained as a provisional distinct concept pending later lineage evidence.
REL-C12-079,WIL02_REF:C55,C12:C79,MC0055,MC0055,source_derived_same_concept,high,,,W55; U69,,,,"C12 explicitly cites Wilson C55; the same biological character concept is retained while allowing Carballido et al. to modify wording, scope, thresholds, or state bins."
REL-C12-080,WIL02_REF:C56,C12:C80,MC0056,MC0056,source_derived_same_concept,high,,,W56; U70,,,,"C12 explicitly cites Wilson C56; the same biological character concept is retained while allowing Carballido et al. to modify wording, scope, thresholds, or state bins."
REL-C12-081,WIL02_REF:C57,C12:C81,MC0057,MC0057,source_derived_same_concept,high,,,W57; U71,,,,"C12 explicitly cites Wilson C57; the same biological character concept is retained while allowing Carballido et al. to modify wording, scope, thresholds, or state bins."
REL-C12-082,WIL02_REF:C58,C12:C82,MC0058,MC0058,source_derived_same_concept,high,,,W58; U76-77,,,,"C12 explicitly cites Wilson C58; the same biological character concept is retained while allowing Carballido et al. to modify wording, scope, thresholds, or state bins."
REL-C12-083,WIL02_REF:C59,C12:C83,MC0059,MC0059,source_derived_same_concept,high,,,W59; U75,,,,"C12 explicitly cites Wilson C59; the same biological character concept is retained while allowing Carballido et al. to modify wording, scope, thresholds, or state bins."
REL-C12-084,WIL02_REF:C60,C12:C84,MC0060,MC0060,source_derived_same_concept,high,,,W60,,,,"C12 explicitly cites Wilson C60; the same biological character concept is retained while allowing Carballido et al. to modify wording, scope, thresholds, or state bins."
REL-C12-085,WIL02_REF:C61,C12:C85,MC0061,MC0061,source_derived_same_concept,high,,,W61,,,,"C12 explicitly cites Wilson C61; the same biological character concept is retained while allowing Carballido et al. to modify wording, scope, thresholds, or state bins."
REL-C12-086,,C12:C86,MC0327,MC0327,provisional_distinct,moderate,,,U72,,,,No existing canonical concept was equivalent enough to merge safely in this first pass. The character is retained as a provisional distinct concept pending later lineage evidence.
REL-C12-087,WIL02_REF:C62,C12:C87,MC0062,MC0062,source_derived_same_concept,high,,,W62; U74,,,,"C12 explicitly cites Wilson C62; the same biological character concept is retained while allowing Carballido et al. to modify wording, scope, thresholds, or state bins."
REL-C12-088,WIL02_REF:C63,C12:C88,MC0063,MC0063,source_derived_same_concept,high,,,W63; U73,,,,"C12 explicitly cites Wilson C63; the same biological character concept is retained while allowing Carballido et al. to modify wording, scope, thresholds, or state bins."
REL-C12-089,WIL02_REF:C64,C12:C89,MC0064,MC0064,source_derived_same_concept,high,,,W64,,,,"C12 explicitly cites Wilson C64; the same biological character concept is retained while allowing Carballido et al. to modify wording, scope, thresholds, or state bins."
REL-C12-090,,C12:C90,MC0328,MC0328,provisional_distinct,moderate,,,U9,,,,No existing canonical concept was equivalent enough to merge safely in this first pass. The character is retained as a provisional distinct concept pending later lineage evidence.
REL-C12-091,,C12:C91,MC0329,MC0329,provisional_distinct,moderate,,,U78,,,,No existing canonical concept was equivalent enough to merge safely in this first pass. The character is retained as a provisional distinct concept pending later lineage evidence.
REL-C12-092,WIL02_REF:C73,C12:C92,MC0073,MC0073,source_derived_same_concept,high,,,W73; U91,,,,"C12 explicitly cites Wilson C73; the same biological character concept is retained while allowing Carballido et al. to modify wording, scope, thresholds, or state bins."
REL-C12-093,WIL02_REF:C66,C12:C93,MC0066,MC0066,source_derived_same_concept,high,,,W66; U94-95,,,,"C12 explicitly cites Wilson C66; the same biological character concept is retained while allowing Carballido et al. to modify wording, scope, thresholds, or state bins."
REL-C12-094,WIL02_REF:C67; WIL02_REF:C68,C12:C94,MC0330,MC0330,merged_derived,high,,,W67-68,,,,C12 combines presence of crown-to-crown occlusion with the morphology/angle of the resulting wear facets.
REL-C12-095,WIL02_REF:C69,C12:C95,MC0069,MC0069,source_derived_same_concept,high,,,W69; U80,,,,"C12 explicitly cites Wilson C69; the same biological character concept is retained while allowing Carballido et al. to modify wording, scope, thresholds, or state bins."
REL-C12-096,,C12:C96,MC0331,MC0331,provisional_distinct,moderate,,,U81,,,,No existing canonical concept was equivalent enough to merge safely in this first pass. The character is retained as a provisional distinct concept pending later lineage evidence.
REL-C12-097,,C12:C97,MC0332,MC0332,provisional_distinct,moderate,,,U87-89,,,,No existing canonical concept was equivalent enough to merge safely in this first pass. The character is retained as a provisional distinct concept pending later lineage evidence.
REL-C12-098,WIL02_REF:C70,C12:C98,MC0070,MC0070,source_derived_same_concept,high,,,W70; U84-85; U92; C2; S1,,,,"C12 explicitly cites Wilson C70; the same biological character concept is retained while allowing Carballido et al. to modify wording, scope, thresholds, or state bins."
REL-C12-099,WIL02_REF:C71,C12:C99,MC0071,MC0071,source_derived_same_concept,high,,,W71; U79,,,,"C12 explicitly cites Wilson C71; the same biological character concept is retained while allowing Carballido et al. to modify wording, scope, thresholds, or state bins."
REL-C12-100,WIL02_REF:C72,C12:C100,MC0072,MC0072,source_derived_same_concept,high,,,W72; U82-83; C3,,,,"C12 explicitly cites Wilson C72; the same biological character concept is retained while allowing Carballido et al. to modify wording, scope, thresholds, or state bins."
REL-C12-101,WIL02_REF:C74,C12:C101,MC0074,MC0074,source_derived_same_concept,high,,,W74; U90,,,,"C12 explicitly cites Wilson C74; the same biological character concept is retained while allowing Carballido et al. to modify wording, scope, thresholds, or state bins."
REL-C12-102,WIL02_REF:C75,C12:C102,MC0075,MC0075,source_derived_same_concept,high,,,W75; U93,,,,"C12 explicitly cites Wilson C75; the same biological character concept is retained while allowing Carballido et al. to modify wording, scope, thresholds, or state bins."
REL-C12-103,WIL02_REF:C76,C12:C103,MC0076,MC0076,source_derived_same_concept,high,,,W76,,,,"C12 explicitly cites Wilson C76; the same biological character concept is retained while allowing Carballido et al. to modify wording, scope, thresholds, or state bins."
REL-C12-104,,C12:C104,MC0333,MC0333,provisional_distinct,moderate,,,U86,,,,No existing canonical concept was equivalent enough to merge safely in this first pass. The character is retained as a provisional distinct concept pending later lineage evidence.
REL-C12-105,WIL02_REF:C80,C12:C105,MC0080,MC0080,source_derived_same_concept,high,,,W80; U96-100; S25,,,,"C12 explicitly cites Wilson C80; the same biological character concept is retained while allowing Carballido et al. to modify wording, scope, thresholds, or state bins."
REL-C12-106,WIL02_REF:C79,C12:C106,MC0079,MC0079,source_derived_same_concept,high,,,W79; U101,,,,"C12 explicitly cites Wilson C79; the same biological character concept is retained while allowing Carballido et al. to modify wording, scope, thresholds, or state bins."
REL-C12-107,WIL02_REF:C82,C12:C107,MC0082,MC0082,source_derived_same_concept,high,,,W82; U103,,,,"C12 explicitly cites Wilson C82; the same biological character concept is retained while allowing Carballido et al. to modify wording, scope, thresholds, or state bins."
REL-C12-108,WIL02_REF:C78; WIL02_REF:C83,C12:C108,MC0334,MC0334,merged_derived,high,,,W78; W83; U110; C15; S33,,,,C12 combines cervical pleurocoel presence with simple-versus-complex pleurocoel morphology.
REL-C12-109,,C12:C109,MC0335,MC0335,provisional_distinct,moderate,,,U106-107,,,,No existing canonical concept was equivalent enough to merge safely in this first pass. The character is retained as a provisional distinct concept pending later lineage evidence.
REL-C12-110,,C12:C110,MC0336,MC0336,provisional_distinct,moderate,,,U109,,,,No existing canonical concept was equivalent enough to merge safely in this first pass. The character is retained as a provisional distinct concept pending later lineage evidence.
REL-C12-111,WIL02_REF:C81,C12:C111,MC0081,MC0081,source_derived_same_concept,high,,,W81; U115-116,,,,"C12 explicitly cites Wilson C81; the same biological character concept is retained while allowing Carballido et al. to modify wording, scope, thresholds, or state bins."
REL-C12-112,WIL02_REF:C84,C12:C112,MC0084,MC0084,source_derived_same_concept,high,,,W84; U108,,,,"C12 explicitly cites Wilson C84; the same biological character concept is retained while allowing Carballido et al. to modify wording, scope, thresholds, or state bins."
REL-C12-113,,C12:C113,MC0337,MC0337,provisional_distinct,moderate,,,C18,,,,No existing canonical concept was equivalent enough to merge safely in this first pass. The character is retained as a provisional distinct concept pending later lineage evidence.
REL-C12-114,WIL02_REF:C86,C12:C114,MC0086,MC0086,source_derived_same_concept,high,,,W86; U102,,,,"C12 explicitly cites Wilson C86; the same biological character concept is retained while allowing Carballido et al. to modify wording, scope, thresholds, or state bins."
REL-C12-115,WIL02_REF:C87,C12:C115,MC0087,MC0087,source_derived_same_concept,moderate,,,W87; U111-112; C16,,,,"C12 explicitly cites Wilson C87; the same biological character concept is retained while allowing Carballido et al. to modify wording, scope, thresholds, or state bins."
REL-C12-116,WIL02_REF:C88,C12:C116,MC0088,MC0088,source_derived_same_concept,high,,,W88; U113,,,,"C12 explicitly cites Wilson C88; the same biological character concept is retained while allowing Carballido et al. to modify wording, scope, thresholds, or state bins."
REL-C12-117,,C12:C117,MC0338,MC0338,provisional_distinct,moderate,,,U114,,,,No existing canonical concept was equivalent enough to merge safely in this first pass. The character is retained as a provisional distinct concept pending later lineage evidence.
REL-C12-118,GA11:C26,C12:C118,MC0268,MC0268,states_reversed,moderate,,,U117,,,,"C12 cervical neural-spine height is the same broad height concept as GA11 MC0268, but the low/high polarity is reversed."
REL-C12-119,WIL02_REF:C85,C12:C119,MC0085,MC0085,source_derived_same_concept,moderate,,,W85; C17; S34,,,,"C12 explicitly cites Wilson C85; the same biological character concept is retained while allowing Carballido et al. to modify wording, scope, thresholds, or state bins."
REL-C12-120,WIL02_REF:C89; WIL02_REF:C90,C12:C120,MC0339,MC0339,merged_derived,high,,,W89-90; U118; C17,,,,C12 combines neural-spine bifidity with presence/absence of the median pseudospinal tubercle.
REL-C12-121,,C12:C121,MC0340,MC0340,provisional_distinct,moderate,,,U119,,,,No existing canonical concept was equivalent enough to merge safely in this first pass. The character is retained as a provisional distinct concept pending later lineage evidence.
REL-C12-122,WIL02_REF:C91,C12:C122,MC0091,MC0091,source_derived_same_concept,high,,,W91; U122-125,,,,"C12 explicitly cites Wilson C91; the same biological character concept is retained while allowing Carballido et al. to modify wording, scope, thresholds, or state bins."
REL-C12-123,WIL02_REF:C78,C12:C123,MC0341,MC0341,split_derived,moderate,,,W78; U128-129; C22,,,,Thoracic pleurocoel presence/complexity is retained as a regional derivative of Wilson's broader presacral pneumatopore character.
REL-C12-124,,C12:C124,MC0342,MC0342,provisional_distinct,moderate,,,U130,,,,No existing canonical concept was equivalent enough to merge safely in this first pass. The character is retained as a provisional distinct concept pending later lineage evidence.
REL-C12-125,,C12:C125,MC0343,MC0343,provisional_distinct,moderate,,,U136,,,,No existing canonical concept was equivalent enough to merge safely in this first pass. The character is retained as a provisional distinct concept pending later lineage evidence.
REL-C12-126,WIL02_REF:C106,C12:C126,MC0106,MC0106,source_derived_same_concept,high,,,W106; U145; C23; S15,,,,"C12 explicitly cites Wilson C106; the same biological character concept is retained while allowing Carballido et al. to modify wording, scope, thresholds, or state bins."
REL-C12-127,,C12:C127,MC0344,MC0344,provisional_distinct,moderate,,,U146,,,,No existing canonical concept was equivalent enough to merge safely in this first pass. The character is retained as a provisional distinct concept pending later lineage evidence.
REL-C12-128,WIL02_REF:C99,C12:C128,MC0099,MC0099,source_derived_same_concept,moderate,,,W99; U156-157,,,,"C12 explicitly cites Wilson C99; the same biological character concept is retained while allowing Carballido et al. to modify wording, scope, thresholds, or state bins."
REL-C12-129,,C12:C129,MC0345,MC0345,provisional_distinct,moderate,,,U151,,,,No existing canonical concept was equivalent enough to merge safely in this first pass. The character is retained as a provisional distinct concept pending later lineage evidence.
REL-C12-130,,C12:C130,MC0346,MC0346,provisional_distinct,moderate,,,U149; C27,,,,No existing canonical concept was equivalent enough to merge safely in this first pass. The character is retained as a provisional distinct concept pending later lineage evidence.
REL-C12-131,,C12:C131,MC0347,MC0347,provisional_distinct,moderate,,,U138; S35,,,,No existing canonical concept was equivalent enough to merge safely in this first pass. The character is retained as a provisional distinct concept pending later lineage evidence.
REL-C12-132,WIL02_REF:C94,C12:C132,MC0094,MC0094,source_derived_same_concept,high,,,W94; U104,,,,"C12 explicitly cites Wilson C94; the same biological character concept is retained while allowing Carballido et al. to modify wording, scope, thresholds, or state bins."
REL-C12-133,,C12:C133,MC0348,MC0348,provisional_distinct,moderate,,,U127; C29,,,,No existing canonical concept was equivalent enough to merge safely in this first pass. The character is retained as a provisional distinct concept pending later lineage evidence.
REL-C12-134,,C12:C134,MC0349,MC0349,provisional_distinct,moderate,,,U126,,,,No existing canonical concept was equivalent enough to merge safely in this first pass. The character is retained as a provisional distinct concept pending later lineage evidence.
REL-C12-135,,C12:C135,MC0350,MC0350,provisional_distinct,moderate,,,U134,,,,No existing canonical concept was equivalent enough to merge safely in this first pass. The character is retained as a provisional distinct concept pending later lineage evidence.
REL-C12-136,,C12:C136,MC0273,MC0351,provisional_distinct,moderate,,,U158,,,,No existing canonical concept was equivalent enough to merge safely in this first pass. The character is retained as a provisional distinct concept pending later lineage evidence.
REL-C12-137,WIL02_REF:C93,C12:C137,MC0352,MC0352,historically_derived_distinct,moderate,,,W93; U132; C20; C24; C28; S9,,,,"C12 measures total vertebral-arch height relative to centrum height, whereas Wilson C93 measures dorsal neural-spine length relative to centrum length."
REL-C12-138,,C12:C138,MC0353,MC0353,provisional_distinct,moderate,,,U135,,,,No existing canonical concept was equivalent enough to merge safely in this first pass. The character is retained as a provisional distinct concept pending later lineage evidence.
REL-C12-139,WIL02_REF:C96,C12:C139,MC0096,MC0096,source_derived_same_concept,high,,,W96; U133,,,,"C12 explicitly cites Wilson C96; the same biological character concept is retained while allowing Carballido et al. to modify wording, scope, thresholds, or state bins."
REL-C12-140,WIL02_REF:C97,C12:C140,MC0097,MC0097,source_derived_same_concept,high,,,W97,,,,"C12 explicitly cites Wilson C97; the same biological character concept is retained while allowing Carballido et al. to modify wording, scope, thresholds, or state bins."
REL-C12-141,WIL02_REF:C98,C12:C141,MC0098,MC0098,source_derived_same_concept,high,,,W98; U137,,,,"C12 explicitly cites Wilson C98; the same biological character concept is retained while allowing Carballido et al. to modify wording, scope, thresholds, or state bins."
REL-C12-142,,C12:C142,MC0354,MC0354,provisional_distinct,moderate,,,U140,,,,No existing canonical concept was equivalent enough to merge safely in this first pass. The character is retained as a provisional distinct concept pending later lineage evidence.
REL-C12-143,,C12:C143,MC0355,MC0355,provisional_distinct,moderate,,,U148; C26,,,,No existing canonical concept was equivalent enough to merge safely in this first pass. The character is retained as a provisional distinct concept pending later lineage evidence.
REL-C12-144,WIL02_REF:C100; WIL02_REF:C101,C12:C144,MC0356,MC0356,merged_derived,high,,,W100; W101; U147; U150,,,,C12 combines spinopostzygapophyseal support with its relationship to the postspinal lamina.
REL-C12-145,WIL02_REF:C103,C12:C145,MC0103,MC0103,source_derived_same_concept,moderate,,,W103; U144,,,,"C12 explicitly cites Wilson C103; the same biological character concept is retained while allowing Carballido et al. to modify wording, scope, thresholds, or state bins."
REL-C12-146,WIL02_REF:C101,C12:C146,MC0101,MC0101,source_derived_same_concept,high,,,W101,,,,"C12 explicitly cites Wilson C101; the same biological character concept is retained while allowing Carballido et al. to modify wording, scope, thresholds, or state bins."
REL-C12-147,,C12:C147,MC0357,MC0357,provisional_distinct,moderate,,,U141,,,,No existing canonical concept was equivalent enough to merge safely in this first pass. The character is retained as a provisional distinct concept pending later lineage evidence.
REL-C12-148,WIL02_REF:C102,C12:C148,MC0102,MC0102,source_derived_same_concept,moderate,,,W102; U153-154,,,,"C12 explicitly cites Wilson C102; the same biological character concept is retained while allowing Carballido et al. to modify wording, scope, thresholds, or state bins."
REL-C12-149,WIL02_REF:C104,C12:C149,MC0104,MC0104,source_derived_same_concept,moderate,,,W104,,,,"C12 explicitly cites Wilson C104; the same biological character concept is retained while allowing Carballido et al. to modify wording, scope, thresholds, or state bins."
REL-C12-150,WIL02_REF:C105,C12:C150,MC0105,MC0105,source_derived_same_concept,high,,,W105; U105; C25,,,,"C12 explicitly cites Wilson C105; the same biological character concept is retained while allowing Carballido et al. to modify wording, scope, thresholds, or state bins."
REL-C12-151,,C12:C151,MC0358,MC0358,provisional_distinct,moderate,,,U131,,,,No existing canonical concept was equivalent enough to merge safely in this first pass. The character is retained as a provisional distinct concept pending later lineage evidence.
REL-C12-152,,C12:C152,MC0359,MC0359,provisional_distinct,moderate,,,U142,,,,No existing canonical concept was equivalent enough to merge safely in this first pass. The character is retained as a provisional distinct concept pending later lineage evidence.
REL-C12-153,,C12:C153,MC0360,MC0360,provisional_distinct,moderate,,,U139,,,,No existing canonical concept was equivalent enough to merge safely in this first pass. The character is retained as a provisional distinct concept pending later lineage evidence.
REL-C12-154,WIL02_REF:C92,C12:C154,MC0092,MC0092,source_derived_same_concept,moderate,,,W92; U152,,,,"C12 explicitly cites Wilson C92; the same biological character concept is retained while allowing Carballido et al. to modify wording, scope, thresholds, or state bins."
REL-C12-155,WIL02_REF:C107,C12:C155,MC0107,MC0107,source_derived_same_concept,moderate,,,W107; U155,,,,"C12 explicitly cites Wilson C107; the same biological character concept is retained while allowing Carballido et al. to modify wording, scope, thresholds, or state bins."
REL-C12-156,WIL02_REF:C108,C12:C156,MC0108,MC0108,source_derived_same_concept,high,,,W108; U161-163,,,,"C12 explicitly cites Wilson C108; the same biological character concept is retained while allowing Carballido et al. to modify wording, scope, thresholds, or state bins."
REL-C12-157,WIL02_REF:C109,C12:C157,MC0109,MC0109,source_derived_same_concept,high,,,W109,,,,"C12 explicitly cites Wilson C109; the same biological character concept is retained while allowing Carballido et al. to modify wording, scope, thresholds, or state bins."
REL-C12-158,,C12:C158,MC0361,MC0361,provisional_distinct,moderate,,,U164,,,,No existing canonical concept was equivalent enough to merge safely in this first pass. The character is retained as a provisional distinct concept pending later lineage evidence.
REL-C12-159,,C12:C159,MC0362,MC0362,provisional_distinct,moderate,,,U165,,,,No existing canonical concept was equivalent enough to merge safely in this first pass. The character is retained as a provisional distinct concept pending later lineage evidence.
REL-C12-160,WIL02_REF:C111,C12:C160,MC0111,MC0111,source_derived_same_concept,high,,,W111,,,,"C12 explicitly cites Wilson C111; the same biological character concept is retained while allowing Carballido et al. to modify wording, scope, thresholds, or state bins."
REL-C12-161,WIL02_REF:C112,C12:C161,MC0112,MC0112,source_derived_same_concept,high,,,W112; U168,,,,"C12 explicitly cites Wilson C112; the same biological character concept is retained while allowing Carballido et al. to modify wording, scope, thresholds, or state bins."
REL-C12-162,WIL02_REF:C113,C12:C162,MC0113,MC0113,source_derived_same_concept,high,,,W113,,,,"C12 explicitly cites Wilson C113; the same biological character concept is retained while allowing Carballido et al. to modify wording, scope, thresholds, or state bins."
REL-C12-163,WIL02_REF:C114,C12:C163,MC0114,MC0114,source_derived_same_concept,high,,,W114; U170,,,,"C12 explicitly cites Wilson C114; the same biological character concept is retained while allowing Carballido et al. to modify wording, scope, thresholds, or state bins."
REL-C12-164,,C12:C164,MC0363,MC0363,provisional_distinct,moderate,,,U166-167; C33; S19; S36,,,,No existing canonical concept was equivalent enough to merge safely in this first pass. The character is retained as a provisional distinct concept pending later lineage evidence.
REL-C12-165,WIL02_REF:C115,C12:C165,MC0115,MC0115,source_derived_same_concept,high,,,W115; U193,,,,"C12 explicitly cites Wilson C115; the same biological character concept is retained while allowing Carballido et al. to modify wording, scope, thresholds, or state bins."
REL-C12-166,WIL02_REF:C116,C12:C166,MC0116,MC0116,source_derived_same_concept,high,,,W116; U171,,,,"C12 explicitly cites Wilson C116; the same biological character concept is retained while allowing Carballido et al. to modify wording, scope, thresholds, or state bins."
REL-C12-167,WIL02_REF:C117,C12:C167,MC0364,MC0364,historically_derived_distinct,moderate,,,W117,,,,C12 scores first-caudal neural-spine lamination complexity; Wilson C117 scores a lateral coel on the first-caudal neural arch.
REL-C12-168,WIL02_REF:C118,C12:C168,MC0118,MC0118,source_derived_same_concept,high,,,W118; U173-174; C30; S16,,,,"C12 explicitly cites Wilson C118; the same biological character concept is retained while allowing Carballido et al. to modify wording, scope, thresholds, or state bins."
REL-C12-169,,C12:C169,MC0365,MC0365,provisional_distinct,moderate,,,U172,,,,No existing canonical concept was equivalent enough to merge safely in this first pass. The character is retained as a provisional distinct concept pending later lineage evidence.
REL-C12-170,WIL02_REF:C119,C12:C170,MC0119,MC0119,source_derived_same_concept,high,,,W119; U181; C31,,,,"C12 explicitly cites Wilson C119; the same biological character concept is retained while allowing Carballido et al. to modify wording, scope, thresholds, or state bins."
REL-C12-171,WIL02_REF:C120,C12:C171,MC0120,MC0120,source_derived_same_concept,high,,,W120; U178,,,,"C12 explicitly cites Wilson C120; the same biological character concept is retained while allowing Carballido et al. to modify wording, scope, thresholds, or state bins."
REL-C12-172,,C12:C172,MC0366,MC0366,provisional_distinct,moderate,,,U177,,,,No existing canonical concept was equivalent enough to merge safely in this first pass. The character is retained as a provisional distinct concept pending later lineage evidence.
REL-C12-173,WIL02_REF:C121,C12:C173,MC0121,MC0121,source_derived_same_concept,high,,,W121; U188,,,,"C12 explicitly cites Wilson C121; the same biological character concept is retained while allowing Carballido et al. to modify wording, scope, thresholds, or state bins."
REL-C12-174,WIL02_REF:C122,C12:C174,MC0122,MC0122,source_derived_same_concept,high,,,W122; U188,,,,"C12 explicitly cites Wilson C122; the same biological character concept is retained while allowing Carballido et al. to modify wording, scope, thresholds, or state bins."
REL-C12-175,WIL02_REF:C123,C12:C175,MC0123,MC0123,source_derived_same_concept,high,,,W123; U188,,,,"C12 explicitly cites Wilson C123; the same biological character concept is retained while allowing Carballido et al. to modify wording, scope, thresholds, or state bins."
REL-C12-176,WIL02_REF:C124,C12:C176,MC0124,MC0124,source_derived_same_concept,high,,,W124; U188,,,,"C12 explicitly cites Wilson C124; the same biological character concept is retained while allowing Carballido et al. to modify wording, scope, thresholds, or state bins."
REL-C12-177,WIL02_REF:C125,C12:C177,MC0125,MC0125,source_derived_same_concept,high,,,W125; U188,,,,"C12 explicitly cites Wilson C125; the same biological character concept is retained while allowing Carballido et al. to modify wording, scope, thresholds, or state bins."
REL-C12-178,,C12:C178,MC0367,MC0367,provisional_distinct,moderate,,,U187,,,,No existing canonical concept was equivalent enough to merge safely in this first pass. The character is retained as a provisional distinct concept pending later lineage evidence.
REL-C12-179,WIL02_REF:C128,C12:C179,MC0128,MC0128,source_derived_same_concept,high,,,W128; U190-192; C32; S11,,,,"C12 explicitly cites Wilson C128; the same biological character concept is retained while allowing Carballido et al. to modify wording, scope, thresholds, or state bins."
REL-C12-180,WIL02_REF:C127,C12:C180,MC0127,MC0127,source_derived_same_concept,high,,,W127,,,,"C12 explicitly cites Wilson C127; the same biological character concept is retained while allowing Carballido et al. to modify wording, scope, thresholds, or state bins."
REL-C12-181,WIL02_REF:C129,C12:C181,MC0129,MC0129,source_derived_same_concept,high,,,W129,,,,"C12 explicitly cites Wilson C129; the same biological character concept is retained while allowing Carballido et al. to modify wording, scope, thresholds, or state bins."
REL-C12-182,WIL02_REF:C130,C12:C182,MC0130,MC0130,source_derived_same_concept,high,,,W130,,,,"C12 explicitly cites Wilson C130; the same biological character concept is retained while allowing Carballido et al. to modify wording, scope, thresholds, or state bins."
REL-C12-183,WIL02_REF:C126,C12:C183,MC0126,MC0126,source_derived_same_concept,moderate,,,W126; U189,,,,"C12 explicitly cites Wilson C126; the same biological character concept is retained while allowing Carballido et al. to modify wording, scope, thresholds, or state bins."
REL-C12-184,,C12:C184,MC0368,MC0368,provisional_distinct,moderate,,,U179,,,,No existing canonical concept was equivalent enough to merge safely in this first pass. The character is retained as a provisional distinct concept pending later lineage evidence.
REL-C12-185,,C12:C185,MC0369,MC0369,provisional_distinct,moderate,,,U186,,,,No existing canonical concept was equivalent enough to merge safely in this first pass. The character is retained as a provisional distinct concept pending later lineage evidence.
REL-C12-186,WIL02_REF:C131,C12:C186,MC0131,MC0131,source_derived_same_concept,moderate,,,W131; U184,,,,"C12 explicitly cites Wilson C131; the same biological character concept is retained while allowing Carballido et al. to modify wording, scope, thresholds, or state bins."
REL-C12-187,WIL02_REF:C132,C12:C187,MC0132,MC0132,source_derived_same_concept,high,,,W132; U182-183,,,,"C12 explicitly cites Wilson C132; the same biological character concept is retained while allowing Carballido et al. to modify wording, scope, thresholds, or state bins."
REL-C12-188,WIL02_REF:C134,C12:C188,MC0134,MC0134,source_derived_same_concept,high,,,W134; U175,,,,"C12 explicitly cites Wilson C134; the same biological character concept is retained while allowing Carballido et al. to modify wording, scope, thresholds, or state bins."
REL-C12-189,W02:C240,C12:C189,MC0240,MC0240,equivalent,high,,,U185; C35,,,,Same middle-caudal neural-arch position over the centrum as the earlier Salgado-derived concept.
REL-C12-190,WIL02_REF:C133,C12:C190,MC0133,MC0133,source_derived_same_concept,high,,,W133,,,,"C12 explicitly cites Wilson C133; the same biological character concept is retained while allowing Carballido et al. to modify wording, scope, thresholds, or state bins."
REL-C12-191,WIL02_REF:C135,C12:C191,MC0135,MC0135,source_derived_same_concept,high,,,W135,,,,"C12 explicitly cites Wilson C135; the same biological character concept is retained while allowing Carballido et al. to modify wording, scope, thresholds, or state bins."
REL-C12-192,WIL02_REF:C138,C12:C192,MC0138,MC0138,source_derived_same_concept,high,,,W136; W138; U176,MC0136,,,"The focal proposition is the number of distal/anarcuate caudals, corresponding most directly to Wilson C138."
REL-C12-193,WIL02_REF:C136,C12:C193,MC0136,MC0136,source_derived_same_concept,high,,,W136; W138; U176,MC0138,,,"The focal proposition is distal-caudal articular-face morphology, corresponding most directly to Wilson C136."
REL-C12-194,WIL02_REF:C137,C12:C194,MC0137,MC0137,source_derived_same_concept,high,,,W137; U180; C36; S8,,,,"C12 explicitly cites Wilson C137; the same biological character concept is retained while allowing Carballido et al. to modify wording, scope, thresholds, or state bins."
REL-C12-195,WIL02_REF:C139,C12:C195,MC0139,MC0139,source_derived_same_concept,high,,,W139; U121,,,,"C12 explicitly cites Wilson C139; the same biological character concept is retained while allowing Carballido et al. to modify wording, scope, thresholds, or state bins."
REL-C12-196,WIL02_REF:C140,C12:C196,MC0140,MC0140,source_derived_same_concept,high,,,W140; U120,,,,"C12 explicitly cites Wilson C140; the same biological character concept is retained while allowing Carballido et al. to modify wording, scope, thresholds, or state bins."
REL-C12-197,WIL02_REF:C141,C12:C197,MC0141,MC0141,source_derived_same_concept,high,,,W141; U160,,,,"C12 explicitly cites Wilson C141; the same biological character concept is retained while allowing Carballido et al. to modify wording, scope, thresholds, or state bins."
REL-C12-198,,C12:C198,MC0370,MC0370,provisional_distinct,moderate,,,U159,,,,No existing canonical concept was equivalent enough to merge safely in this first pass. The character is retained as a provisional distinct concept pending later lineage evidence.
REL-C12-199,WIL02_REF:C142,C12:C199,MC0142,MC0142,source_derived_same_concept,high,,,W142,,,,"C12 explicitly cites Wilson C142; the same biological character concept is retained while allowing Carballido et al. to modify wording, scope, thresholds, or state bins."
REL-C12-200,WIL02_REF:C147,C12:C200,MC0147,MC0147,source_derived_same_concept,high,,,W147,,,,"C12 explicitly cites Wilson C147; the same biological character concept is retained while allowing Carballido et al. to modify wording, scope, thresholds, or state bins."
REL-C12-201,WIL02_REF:C143; WIL02_REF:C144,C12:C201,MC0371,MC0371,merged_derived,high,,,W143-144; U197-198; S17,,,,C12 integrates forked-chevron process development and distribution into a multistate haemal-arch morphology character.
REL-C12-202,WIL02_REF:C146,C12:C202,MC0146,MC0146,source_derived_same_concept,high,,,W146; U196,,,,"C12 explicitly cites Wilson C146; the same biological character concept is retained while allowing Carballido et al. to modify wording, scope, thresholds, or state bins."
REL-C12-203,WIL02_REF:C145,C12:C203,MC0145,MC0145,source_derived_same_concept,high,,,W145; U194-195; C34; S18,,,,"C12 explicitly cites Wilson C145; the same biological character concept is retained while allowing Carballido et al. to modify wording, scope, thresholds, or state bins."
REL-C12-204,WIL02_REF:C148,C12:C204,MC0148,MC0148,source_derived_same_concept,high,,,W148; U199; C37,,,,"C12 explicitly cites Wilson C148; the same biological character concept is retained while allowing Carballido et al. to modify wording, scope, thresholds, or state bins."
REL-C12-205,WIL02_REF:C149,C12:C205,MC0372,MC0372,historically_derived_distinct,moderate,,,W149; U214-215,,,,"C12 uses a forelimb:hindlimb length ratio, whereas Wilson C149 codes bipedal versus obligately quadrupedal posture."
REL-C12-206,WIL02_REF:C172,C12:C206,MC0172,MC0172,source_derived_same_concept,high,,,W172; U216; C48; S12,,,,"C12 explicitly cites Wilson C172; the same biological character concept is retained while allowing Carballido et al. to modify wording, scope, thresholds, or state bins."
REL-C12-207,,C12:C207,MC0373,MC0373,provisional_distinct,moderate,,,,,,,No existing canonical concept was equivalent enough to merge safely in this first pass. The character is retained as a provisional distinct concept pending later lineage evidence.
REL-C12-208,WIL02_REF:C150,C12:C208,MC0150,MC0150,source_derived_same_concept,high,,,W150; U200,,,,"C12 explicitly cites Wilson C150; the same biological character concept is retained while allowing Carballido et al. to modify wording, scope, thresholds, or state bins."
REL-C12-209,,C12:C209,MC0374,MC0374,provisional_distinct,moderate,,,U201,,,,No existing canonical concept was equivalent enough to merge safely in this first pass. The character is retained as a provisional distinct concept pending later lineage evidence.
REL-C12-210,,C12:C210,MC0375,MC0375,provisional_distinct,moderate,,,U202,,,,No existing canonical concept was equivalent enough to merge safely in this first pass. The character is retained as a provisional distinct concept pending later lineage evidence.
REL-C12-211,WIL02_REF:C151,C12:C211,MC0151,MC0151,source_derived_same_concept,high,,,W151,,,,"C12 explicitly cites Wilson C151; the same biological character concept is retained while allowing Carballido et al. to modify wording, scope, thresholds, or state bins."
REL-C12-212,WIL02_REF:C152,C12:C212,MC0152,MC0152,source_derived_same_concept,high,,,W152; U206; C38; S19,,,,"C12 explicitly cites Wilson C152; the same biological character concept is retained while allowing Carballido et al. to modify wording, scope, thresholds, or state bins."
REL-C12-213,WIL02_REF:C153,C12:C213,MC0153,MC0153,source_derived_same_concept,high,,,W153; U203,,,,"C12 explicitly cites Wilson C153; the same biological character concept is retained while allowing Carballido et al. to modify wording, scope, thresholds, or state bins."
REL-C12-214,WIL02_REF:C154,C12:C214,MC0154,MC0154,source_derived_same_concept,high,,,W154,,,,"C12 explicitly cites Wilson C154; the same biological character concept is retained while allowing Carballido et al. to modify wording, scope, thresholds, or state bins."
REL-C12-215,,C12:C215,MC0376,MC0376,provisional_distinct,moderate,,,U204,,,,No existing canonical concept was equivalent enough to merge safely in this first pass. The character is retained as a provisional distinct concept pending later lineage evidence.
REL-C12-216,,C12:C216,MC0377,MC0377,provisional_distinct,moderate,,,U205,,,,No existing canonical concept was equivalent enough to merge safely in this first pass. The character is retained as a provisional distinct concept pending later lineage evidence.
REL-C12-217,WIL02_REF:C155,C12:C217,MC0155,MC0155,source_derived_same_concept,high,,,W155,,,,"C12 explicitly cites Wilson C155; the same biological character concept is retained while allowing Carballido et al. to modify wording, scope, thresholds, or state bins."
REL-C12-218,WIL02_REF:C156,C12:C218,MC0156,MC0156,source_derived_same_concept,high,,,W156; U208,,,,"C12 explicitly cites Wilson C156; the same biological character concept is retained while allowing Carballido et al. to modify wording, scope, thresholds, or state bins."
REL-C12-219,,C12:C219,MC0378,MC0378,provisional_distinct,moderate,,,U207,,,,No existing canonical concept was equivalent enough to merge safely in this first pass. The character is retained as a provisional distinct concept pending later lineage evidence.
REL-C12-220,WIL02_REF:C157,C12:C220,MC0157,MC0157,source_derived_same_concept,high,,,W157,,,,"C12 explicitly cites Wilson C157; the same biological character concept is retained while allowing Carballido et al. to modify wording, scope, thresholds, or state bins."
REL-C12-221,WIL02_REF:C158,C12:C221,MC0158,MC0158,source_derived_same_concept,high,,,W158; U210; C39,,,,"C12 explicitly cites Wilson C158; the same biological character concept is retained while allowing Carballido et al. to modify wording, scope, thresholds, or state bins."
REL-C12-222,,C12:C222,MC0379,MC0379,provisional_distinct,moderate,,,U209,,,,No existing canonical concept was equivalent enough to merge safely in this first pass. The character is retained as a provisional distinct concept pending later lineage evidence.
REL-C12-223,,C12:C223,MC0380,MC0380,provisional_distinct,moderate,,,U213,,,,No existing canonical concept was equivalent enough to merge safely in this first pass. The character is retained as a provisional distinct concept pending later lineage evidence.
REL-C12-224,,C12:C224,MC0381,MC0381,provisional_distinct,moderate,,,U211,,,,No existing canonical concept was equivalent enough to merge safely in this first pass. The character is retained as a provisional distinct concept pending later lineage evidence.
REL-C12-225,WIL02_REF:C159,C12:C225,MC0159,MC0159,source_derived_same_concept,moderate,,,W159; U218,,,,"C12 explicitly cites Wilson C159; the same biological character concept is retained while allowing Carballido et al. to modify wording, scope, thresholds, or state bins."
REL-C12-226,,C12:C226,MC0382,MC0382,provisional_distinct,moderate,,,U217,,,,No existing canonical concept was equivalent enough to merge safely in this first pass. The character is retained as a provisional distinct concept pending later lineage evidence.
REL-C12-227,WIL02_REF:C160,C12:C227,MC0160,MC0160,source_derived_same_concept,high,,,W160; U219,,,,"C12 explicitly cites Wilson C160; the same biological character concept is retained while allowing Carballido et al. to modify wording, scope, thresholds, or state bins."
REL-C12-228,,C12:C228,MC0383,MC0383,provisional_distinct,moderate,,,U220,,,,No existing canonical concept was equivalent enough to merge safely in this first pass. The character is retained as a provisional distinct concept pending later lineage evidence.
REL-C12-229,WIL02_REF:C161,C12:C229,MC0161,MC0161,source_derived_same_concept,high,,,W161,,,,"C12 explicitly cites Wilson C161; the same biological character concept is retained while allowing Carballido et al. to modify wording, scope, thresholds, or state bins."
REL-C12-230,WIL02_REF:C162,C12:C230,MC0162,MC0162,source_derived_same_concept,high,,,W162,,,,"C12 explicitly cites Wilson C162; the same biological character concept is retained while allowing Carballido et al. to modify wording, scope, thresholds, or state bins."
REL-C12-231,WIL02_REF:C163,C12:C231,MC0163,MC0163,source_derived_same_concept,high,,,W163; U222,,,,"C12 explicitly cites Wilson C163; the same biological character concept is retained while allowing Carballido et al. to modify wording, scope, thresholds, or state bins."
REL-C12-232,,C12:C232,MC0384,MC0384,provisional_distinct,moderate,,,U221,,,,No existing canonical concept was equivalent enough to merge safely in this first pass. The character is retained as a provisional distinct concept pending later lineage evidence.
REL-C12-233,WIL02_REF:C164,C12:C233,MC0164,MC0164,source_derived_same_concept,high,,,W164,,,,"C12 explicitly cites Wilson C164; the same biological character concept is retained while allowing Carballido et al. to modify wording, scope, thresholds, or state bins."
REL-C12-234,WIL02_REF:C165,C12:C234,MC0165,MC0165,source_derived_same_concept,high,,,W165; U223,,,,"C12 explicitly cites Wilson C165; the same biological character concept is retained while allowing Carballido et al. to modify wording, scope, thresholds, or state bins."
REL-C12-235,,C12:C235,MC0385,MC0385,provisional_distinct,moderate,,,U224,,,,No existing canonical concept was equivalent enough to merge safely in this first pass. The character is retained as a provisional distinct concept pending later lineage evidence.
REL-C12-236,WIL02_REF:C166,C12:C236,MC0166,MC0166,source_derived_same_concept,high,,,W166,,,,"C12 explicitly cites Wilson C166; the same biological character concept is retained while allowing Carballido et al. to modify wording, scope, thresholds, or state bins."
REL-C12-237,WIL02_REF:C167,C12:C237,MC0167,MC0167,source_derived_same_concept,high,,,W167,,,,"C12 explicitly cites Wilson C167; the same biological character concept is retained while allowing Carballido et al. to modify wording, scope, thresholds, or state bins."
REL-C12-238,WIL02_REF:C168,C12:C238,MC0168,MC0168,source_derived_same_concept,high,,,W168,,,,"C12 explicitly cites Wilson C168; the same biological character concept is retained while allowing Carballido et al. to modify wording, scope, thresholds, or state bins."
REL-C12-239,,C12:C239,MC0386,MC0386,provisional_distinct,moderate,,,U225,,,,No existing canonical concept was equivalent enough to merge safely in this first pass. The character is retained as a provisional distinct concept pending later lineage evidence.
REL-C12-240,WIL02_REF:C169,C12:C240,MC0169,MC0169,source_derived_same_concept,high,,,W169; U226,,,,"C12 explicitly cites Wilson C169; the same biological character concept is retained while allowing Carballido et al. to modify wording, scope, thresholds, or state bins."
REL-C12-241,WIL02_REF:C170,C12:C241,MC0170,MC0170,source_derived_same_concept,high,,,W170,,,,"C12 explicitly cites Wilson C170; the same biological character concept is retained while allowing Carballido et al. to modify wording, scope, thresholds, or state bins."
REL-C12-242,WIL02_REF:C171,C12:C242,MC0171,MC0171,source_derived_same_concept,high,,,W171,,,,"C12 explicitly cites Wilson C171; the same biological character concept is retained while allowing Carballido et al. to modify wording, scope, thresholds, or state bins."
REL-C12-243,WIL02_REF:C173,C12:C243,MC0173,MC0173,source_derived_same_concept,high,,,W173; U228-230,,,,"C12 explicitly cites Wilson C173; the same biological character concept is retained while allowing Carballido et al. to modify wording, scope, thresholds, or state bins."
REL-C12-244,WIL02_REF:C174,C12:C244,MC0174,MC0174,source_derived_same_concept,high,,,W174; U227,,,,"C12 explicitly cites Wilson C174; the same biological character concept is retained while allowing Carballido et al. to modify wording, scope, thresholds, or state bins."
REL-C12-245,WIL02_REF:C175,C12:C245,MC0175,MC0175,source_derived_same_concept,high,,,W175; U235,,,,"C12 explicitly cites Wilson C175; the same biological character concept is retained while allowing Carballido et al. to modify wording, scope, thresholds, or state bins."
REL-C12-246,WIL02_REF:C176,C12:C246,MC0176,MC0176,source_derived_same_concept,high,,,W176,,,,"C12 explicitly cites Wilson C176; the same biological character concept is retained while allowing Carballido et al. to modify wording, scope, thresholds, or state bins."
REL-C12-247,,C12:C247,MC0387,MC0387,provisional_distinct,moderate,,,U236,,,,No existing canonical concept was equivalent enough to merge safely in this first pass. The character is retained as a provisional distinct concept pending later lineage evidence.
REL-C12-248,WIL02_REF:C177,C12:C248,MC0177,MC0177,source_derived_same_concept,high,,,W177; U233; C49,,,,"C12 explicitly cites Wilson C177; the same biological character concept is retained while allowing Carballido et al. to modify wording, scope, thresholds, or state bins."
REL-C12-249,,C12:C249,MC0388,MC0388,provisional_distinct,moderate,,,U232,,,,No existing canonical concept was equivalent enough to merge safely in this first pass. The character is retained as a provisional distinct concept pending later lineage evidence.
REL-C12-250,WIL02_REF:C178,C12:C250,MC0178,MC0178,source_derived_same_concept,high,,,W178; U231,,,,"C12 explicitly cites Wilson C178; the same biological character concept is retained while allowing Carballido et al. to modify wording, scope, thresholds, or state bins."
REL-C12-251,WIL02_REF:C179,C12:C251,MC0179,MC0179,source_derived_same_concept,high,,,W179,,,,"C12 explicitly cites Wilson C179; the same biological character concept is retained while allowing Carballido et al. to modify wording, scope, thresholds, or state bins."
REL-C12-252,,C12:C252,MC0389,MC0389,provisional_distinct,moderate,,,U234,,,,No existing canonical concept was equivalent enough to merge safely in this first pass. The character is retained as a provisional distinct concept pending later lineage evidence.
REL-C12-253,WIL02_REF:C180,C12:C253,MC0180,MC0180,source_derived_same_concept,high,,,W180,,,,"C12 explicitly cites Wilson C180; the same biological character concept is retained while allowing Carballido et al. to modify wording, scope, thresholds, or state bins."
REL-C12-254,WIL02_REF:C181,C12:C254,MC0181,MC0181,source_derived_same_concept,high,,,W181; U238-239; U241,,,,"C12 explicitly cites Wilson C181; the same biological character concept is retained while allowing Carballido et al. to modify wording, scope, thresholds, or state bins."
REL-C12-255,WIL02_REF:C182,C12:C255,MC0182,MC0182,source_derived_same_concept,high,,,W182,,,,"C12 explicitly cites Wilson C182; the same biological character concept is retained while allowing Carballido et al. to modify wording, scope, thresholds, or state bins."
REL-C12-256,WIL02_REF:C183,C12:C256,MC0183,MC0183,source_derived_same_concept,high,,,W183; U237,,,,"C12 explicitly cites Wilson C183; the same biological character concept is retained while allowing Carballido et al. to modify wording, scope, thresholds, or state bins."
REL-C12-257,,C12:C257,MC0390,MC0390,provisional_distinct,moderate,,,U240,,,,No existing canonical concept was equivalent enough to merge safely in this first pass. The character is retained as a provisional distinct concept pending later lineage evidence.
REL-C12-258,WIL02_REF:C184,C12:C258,MC0184,MC0184,source_derived_same_concept,moderate,,,W184,,,,"C12 explicitly cites Wilson C184; the same biological character concept is retained while allowing Carballido et al. to modify wording, scope, thresholds, or state bins."
REL-C12-259,WIL02_REF:C186,C12:C259,MC0186,MC0186,source_derived_same_concept,high,,,W186; U247,,,,"C12 explicitly cites Wilson C186; the same biological character concept is retained while allowing Carballido et al. to modify wording, scope, thresholds, or state bins."
REL-C12-260,KN10:C241,C12:C260,MC0253,MC0253,equivalent,high,,,U245,,,,Same position of the dorsalmost iliac point relative to the pubic process.
REL-C12-261,WIL02_REF:C188,C12:C261,MC0188,MC0188,source_derived_same_concept,high,,,W188; U244; C40,,,,"C12 explicitly cites Wilson C188; the same biological character concept is retained while allowing Carballido et al. to modify wording, scope, thresholds, or state bins."
REL-C12-262,WIL02_REF:C187,C12:C262,MC0187,MC0187,source_derived_same_concept,moderate,,,W187; U242-243,,,,"C12 explicitly cites Wilson C187; the same biological character concept is retained while allowing Carballido et al. to modify wording, scope, thresholds, or state bins."
REL-C12-263,WIL02_REF:C185,C12:C263,MC0185,MC0185,source_derived_same_concept,high,,,W185; U248,,,,"C12 explicitly cites Wilson C185; the same biological character concept is retained while allowing Carballido et al. to modify wording, scope, thresholds, or state bins."
REL-C12-264,,C12:C264,MC0391,MC0391,provisional_distinct,moderate,,,U249,,,,No existing canonical concept was equivalent enough to merge safely in this first pass. The character is retained as a provisional distinct concept pending later lineage evidence.
REL-C12-265,,C12:C265,MC0392,MC0392,provisional_distinct,moderate,,,U246,,,,No existing canonical concept was equivalent enough to merge safely in this first pass. The character is retained as a provisional distinct concept pending later lineage evidence.
REL-C12-266,WIL02_REF:C189,C12:C266,MC0189,MC0189,source_derived_same_concept,high,,,W189; U250; C42; S20,,,,"C12 explicitly cites Wilson C189; the same biological character concept is retained while allowing Carballido et al. to modify wording, scope, thresholds, or state bins."
REL-C12-267,WIL02_REF:C190,C12:C267,MC0190,MC0190,source_derived_same_concept,high,,,W190; U252,,,,"C12 explicitly cites Wilson C190; the same biological character concept is retained while allowing Carballido et al. to modify wording, scope, thresholds, or state bins."
REL-C12-268,WIL02_REF:C191,C12:C268,MC0191,MC0191,source_derived_same_concept,high,,,W191; U253; C41,,,,"C12 explicitly cites Wilson C191; the same biological character concept is retained while allowing Carballido et al. to modify wording, scope, thresholds, or state bins."
REL-C12-269,WIL02_REF:C192,C12:C269,MC0192,MC0192,source_derived_same_concept,high,,,W192; U251; C45,,,,"C12 explicitly cites Wilson C192; the same biological character concept is retained while allowing Carballido et al. to modify wording, scope, thresholds, or state bins."
REL-C12-270,,C12:C270,MC0393,MC0393,provisional_distinct,moderate,,,U255,,,,No existing canonical concept was equivalent enough to merge safely in this first pass. The character is retained as a provisional distinct concept pending later lineage evidence.
REL-C12-271,,C12:C271,MC0394,MC0394,provisional_distinct,moderate,,,U259,,,,No existing canonical concept was equivalent enough to merge safely in this first pass. The character is retained as a provisional distinct concept pending later lineage evidence.
REL-C12-272,WIL02_REF:C193,C12:C272,MC0193,MC0193,source_derived_same_concept,high,,,W193; U254; C46,,,,"C12 explicitly cites Wilson C193; the same biological character concept is retained while allowing Carballido et al. to modify wording, scope, thresholds, or state bins."
REL-C12-273,WIL02_REF:C194,C12:C273,MC0194,MC0194,source_derived_same_concept,high,,,W194; U260,,,,"C12 explicitly cites Wilson C194; the same biological character concept is retained while allowing Carballido et al. to modify wording, scope, thresholds, or state bins."
REL-C12-274,KN10:C242,C12:C274,MC0254,MC0254,equivalent,high,,,U256,,,,Same ischial distal-shaft width:length threshold of approximately 15%.
REL-C12-275,,C12:C275,MC0395,MC0395,provisional_distinct,moderate,,,U260,,,,No existing canonical concept was equivalent enough to merge safely in this first pass. The character is retained as a provisional distinct concept pending later lineage evidence.
REL-C12-276,WIL02_REF:C195,C12:C276,MC0195,MC0195,source_derived_same_concept,high,,,W195; U258; C43; S22,,,,"C12 explicitly cites Wilson C195; the same biological character concept is retained while allowing Carballido et al. to modify wording, scope, thresholds, or state bins."
REL-C12-277,,C12:C277,MC0396,MC0396,provisional_distinct,moderate,,,U257; C44; S21,,,,No existing canonical concept was equivalent enough to merge safely in this first pass. The character is retained as a provisional distinct concept pending later lineage evidence.
REL-C12-278,,C12:C278,MC0397,MC0397,provisional_distinct,moderate,,,U266,,,,No existing canonical concept was equivalent enough to merge safely in this first pass. The character is retained as a provisional distinct concept pending later lineage evidence.
REL-C12-279,,C12:C279,MC0398,MC0398,provisional_distinct,moderate,,,U263,,,,No existing canonical concept was equivalent enough to merge safely in this first pass. The character is retained as a provisional distinct concept pending later lineage evidence.
REL-C12-280,W02:C243,C12:C280,MC0243,MC0243,equivalent,high,,,U268,,,,Same fourth-trochanter position: near the midline versus on the caudomedial margin.
REL-C12-281,WIL02_REF:C196,C12:C281,MC0196,MC0196,source_derived_same_concept,high,,,W196; U269,,,,"C12 explicitly cites Wilson C196; the same biological character concept is retained while allowing Carballido et al. to modify wording, scope, thresholds, or state bins."
REL-C12-282,,C12:C282,MC0399,MC0399,provisional_distinct,moderate,,,U267,,,,No existing canonical concept was equivalent enough to merge safely in this first pass. The character is retained as a provisional distinct concept pending later lineage evidence.
REL-C12-283,WIL02_REF:C197,C12:C283,MC0197,MC0197,source_derived_same_concept,high,,,W197; U261-262,,,,"C12 explicitly cites Wilson C197; the same biological character concept is retained while allowing Carballido et al. to modify wording, scope, thresholds, or state bins."
REL-C12-284,WIL02_REF:C198,C12:C284,MC0198,MC0198,source_derived_same_concept,high,,,W198; U270,,,,"C12 explicitly cites Wilson C198; the same biological character concept is retained while allowing Carballido et al. to modify wording, scope, thresholds, or state bins."
REL-C12-285,WIL02_REF:C199,C12:C285,MC0199,MC0199,source_derived_same_concept,high,,,W199; U265; C47,,,,"C12 explicitly cites Wilson C199; the same biological character concept is retained while allowing Carballido et al. to modify wording, scope, thresholds, or state bins."
REL-C12-286,,C12:C286,MC0400,MC0400,provisional_distinct,moderate,,,U264,,,,No existing canonical concept was equivalent enough to merge safely in this first pass. The character is retained as a provisional distinct concept pending later lineage evidence.
REL-C12-287,WIL02_REF:C200,C12:C287,MC0200,MC0200,source_derived_same_concept,high,,,W200; U271,,,,"C12 explicitly cites Wilson C200; the same biological character concept is retained while allowing Carballido et al. to modify wording, scope, thresholds, or state bins."
REL-C12-288,WIL02_REF:C201,C12:C288,MC0201,MC0201,source_derived_same_concept,high,,,W201,,,,"C12 explicitly cites Wilson C201; the same biological character concept is retained while allowing Carballido et al. to modify wording, scope, thresholds, or state bins."
REL-C12-289,WIL02_REF:C202,C12:C289,MC0202,MC0202,source_derived_same_concept,high,,,W202; U272,,,,"C12 explicitly cites Wilson C202; the same biological character concept is retained while allowing Carballido et al. to modify wording, scope, thresholds, or state bins."
REL-C12-290,,C12:C290,MC0401,MC0401,provisional_distinct,moderate,,,U273,,,,No existing canonical concept was equivalent enough to merge safely in this first pass. The character is retained as a provisional distinct concept pending later lineage evidence.
REL-C12-291,WIL02_REF:C203,C12:C291,MC0203,MC0203,source_derived_same_concept,high,,,W203; U274,,,,"C12 explicitly cites Wilson C203; the same biological character concept is retained while allowing Carballido et al. to modify wording, scope, thresholds, or state bins."
REL-C12-292,,C12:C292,MC0402,MC0402,provisional_distinct,moderate,,,U275,,,,No existing canonical concept was equivalent enough to merge safely in this first pass. The character is retained as a provisional distinct concept pending later lineage evidence.
REL-C12-293,WIL02_REF:C204,C12:C293,MC0204,MC0204,source_derived_same_concept,high,,,W204; U276,,,,"C12 explicitly cites Wilson C204; the same biological character concept is retained while allowing Carballido et al. to modify wording, scope, thresholds, or state bins."
REL-C12-294,WIL02_REF:C205,C12:C294,MC0205,MC0205,source_derived_same_concept,moderate,,,W205,,,,"C12 explicitly cites Wilson C205; the same biological character concept is retained while allowing Carballido et al. to modify wording, scope, thresholds, or state bins."
REL-C12-295,WIL02_REF:C206,C12:C295,MC0206,MC0206,source_derived_same_concept,high,,,W206; U278,,,,"C12 explicitly cites Wilson C206; the same biological character concept is retained while allowing Carballido et al. to modify wording, scope, thresholds, or state bins."
REL-C12-296,GA11:C75,C12:C296,MC0299,MC0299,equivalent,high,,,U277,,,,Same distal-tibial transverse-versus-anteroposterior breadth concept.
REL-C12-297,WIL02_REF:C207,C12:C297,MC0207,MC0207,source_derived_same_concept,high,,,W207; U279,,,,"C12 explicitly cites Wilson C207; the same biological character concept is retained while allowing Carballido et al. to modify wording, scope, thresholds, or state bins."
REL-C12-298,WIL02_REF:C208,C12:C298,MC0208,MC0208,source_derived_same_concept,moderate,,,W208; U281,,,,"C12 explicitly cites Wilson C208; the same biological character concept is retained while allowing Carballido et al. to modify wording, scope, thresholds, or state bins."
REL-C12-299,WIL02_REF:C209,C12:C299,MC0209,MC0209,source_derived_same_concept,high,,,W209,,,,"C12 explicitly cites Wilson C209; the same biological character concept is retained while allowing Carballido et al. to modify wording, scope, thresholds, or state bins."
REL-C12-300,WIL02_REF:C210,C12:C300,MC0210,MC0210,source_derived_same_concept,high,,,W210; U284,,,,"C12 explicitly cites Wilson C210; the same biological character concept is retained while allowing Carballido et al. to modify wording, scope, thresholds, or state bins."
REL-C12-301,,C12:C301,MC0403,MC0403,provisional_distinct,moderate,,,U285,,,,No existing canonical concept was equivalent enough to merge safely in this first pass. The character is retained as a provisional distinct concept pending later lineage evidence.
REL-C12-302,,C12:C302,MC0404,MC0404,provisional_distinct,moderate,,,U282,,,,No existing canonical concept was equivalent enough to merge safely in this first pass. The character is retained as a provisional distinct concept pending later lineage evidence.
REL-C12-303,WIL02_REF:C211,C12:C303,MC0211,MC0211,source_derived_same_concept,high,,,W211; U286,,,,"C12 explicitly cites Wilson C211; the same biological character concept is retained while allowing Carballido et al. to modify wording, scope, thresholds, or state bins."
REL-C12-304,WIL02_REF:C212,C12:C304,MC0212,MC0212,source_derived_same_concept,high,,,W212; U283,,,,"C12 explicitly cites Wilson C212; the same biological character concept is retained while allowing Carballido et al. to modify wording, scope, thresholds, or state bins."
REL-C12-305,WIL02_REF:C213,C12:C305,MC0213,MC0213,source_derived_same_concept,high,,,W213; U287,,,,"C12 explicitly cites Wilson C213; the same biological character concept is retained while allowing Carballido et al. to modify wording, scope, thresholds, or state bins."
REL-C12-306,WIL02_REF:C214,C12:C306,MC0214,MC0214,source_derived_same_concept,moderate,,,W214,,,,"C12 explicitly cites Wilson C214; the same biological character concept is retained while allowing Carballido et al. to modify wording, scope, thresholds, or state bins."
REL-C12-307,WIL02_REF:C215,C12:C307,MC0215,MC0215,source_derived_same_concept,high,,,W215; U288,,,,"C12 explicitly cites Wilson C215; the same biological character concept is retained while allowing Carballido et al. to modify wording, scope, thresholds, or state bins."
REL-C12-308,WIL02_REF:C216,C12:C308,MC0216,MC0216,source_derived_same_concept,high,,,W216; U289,,,,"C12 explicitly cites Wilson C216; the same biological character concept is retained while allowing Carballido et al. to modify wording, scope, thresholds, or state bins."
REL-C12-309,WIL02_REF:C217,C12:C309,MC0217,MC0217,source_derived_same_concept,high,,,W217; U291,,,,"C12 explicitly cites Wilson C217; the same biological character concept is retained while allowing Carballido et al. to modify wording, scope, thresholds, or state bins."
REL-C12-310,WIL02_REF:C218,C12:C310,MC0218,MC0218,source_derived_same_concept,high,,,W218,,,,"C12 explicitly cites Wilson C218; the same biological character concept is retained while allowing Carballido et al. to modify wording, scope, thresholds, or state bins."
REL-C12-311,WIL02_REF:C219,C12:C311,MC0219,MC0219,source_derived_same_concept,high,,,W219,,,,"C12 explicitly cites Wilson C219; the same biological character concept is retained while allowing Carballido et al. to modify wording, scope, thresholds, or state bins."
REL-C12-312,WIL02_REF:C220,C12:C312,MC0220,MC0220,source_derived_same_concept,high,,,W220; U293; S23,,,,"C12 explicitly cites Wilson C220; the same biological character concept is retained while allowing Carballido et al. to modify wording, scope, thresholds, or state bins."
REL-C12-313,WIL02_REF:C221,C12:C313,MC0405,MC0405,historically_derived_distinct,moderate,,,W221; U292,,,,"C12 measures metatarsal-I robustness using length:proximal-width, whereas Wilson C221 compares minimum shaft width with other metatarsals."
REL-C12-314,,C12:C314,MC0406,MC0406,provisional_distinct,moderate,,,U294,,,,No existing canonical concept was equivalent enough to merge safely in this first pass. The character is retained as a provisional distinct concept pending later lineage evidence.
REL-C12-315,WIL02_REF:C222,C12:C315,MC0222,MC0222,source_derived_same_concept,high,,,W222; U296,,,,"C12 explicitly cites Wilson C222; the same biological character concept is retained while allowing Carballido et al. to modify wording, scope, thresholds, or state bins."
REL-C12-316,WIL02_REF:C223,C12:C316,MC0223,MC0223,source_derived_same_concept,high,,,W223; U290; U295,,,,"C12 explicitly cites Wilson C223; the same biological character concept is retained while allowing Carballido et al. to modify wording, scope, thresholds, or state bins."
REL-C12-317,WIL02_REF:C224,C12:C317,MC0224,MC0224,source_derived_same_concept,high,,,W224; U297,,,,"C12 explicitly cites Wilson C224; the same biological character concept is retained while allowing Carballido et al. to modify wording, scope, thresholds, or state bins."
REL-C12-318,WIL02_REF:C225,C12:C318,MC0225,MC0225,source_derived_same_concept,high,,,W225; U298,,,,"C12 explicitly cites Wilson C225; the same biological character concept is retained while allowing Carballido et al. to modify wording, scope, thresholds, or state bins."
REL-C12-319,,C12:C319,MC0407,MC0407,provisional_distinct,moderate,,,U301,,,,No existing canonical concept was equivalent enough to merge safely in this first pass. The character is retained as a provisional distinct concept pending later lineage evidence.
REL-C12-320,,C12:C320,MC0408,MC0408,provisional_distinct,moderate,,,U302,,,,No existing canonical concept was equivalent enough to merge safely in this first pass. The character is retained as a provisional distinct concept pending later lineage evidence.
REL-C12-321,WIL02_REF:C226,C12:C321,MC0226,MC0226,source_derived_same_concept,high,,,W226; U304,,,,"C12 explicitly cites Wilson C226; the same biological character concept is retained while allowing Carballido et al. to modify wording, scope, thresholds, or state bins."
REL-C12-322,WIL02_REF:C227,C12:C322,MC0227,MC0227,source_derived_same_concept,high,,,W227; U305,,,,"C12 explicitly cites Wilson C227; the same biological character concept is retained while allowing Carballido et al. to modify wording, scope, thresholds, or state bins."
REL-C12-323,,C12:C323,MC0409,MC0409,provisional_distinct,moderate,,,U303,,,,No existing canonical concept was equivalent enough to merge safely in this first pass. The character is retained as a provisional distinct concept pending later lineage evidence.
REL-C12-324,,C12:C324,MC0410,MC0410,provisional_distinct,moderate,,,U299-300,,,,No existing canonical concept was equivalent enough to merge safely in this first pass. The character is retained as a provisional distinct concept pending later lineage evidence.
REL-C12-325,WIL02_REF:C228,C12:C325,MC0228,MC0228,source_derived_same_concept,high,,,W228; U306,,,,"C12 explicitly cites Wilson C228; the same biological character concept is retained while allowing Carballido et al. to modify wording, scope, thresholds, or state bins."
REL-C12-326,WIL02_REF:C229,C12:C326,MC0229,MC0229,source_derived_same_concept,high,,,W229,,,,"C12 explicitly cites Wilson C229; the same biological character concept is retained while allowing Carballido et al. to modify wording, scope, thresholds, or state bins."
REL-C12-327,WIL02_REF:C230,C12:C327,MC0230,MC0230,source_derived_same_concept,high,,,W230; U307,,,,"C12 explicitly cites Wilson C230; the same biological character concept is retained while allowing Carballido et al. to modify wording, scope, thresholds, or state bins."
REL-C12-328,WIL02_REF:C231,C12:C328,MC0231,MC0231,source_derived_same_concept,high,,,W231,,,,"C12 explicitly cites Wilson C231; the same biological character concept is retained while allowing Carballido et al. to modify wording, scope, thresholds, or state bins."
REL-C12-329,WIL02_REF:C232,C12:C329,MC0232,MC0232,source_derived_same_concept,high,,,W232; U308,,,,"C12 explicitly cites Wilson C232; the same biological character concept is retained while allowing Carballido et al. to modify wording, scope, thresholds, or state bins."
REL-C12-330,WIL02_REF:C233,C12:C330,MC0233,MC0233,source_derived_same_concept,high,,,W233,,,,"C12 explicitly cites Wilson C233; the same biological character concept is retained while allowing Carballido et al. to modify wording, scope, thresholds, or state bins."
REL-C12-331,WIL02_REF:C234,C12:C331,MC0234,MC0234,source_derived_same_concept,high,,,W234,,,,"C12 explicitly cites Wilson C234; the same biological character concept is retained while allowing Carballido et al. to modify wording, scope, thresholds, or state bins."
REL-C12-332,,C12:C332,MC0411,MC0411,provisional_distinct,moderate,,,,,,,No existing canonical concept was equivalent enough to merge safely in this first pass. The character is retained as a provisional distinct concept pending later lineage evidence.
REL-C12-333,,C12:C333,MC0412,MC0412,provisional_distinct,moderate,,,,,,,No existing canonical concept was equivalent enough to merge safely in this first pass. The character is retained as a provisional distinct concept pending later lineage evidence.
REL-C12-334,,C12:C334,MC0413,MC0413,provisional_distinct,moderate,,,,,,,No existing canonical concept was equivalent enough to merge safely in this first pass. The character is retained as a provisional distinct concept pending later lineage evidence.
REL-DE12-001,WIL02_REF:C1,DE12:C1,MC0001,MC0001,equivalent,high,,"Wilson, 2002.",,,,,The anatomical proposition is equivalent to an existing canonical concept; matrix-specific wording or scoring does not create a new concept.
REL-DE12-002,,DE12:C2,MC0414,MC0414,provisional_distinct,high,,"Chure et al., 2010.",,,,,No existing canonical concept is equivalent enough in anatomical scope and state proposition to merge safely in this first pass.
REL-DE12-003,,DE12:C3,MC0415,MC0415,provisional_distinct,high,,,,,,,No existing canonical concept is equivalent enough in anatomical scope and state proposition to merge safely in this first pass.
REL-DE12-004,,DE12:C4,MC0416,MC0416,provisional_distinct,moderate,,"Modified from Chure et al., 2010.",,MC0011,,,The anteriorly projecting lacrimal plate is anatomically related to the simpler lacrimal anterior-process character MC0011 but is not safely equivalent.
REL-DE12-005,WIL02_REF:C24,DE12:C5,MC0024,MC0024,equivalent,high,,"Wilson, 2002.",,,,,The anatomical proposition is equivalent to an existing canonical concept; matrix-specific wording or scoring does not create a new concept.
REL-DE12-006,WIL02_REF:C43,DE12:C6,MC0043,MC0043,equivalent,high,,"Wilson, 2002.",,,,,The anatomical proposition is equivalent to an existing canonical concept; matrix-specific wording or scoring does not create a new concept.
REL-DE12-007,WIL02_REF:C49,DE12:C7,MC0049,MC0049,states_modified,high,,"Modified from Mannion, 2011.",,,,,Same basal-tubera breadth relative to occipital condyle concept; DE12 replaces Wilson's qualitative breadth states with ratio thresholds.
REL-DE12-008,WIL02_REF:C44,DE12:C8,MC0044,MC0044,equivalent,high,,"Wilson, 2002.",,,,,The anatomical proposition is equivalent to an existing canonical concept; matrix-specific wording or scoring does not create a new concept.
REL-DE12-009,,DE12:C9,MC0417,MC0417,provisional_distinct,high,,,,MC0314; MC0315,,,No existing canonical concept is equivalent enough in anatomical scope and state proposition to merge safely in this first pass.
REL-DE12-010,KN10:C235,DE12:C10,MC0247,MC0247,equivalent,high,,"Modified from Chure et al., 2010.",,,,,The anatomical proposition is equivalent to an existing canonical concept; matrix-specific wording or scoring does not create a new concept.
REL-DE12-011,WIL02_REF:C59,DE12:C11,MC0059,MC0059,equivalent,high,,"Wilson, 2002.",,,,,The anatomical proposition is equivalent to an existing canonical concept; matrix-specific wording or scoring does not create a new concept.
REL-DE12-012,WIL02_REF:C73,DE12:C12,MC0073,MC0073,equivalent,high,,"Wilson, 2002.",,,,,The anatomical proposition is equivalent to an existing canonical concept; matrix-specific wording or scoring does not create a new concept.
REL-DE12-013,WIL02_REF:C69,DE12:C13,MC0069,MC0069,states_reversed,high,,"Modified from Wilson, 2002.",,,,,"Same tooth-crown overlap/orientation concept as Wilson C69, but DE12 reverses the coded polarity."
REL-DE12-014,WIL02_REF:C72,DE12:C14,MC0072,MC0072,states_modified,high,,"Modified from Wilson, 2002.",,,,,Same marginal-denticle concept; DE12 refines the intermediate condition while retaining complete absence as the most derived state.
REL-DE12-015,,DE12:C15,MC0418,MC0418,provisional_distinct,high,,"Modified from Chure et al., 2010.",,,,,No existing canonical concept is equivalent enough in anatomical scope and state proposition to merge safely in this first pass.
REL-DE12-016,C12:C97,DE12:C16,MC0332,MC0332,states_modified,high,,"Modi- fied from Upchurch, 1998.",,,,,Same tooth slenderness-index concept already represented by MC0332; DE12 collapses it to a binary threshold at 3.0.
REL-DE12-017,WIL02_REF:C78,DE12:C17,MC0078,MC0078,equivalent,high,,"Wilson, 2002.",,,,,The anatomical proposition is equivalent to an existing canonical concept; matrix-specific wording or scoring does not create a new concept.
REL-DE12-018,WIL02_REF:C77,DE12:C18,MC0077,MC0077,states_modified,high,,"Wilson, 2002.",,,,,"Same presacral internal bone-texture/pneumatic architecture concept, but DE12 subdivides camerate, semi-camellate and camellate/somphospondylous conditions."
REL-DE12-019,WIL02_REF:C80,DE12:C19,MC0080,MC0080,states_modified,high,,"Modified from Wilson, 2002.",,,,,Same cervical-vertebral-count concept with DE12 collapsing the states to 14-or-fewer versus 15-or-more.
REL-DE12-020,,DE12:C20,MC0419,MC0419,provisional_distinct,high,,,,,,,No existing canonical concept is equivalent enough in anatomical scope and state proposition to merge safely in this first pass.
REL-DE12-021,WIL02_REF:C83,DE12:C21,MC0083,MC0083,states_reversed,high,,"Wilson, 2002.",,,,,Same cervical pleurocoel complexity concept; complex/divided and simple/undivided are coded with reversed polarity.
REL-DE12-022,WIL02_REF:C85,DE12:C22,MC0085,MC0085,states_modified,moderate,,"Wilson, 2002.",,,,,"Same cervical neural-spine bifidity concept, with DE12 applying it specifically to middle cervicals."
REL-DE12-023,WIL02_REF:C86,DE12:C23,MC0086,MC0086,states_modified,high,,"Modified from Upchurch, 1998; Wilson, 2002; Chure et al., 2010.",,,,,"Same cervical centrum elongation concept, with a modified ratio denominator and thresholds."
REL-DE12-024,,DE12:C24,MC0420,MC0420,provisional_distinct,high,,,,,,,No existing canonical concept is equivalent enough in anatomical scope and state proposition to merge safely in this first pass.
REL-DE12-025,,DE12:C25,MC0421,MC0421,provisional_distinct,high,,,,,,,No existing canonical concept is equivalent enough in anatomical scope and state proposition to merge safely in this first pass.
REL-DE12-026,,DE12:C26,MC0422,MC0422,provisional_distinct,high,,,,,,,No existing canonical concept is equivalent enough in anatomical scope and state proposition to merge safely in this first pass.
REL-DE12-027,,DE12:C27,MC0423,MC0423,provisional_distinct,high,,"Curry Rogers, 2005.",,,,,No existing canonical concept is equivalent enough in anatomical scope and state proposition to merge safely in this first pass.
REL-DE12-028,,DE12:C28,MC0424,MC0424,provisional_distinct,high,,,,,,,No existing canonical concept is equivalent enough in anatomical scope and state proposition to merge safely in this first pass.
REL-DE12-029,,DE12:C29,MC0425,MC0425,provisional_distinct,high,,"Modified from Wilson & Upchurch, 2009.",,,,,No existing canonical concept is equivalent enough in anatomical scope and state proposition to merge safely in this first pass.
REL-DE12-030,,DE12:C30,MC0426,MC0426,provisional_distinct,moderate,,,,MC0268; MC0274,,,"Neural-spine height across posterior cervicals and anterior dorsals spans regions represented by other height characters, but the combined serial scope and threshold make it distinct."
REL-DE12-031,,DE12:C31,MC0427,MC0427,provisional_distinct,moderate,,"Modified from Salgado et al., 1997.",,MC0099,,,No existing canonical concept is equivalent enough in anatomical scope and state proposition to merge safely in this first pass.
REL-DE12-032,WIL02_REF:C89,DE12:C32,MC0089,MC0089,states_modified,high,,"Modified from Upchurch, 1995.",,,,,Same posterior-cervical/anterior-dorsal neural-spine bifidity concept; DE12 adds a trifid state.
REL-DE12-033,GA11:C36,DE12:C33,MC0275,MC0275,states_modified,moderate,,"Salgado et al., 1997.",,,,,"Same prespinal-lamina presence concept represented by MC0275, but DE12 extends the scope across posterior cervicals and anterior dorsals and collapses the state scheme."
REL-DE12-034,,DE12:C34,MC0428,MC0428,provisional_distinct,high,,"Bonaparte et al., 2006.",,MC0269,,,No existing canonical concept is equivalent enough in anatomical scope and state proposition to merge safely in this first pass.
REL-DE12-035,,DE12:C35,MC0429,MC0429,provisional_distinct,high,,,,MC0102,,,No existing canonical concept is equivalent enough in anatomical scope and state proposition to merge safely in this first pass.
REL-DE12-036,,DE12:C36,MC0430,MC0430,provisional_distinct,moderate,,,,MC0277,,,The posterior centrodiapophyseal-lamina morphology is related to MC0277 but DE12's single-versus-double condition is not equivalent to ventral widening/forking.
REL-DE12-037,WIL02_REF:C100,DE12:C37,MC0100,MC0100,states_reversed,high,,"Wilson, 2002.",,,,,"Same spinopostzygapophyseal-lamina division concept as Wilson C100, with state polarity reversed."
REL-DE12-038,WIL02_REF:C94,DE12:C38,MC0094,MC0094,equivalent,high,,"Wilson, 2002.",,,,,The anatomical proposition is equivalent to an existing canonical concept; matrix-specific wording or scoring does not create a new concept.
REL-DE12-039,WIL02_REF:C105,DE12:C39,MC0105,MC0105,equivalent,high,,"Wilson & Sereno, 1998.",,,,,The anatomical proposition is equivalent to an existing canonical concept; matrix-specific wording or scoring does not create a new concept.
REL-DE12-040,,DE12:C40,MC0431,MC0431,provisional_distinct,high,,"Janensch, 1950.",,MC0354,,,No existing canonical concept is equivalent enough in anatomical scope and state proposition to merge safely in this first pass.
REL-DE12-041,C12:C131,DE12:C41,MC0347,MC0347,states_reversed,high,,Modified from Salgado et al. 1997.,,,,,Same thoracic transverse-process/diapophysis orientation concept as MC0347; approximately 45-degree dorsal orientation versus horizontal/lateral is coded with reversed polarity.
REL-DE12-042,,DE12:C42,MC0432,MC0432,provisional_distinct,high,,"Salgado et al., 1997.",,MC0356,,,No existing canonical concept is equivalent enough in anatomical scope and state proposition to merge safely in this first pass.
REL-DE12-043,GA11:C38,DE12:C43,MC0277,MC0277,equivalent,high,,"Salgado et al., 1997.",,,,,The anatomical proposition is equivalent to an existing canonical concept; matrix-specific wording or scoring does not create a new concept.
REL-DE12-044,WIL02_REF:C92,DE12:C44,MC0092,MC0092,states_modified,high,,"Modified from Wilson, 2002.",,,,,Same dorsal neural-spine transverse breadth concept with a modified threshold combining equal-to and broader-than conditions.
REL-DE12-045,,DE12:C45,MC0433,MC0433,provisional_distinct,high,,"Upchurch et al., 2004.",,MC0275; MC0355,,,No existing canonical concept is equivalent enough in anatomical scope and state proposition to merge safely in this first pass.
REL-DE12-046,WIL02_REF:C104,DE12:C46,MC0104,MC0104,equivalent,high,,"Wilson, 2002.",,,,,The anatomical proposition is equivalent to an existing canonical concept; matrix-specific wording or scoring does not create a new concept.
REL-DE12-047,C12:C142,DE12:C47,MC0354,MC0354,probable_equivalent,moderate,,"Modified from Sanz et al., 1999.",,,,,Likely the same thoracic transverse-process dorsal-surface morphology as MC0354; retained as probable rather than certain because the wording and anatomical emphasis differ.
REL-DE12-048,WIL02_REF:C106,DE12:C48,MC0106,MC0106,equivalent,high,,"Wilson, 2002.",,,,,The anatomical proposition is equivalent to an existing canonical concept; matrix-specific wording or scoring does not create a new concept.
REL-DE12-049,,DE12:C49,MC0434,MC0434,provisional_distinct,high,,,,MC0250,,,A dorsal-centra keel is serially analogous to the cervical ventral-keel concept MC0250 but is a different regional proposition.
REL-DE12-050,WIL02_REF:C108,DE12:C50,MC0108,MC0108,states_modified,high,,"Modi- fied from Upchurch, 1995.",,,,,"Same sacral-count concept, reduced to five versus six."
REL-DE12-051,WIL02_REF:C109,DE12:C51,MC0109,MC0109,equivalent,high,,"Riggs, 1903; Wilson, 2002.",,,,,The anatomical proposition is equivalent to an existing canonical concept; matrix-specific wording or scoring does not create a new concept.
REL-DE12-052,KN10:C239,DE12:C52,MC0251,MC0251,states_modified,moderate,,"Modified from Chure et al., 2010.",,,,,"Same ventral-bulge morphology of the proximal/anterior caudal transverse process represented by MC0251, but DE12 expands the serial scope and recodes it as absent/present."
REL-DE12-053,WIL02_REF:C114,DE12:C53,MC0114,MC0114,states_modified,high,,"Wilson, 2002.",,,,,Same caudal-vertebral-count concept with altered numerical thresholds.
REL-DE12-054,WIL02_REF:C132,DE12:C54,MC0132,MC0132,equivalent,high,,"Wilson, 2002.",,,,,The anatomical proposition is equivalent to an existing canonical concept; matrix-specific wording or scoring does not create a new concept.
REL-DE12-055,WIL02_REF:C118,DE12:C55,MC0118,MC0118,states_modified,high,,"Modified from Wilson, 2002.",,,,,"Same anterior-caudal procoely/articular-face concept, with the non-procoelous state expressed as unequal anterior/posterior concavity."
REL-DE12-056,,DE12:C56,MC0435,MC0435,provisional_distinct,high,,,,,,,No existing canonical concept is equivalent enough in anatomical scope and state proposition to merge safely in this first pass.
REL-DE12-057,,DE12:C57,MC0436,MC0436,provisional_distinct,high,,,,MC0121,,,No existing canonical concept is equivalent enough in anatomical scope and state proposition to merge safely in this first pass.
REL-DE12-058,GA11:C50; W02:C240,DE12:C58,MC0437,MC0437,merged_derived,moderate,,"Salgado et al., 1997; Upchurch et al., 2004.",,,,,"DE12 combines neural-arch position across anterior and middle caudals. Existing concepts separately encode anterior-caudal position (MC0282) and middle-caudal position (MC0240), so the broader DE12 proposition is retained as a merged derivative."
REL-DE12-059,,DE12:C59,MC0438,MC0438,provisional_distinct,high,,,,MC0127; MC0128,,,No existing canonical concept is equivalent enough in anatomical scope and state proposition to merge safely in this first pass.
REL-DE12-060,,DE12:C60,MC0133,MC0439,provisional_distinct,high,,"Modified from Rose, 2007.",,MC0133; MC0284,,,No existing canonical concept is equivalent enough in anatomical scope and state proposition to merge safely in this first pass.
REL-DE12-061,WIL02_REF:C134,DE12:C61,MC0134,MC0134,states_modified,high,,"Upchurch, 1995.",,,,,"Same middle/posterior caudal procoely concept, collapsed to amphiplatyan versus procoelous."
REL-DE12-062,WIL02_REF:C135,DE12:C62,MC0135,MC0135,states_modified,high,,"Wilson, 2002.",,,,,"Same distal/posterior caudal dorsoventral flattening concept, with subcircular versus approximately twice-as-wide-as-high states."
REL-DE12-063,WIL02_REF:C141,DE12:C63,MC0141,MC0141,equivalent,high,,"Wilson & Sereno, 1998.",,,,,The anatomical proposition is equivalent to an existing canonical concept; matrix-specific wording or scoring does not create a new concept.
REL-DE12-064,WIL02_REF:C142,DE12:C64,MC0142,MC0142,equivalent,high,,"Wilson & Sereno, 1998.",,,,,The anatomical proposition is equivalent to an existing canonical concept; matrix-specific wording or scoring does not create a new concept.
REL-DE12-065,WIL02_REF:C145,DE12:C65,MC0145,MC0145,equivalent,high,,"Upchurch, 1995.",,,,,The anatomical proposition is equivalent to an existing canonical concept; matrix-specific wording or scoring does not create a new concept.
REL-DE12-066,,DE12:C66,MC0440,MC0440,provisional_distinct,high,,,,MC0143; MC0144,,,No existing canonical concept is equivalent enough in anatomical scope and state proposition to merge safely in this first pass.
REL-DE12-067,WIL02_REF:C146,DE12:C67,MC0146,MC0146,equivalent,high,,"Wilson, 2002.",,,,,The anatomical proposition is equivalent to an existing canonical concept; matrix-specific wording or scoring does not create a new concept.
REL-DE12-068,WIL02_REF:C153,DE12:C68,MC0153,MC0153,equivalent,high,,"Wilson & Sereno, 1998",,,,,The anatomical proposition is equivalent to an existing canonical concept; matrix-specific wording or scoring does not create a new concept.
REL-DE12-069,,DE12:C69,MC0441,MC0441,provisional_distinct,high,,"Modi- fied from Carballido et al., 2011.",,,,,No existing canonical concept is equivalent enough in anatomical scope and state proposition to merge safely in this first pass.
REL-DE12-070,WIL02_REF:C154,DE12:C70,MC0154,MC0154,states_reversed,high,,"Modified from Wilson, 2002.",,,,,Same scapular-blade basal cross-section concept; D-shaped versus flat conditions are coded with reversed polarity.
REL-DE12-071,WIL02_REF:C152,DE12:C71,MC0152,MC0152,states_modified,high,,"Wilson, 2002.",,,,,"Same acromial-side expansion of the scapular blade, simplified to straight versus curved/flaring."
REL-DE12-072,,DE12:C72,MC0442,MC0442,provisional_distinct,high,,"Modi- fied from Upchurch, 1995, 1998.",,MC0378,,,No existing canonical concept is equivalent enough in anatomical scope and state proposition to merge safely in this first pass.
REL-DE12-073,,DE12:C73,MC0443,MC0443,provisional_distinct,high,,"Modified from Wilson, 2002.",,MC0293; MC0155,,,No existing canonical concept is equivalent enough in anatomical scope and state proposition to merge safely in this first pass.
REL-DE12-074,WIL02_REF:C156,DE12:C74,MC0156,MC0156,equivalent,high,,"Upchurch, 1998; Wilson, 2002.",,,,,The anatomical proposition is equivalent to an existing canonical concept; matrix-specific wording or scoring does not create a new concept.
REL-DE12-075,WIL02_REF:C158,DE12:C75,MC0158,MC0158,equivalent,high,,"Wilson, 2002.",,,,,The anatomical proposition is equivalent to an existing canonical concept; matrix-specific wording or scoring does not create a new concept.
REL-DE12-076,C12:C224,DE12:C76,MC0381,MC0381,probable_equivalent,moderate,,,,,,,Probably equivalent to the caudolateral sternal-plate expansion concept MC0381; the DE12 'expanded corner' wording is less explicit about a reniform outline.
REL-DE12-077,C12:C222,DE12:C77,MC0379,MC0379,states_modified,high,,"Modified from Upchurch, 1998.",,,,,Same sternal-plate:length-of-humerus proportion concept with different thresholds.
REL-DE12-078,,DE12:C78,MC0444,MC0444,provisional_distinct,high,,"Modified from Curry Rogers, 2005.",,MC0290,,,No existing canonical concept is equivalent enough in anatomical scope and state proposition to merge safely in this first pass.
REL-DE12-079,WIL02_REF:C159,DE12:C79,MC0159,MC0159,states_modified,high,,"Modified from Wilson, 2002.",,,,,"Same humeral proximolateral-corner morphology, with DE12 expressing the distinction through corner angle and humeral-head profile."
REL-DE12-080,,DE12:C80,MC0445,MC0445,provisional_distinct,high,,,,MC0382; MC0383,,,No existing canonical concept is equivalent enough in anatomical scope and state proposition to merge safely in this first pass.
REL-DE12-081,WIL02_REF:C172,DE12:C81,MC0172,MC0172,states_modified,high,,"Modified from Wilson, 2002.",,,,,Same humerus:femur ratio concept with a new three-state threshold scheme.
REL-DE12-082,WIL02_REF:C161,DE12:C82,MC0161,MC0161,equivalent,high,,"Modified from Wilson, 2002.",,,,,The anatomical proposition is equivalent to an existing canonical concept; matrix-specific wording or scoring does not create a new concept.
REL-DE12-083,,DE12:C83,MC0446,MC0446,provisional_distinct,moderate,,,,MC0164,,,The radial-condyle notch is related to the broader humeral distal-condyle division concept MC0164 but is localized enough to retain separately.
REL-DE12-084,WIL02_REF:C164,DE12:C84,MC0164,MC0164,states_reversed,moderate,,"Modified from Wilson, 2002.",,,,,"Same humeral distal-condyle division/flatness concept; DE12 codes flat/convex as 0 and concave/divided as 1, reversing Wilson's polarity."
REL-DE12-085,WIL02_REF:C166,DE12:C85,MC0166,MC0166,states_modified,high,,"Modified from Wilson, 2002.",,,,,"Same relative development of the proximal ulnar arms, with DE12 specifying the anterior versus medial arms."
REL-DE12-086,,DE12:C86,MC0447,MC0447,provisional_distinct,high,,,,,,,No existing canonical concept is equivalent enough in anatomical scope and state proposition to merge safely in this first pass.
REL-DE12-087,WIL02_REF:C171,DE12:C87,MC0171,MC0171,equivalent,high,,"Wilson, 2002.",,,,,The anatomical proposition is equivalent to an existing canonical concept; matrix-specific wording or scoring does not create a new concept.
REL-DE12-088,WIL02_REF:C173,DE12:C88,MC0173,MC0173,states_modified,high,,"Modified from Upchurch, 1998; Wilson, 2002.",,,,,"Same carpal-number concept, with a third state for complete absence."
REL-DE12-089,WIL02_REF:C177,DE12:C89,MC0177,MC0177,equivalent,high,,"Wilson & Sereno, 1998.",,,,,The anatomical proposition is equivalent to an existing canonical concept; matrix-specific wording or scoring does not create a new concept.
REL-DE12-090,WIL02_REF:C178,DE12:C90,MC0178,MC0178,states_modified,high,,"Modified from Wilson, 2002.",,,,,Same metacarpal-I versus IV length concept; DE12 combines subequal and longer conditions.
REL-DE12-091,WIL02_REF:C179,DE12:C91,MC0179,MC0179,equivalent,high,,"Wilson, 2002.",,,,,The anatomical proposition is equivalent to an existing canonical concept; matrix-specific wording or scoring does not create a new concept.
REL-DE12-092,WIL02_REF:C180,DE12:C92,MC0180,MC0180,equivalent,high,,"Modified from Wilson, 2002.",,,,,The anatomical proposition is equivalent to an existing canonical concept; matrix-specific wording or scoring does not create a new concept.
REL-DE12-093,,DE12:C93,MC0448,MC0448,provisional_distinct,high,,,,,,,No existing canonical concept is equivalent enough in anatomical scope and state proposition to merge safely in this first pass.
REL-DE12-094,,DE12:C94,MC0449,MC0449,provisional_distinct,high,,,,,,,No existing canonical concept is equivalent enough in anatomical scope and state proposition to merge safely in this first pass.
REL-DE12-095,WIL02_REF:C175,DE12:C95,MC0175,MC0175,equivalent,high,,"Wilson, 2002.",,,,,The anatomical proposition is equivalent to an existing canonical concept; matrix-specific wording or scoring does not create a new concept.
REL-DE12-096,,DE12:C96,MC0450,MC0450,provisional_distinct,moderate,,"Modified from Wilson, 2002.",,MC0294,,,Extent of metacarpal distal articular facets is related to the presence/absence concept MC0294 but measures a different condition.
REL-DE12-097,WIL02_REF:C188,DE12:C97,MC0188,MC0188,states_modified,high,,"Modified from Salgado et al., 1997.",,,,,"Same preacetabular-process semicircular expansion concept, with a more explicit tapering-versus-semicircular formulation."
REL-DE12-098,WIL02_REF:C187,DE12:C98,MC0187,MC0187,states_modified,high,,"Wilson, 2002.",,,,,"Same preacetabular-process orientation concept, with DE12 using anterior versus >=45-degree lateral flare."
REL-DE12-099,,DE12:C99,MC0451,MC0451,provisional_distinct,high,,,,MC0297,,,No existing canonical concept is equivalent enough in anatomical scope and state proposition to merge safely in this first pass.
REL-DE12-100,,DE12:C100,MC0452,MC0452,provisional_distinct,high,,,,MC0411,,,No existing canonical concept is equivalent enough in anatomical scope and state proposition to merge safely in this first pass.
REL-DE12-101,WIL02_REF:C191,DE12:C101,MC0191,MC0191,source_derived_same_concept,high,,"Modified from Salgado et al., 1997; Wilson, 2002.",,,,,Mathematically the same puboischial-contact proportion as Wilson C191: pubis/contact ratios of about 3 versus about 2 correspond to contact lengths of approximately one-third versus one-half pubic length.
REL-DE12-102,WIL02_REF:C192,DE12:C102,MC0192,MC0192,states_reversed,high,,"Modified from Wilson, 2002.",,,,,"Same ischium-versus-pubis length relationship, but state polarity is reversed."
REL-DE12-103,WIL02_REF:C193,DE12:C103,MC0193,MC0193,equivalent,high,,"Wilson, 2002.",,,,,The anatomical proposition is equivalent to an existing canonical concept; matrix-specific wording or scoring does not create a new concept.
REL-DE12-104,,DE12:C104,MC0453,MC0453,provisional_distinct,high,,,,MC0394,,,No existing canonical concept is equivalent enough in anatomical scope and state proposition to merge safely in this first pass.
REL-DE12-105,,DE12:C105,MC0454,MC0454,provisional_distinct,high,,"Modified from Wilson, 2002.",,,,,No existing canonical concept is equivalent enough in anatomical scope and state proposition to merge safely in this first pass.
REL-DE12-106,,DE12:C106,MC0455,MC0455,provisional_distinct,high,,,,MC0393,,,No existing canonical concept is equivalent enough in anatomical scope and state proposition to merge safely in this first pass.
REL-DE12-107,WIL02_REF:C199,DE12:C107,MC0199,MC0199,equivalent,high,,"Wilson, 2002.",,,,,The anatomical proposition is equivalent to an existing canonical concept; matrix-specific wording or scoring does not create a new concept.
REL-DE12-108,,DE12:C108,MC0456,MC0456,provisional_distinct,high,,"Otero, 2010.",,,,,No existing canonical concept is equivalent enough in anatomical scope and state proposition to merge safely in this first pass.
REL-DE12-109,WIL02_REF:C196,DE12:C109,MC0196,MC0196,states_modified,high,,"Modified from Whitlock, 2011.",,,,,"Same fourth-trochanter development/reduction concept, with DE12 describing prominent versus low/absent ridge morphology."
REL-DE12-110,WIL02_REF:C201,DE12:C110,MC0201,MC0201,equivalent,high,,"Wilson, 2002.",,,,,The anatomical proposition is equivalent to an existing canonical concept; matrix-specific wording or scoring does not create a new concept.
REL-DE12-111,,DE12:C111,MC0457,MC0457,provisional_distinct,moderate,,"Modified from Royo-Torres, 2009; Wilson & Upchurch, 2009.",,MC0207,,,No existing canonical concept is equivalent enough in anatomical scope and state proposition to merge safely in this first pass.
REL-DE12-112,,DE12:C112,MC0458,MC0458,provisional_distinct,moderate,,,,MC0207,,,The proximomedial triangular fibular scar is related anatomically to MC0207 but is not equivalent to the broad proximal tibial-scar development character.
REL-DE12-113,,DE12:C113,MC0459,MC0459,provisional_distinct,high,,"Royo-Torres, 2009.",,,,,No existing canonical concept is equivalent enough in anatomical scope and state proposition to merge safely in this first pass.
REL-DE12-114,,DE12:C114,MC0460,MC0460,provisional_distinct,moderate,,"Modified from Wilson, 2002.",,MC0245,,,"Abrupt distal fibular expansion with a medial lip is distinct from MC0245, which codes the geometric shape of the distal end."
REL-DE12-115,,DE12:C115,MC0461,MC0461,provisional_distinct,high,,,,MC0210; MC0214,,,No existing canonical concept is equivalent enough in anatomical scope and state proposition to merge safely in this first pass.
REL-DE12-116,,DE12:C116,MC0462,MC0462,provisional_distinct,high,,,,MC0212; MC0213,,,No existing canonical concept is equivalent enough in anatomical scope and state proposition to merge safely in this first pass.
REL-DE12-117,,DE12:C117,MC0463,MC0463,provisional_distinct,high,,,,,,,No existing canonical concept is equivalent enough in anatomical scope and state proposition to merge safely in this first pass.
REL-DE12-118,,DE12:C118,MC0464,MC0464,provisional_distinct,high,,,,MC0219,,,No existing canonical concept is equivalent enough in anatomical scope and state proposition to merge safely in this first pass.
REL-DE12-119,WIL02_REF:C234,DE12:C119,MC0234,MC0234,equivalent,high,,"Wilson, 2002.",,,,,The anatomical proposition is equivalent to an existing canonical concept; matrix-specific wording or scoring does not create a new concept.
REL-M19-001,,M19:C1,MC0465,MC0465,inherited_block_provisional_distinct,moderate,C1-C423 inherited from González Riga et al. (2018),"Wilson, 2002; Mannion et al., 2013",,,MC0002,0.4921,"No existing canonical concept was merged in this conservative first pass. The highest lexical candidate is retained for review, but the character keeps a separate canonical ID until stronger lineage evidence supports equivalence."
REL-M19-002,WIL02_REF:C9,M19:C2,MC0009,MC0009,states_or_scope_modified,moderate,C1-C423 inherited from González Riga et al. (2018),"McIntosh, 1990; Upchurch, 1995; Upchurch et al., 2004; Mannion et al., 2013",,,MC0009,0.2854,"Existing canonical concept reused after definition-level comparison. M19-specific thresholds, state polarity, serial scope, or wording are preserved in the occurrence record."
REL-M19-003,WIL02_REF:C21,M19:C3,MC0021,MC0021,states_or_scope_modified,moderate,C1-C423 inherited from González Riga et al. (2018),"Wilson, 2002; Mannion et al., 2013",,,MC0021,0.6681,"Existing canonical concept reused after definition-level comparison. M19-specific thresholds, state polarity, serial scope, or wording are preserved in the occurrence record."
REL-M19-004,WIL02_REF:C24,M19:C4,MC0024,MC0024,equivalent,high,C1-C423 inherited from González Riga et al. (2018),"Wilson, 2002; Mannion et al., 2013",,,MC0024,0.8534,"Existing canonical concept reused after definition-level comparison. M19-specific thresholds, state polarity, serial scope, or wording are preserved in the occurrence record."
REL-M19-005,WIL02_REF:C32,M19:C5,MC0032,MC0032,states_or_scope_modified,moderate,C1-C423 inherited from González Riga et al. (2018),"Upchurch, 1998; Wilson & Sereno, 1998; Mannion et al., 2013",,,MC0032,0.4699,"Existing canonical concept reused after definition-level comparison. M19-specific thresholds, state polarity, serial scope, or wording are preserved in the occurrence record."
REL-M19-006,WIL02_REF:C43,M19:C6,MC0043,MC0043,states_or_scope_modified,moderate,C1-C423 inherited from González Riga et al. (2018),"Wilson, 2002; Mannion et al., 2013",,,MC0043,0.505,"Existing canonical concept reused after definition-level comparison. M19-specific thresholds, state polarity, serial scope, or wording are preserved in the occurrence record."
REL-M19-007,,M19:C7,MC0466,MC0466,inherited_block_provisional_distinct,moderate,C1-C423 inherited from González Riga et al. (2018),"Mannion, 2011; Mannion et al., 2013",,,MC0049,0.3543,"No existing canonical concept was merged in this conservative first pass. The highest lexical candidate is retained for review, but the character keeps a separate canonical ID until stronger lineage evidence supports equivalence."
REL-M19-008,WIL02_REF:C49,M19:C8,MC0049,MC0049,states_or_scope_modified,moderate,C1-C423 inherited from González Riga et al. (2018),"Wilson, 2002; Mannion, 2011; Mannion et al., 2013",,,MC0049,0.2756,"Existing canonical concept reused after definition-level comparison. M19-specific thresholds, state polarity, serial scope, or wording are preserved in the occurrence record."
REL-M19-009,WIL02_REF:C46,M19:C9,MC0046,MC0046,states_or_scope_modified,moderate,C1-C423 inherited from González Riga et al. (2018),"Wilson, 2002; Upchurch et al., 2004; Mannion et al., 2013; length is measured up to the base of the basal tubera",,,MC0046,0.4003,"Existing canonical concept reused after definition-level comparison. M19-specific thresholds, state polarity, serial scope, or wording are preserved in the occurrence record."
REL-M19-010,WIL02_REF:C59,M19:C10,MC0059,MC0059,states_or_scope_modified,moderate,C1-C423 inherited from González Riga et al. (2018),"Wilson & Sereno, 1998; Upchurch et al., 2004; Mannion et al., 2013",,,MC0352,0.3288,"Existing canonical concept reused after definition-level comparison. M19-specific thresholds, state polarity, serial scope, or wording are preserved in the occurrence record."
REL-M19-011,C12:C97,M19:C11,MC0332,MC0332,states_or_scope_modified,moderate,C1-C423 inherited from González Riga et al. (2018),"Upchurch, 1998; Upchurch et al., 2004; Mannion et al., 2013",,,MC0332,0.3024,"Existing canonical concept reused after definition-level comparison. M19-specific thresholds, state polarity, serial scope, or wording are preserved in the occurrence record."
REL-M19-012,,M19:C12,MC0467,MC0467,inherited_block_provisional_distinct,moderate,C1-C423 inherited from González Riga et al. (2018),"Mannion et al., 2013",,,MC0073,0.5817,"No existing canonical concept was merged in this conservative first pass. The highest lexical candidate is retained for review, but the character keeps a separate canonical ID until stronger lineage evidence supports equivalence."
REL-M19-013,WIL02_REF:C73,M19:C13,MC0073,MC0073,states_or_scope_modified,moderate,C1-C423 inherited from González Riga et al. (2018),"Wilson & Sereno, 1998; Mannion et al., 2013",,,MC0073,0.7172,"Existing canonical concept reused after definition-level comparison. M19-specific thresholds, state polarity, serial scope, or wording are preserved in the occurrence record."
REL-M19-014,WIL02_REF:C80,M19:C14,MC0080,MC0080,states_or_scope_modified,moderate,C1-C423 inherited from González Riga et al. (2018),"Upchurch, 1995, 1998; Wilson & Sereno, 1998; Mannion et al., 2013",,,MC0080,0.6451,"Existing canonical concept reused after definition-level comparison. M19-specific thresholds, state polarity, serial scope, or wording are preserved in the occurrence record."
REL-M19-015,WIL02_REF:C86,M19:C15,MC0086,MC0086,states_or_scope_modified,moderate,C1-C423 inherited from González Riga et al. (2018),"Upchurch, 1995, 1998; Upchurch et al., 2004; Chure et al., 2010",,,MC0084,0.1675,"Existing canonical concept reused after definition-level comparison. M19-specific thresholds, state polarity, serial scope, or wording are preserved in the occurrence record."
REL-M19-016,WIL02_REF:C84,M19:C16,MC0084,MC0084,states_or_scope_modified,moderate,C1-C423 inherited from González Riga et al. (2018),"Upchurch, 1998; Upchurch et al., 2004; Mannion et al., 2013",,,MC0084,0.4391,"Existing canonical concept reused after definition-level comparison. M19-specific thresholds, state polarity, serial scope, or wording are preserved in the occurrence record."
REL-M19-017,,M19:C17,MC0468,MC0468,inherited_block_provisional_distinct,moderate,C1-C423 inherited from González Riga et al. (2018),"Curry Rogers, 2005; Mannion et al., 2013",,,MC0084,0.3306,"No existing canonical concept was merged in this conservative first pass. The highest lexical candidate is retained for review, but the character keeps a separate canonical ID until stronger lineage evidence supports equivalence."
REL-M19-018,,M19:C18,MC0469,MC0469,inherited_block_provisional_distinct,moderate,C1-C423 inherited from González Riga et al. (2018),"Bonaparte et al., 2006; Mannion et al., 2013",,,MC0428,0.3146,"No existing canonical concept was merged in this conservative first pass. The highest lexical candidate is retained for review, but the character keeps a separate canonical ID until stronger lineage evidence supports equivalence."
REL-M19-019,DE12:C30,M19:C19,MC0426,MC0426,states_or_scope_modified,moderate,C1-C423 inherited from González Riga et al. (2018),"D’Emic, 2012; Mannion et al., 2013",,,MC0426,0.4003,"Existing canonical concept reused after definition-level comparison. M19-specific thresholds, state polarity, serial scope, or wording are preserved in the occurrence record."
REL-M19-020,WIL02_REF:C91,M19:C20,MC0091,MC0091,states_or_scope_modified,moderate,C1-C423 inherited from González Riga et al. (2018),"McIntosh, 1990; Upchurch, 1998; Wilson & Sereno, 1998; Upchurch et al., 2004",,,MC0091,0.6999,"Existing canonical concept reused after definition-level comparison. M19-specific thresholds, state polarity, serial scope, or wording are preserved in the occurrence record."
REL-M19-021,,M19:C21,MC0470,MC0470,inherited_block_provisional_distinct,moderate,C1-C423 inherited from González Riga et al. (2018),"Mannion et al., 2013",,,MC0094,0.3232,"No existing canonical concept was merged in this conservative first pass. The highest lexical candidate is retained for review, but the character keeps a separate canonical ID until stronger lineage evidence supports equivalence."
REL-M19-022,,M19:C22,MC0358,MC0471,inherited_block_provisional_distinct,moderate,C1-C423 inherited from González Riga et al. (2018),"Upchurch, 1998; Upchurch et al., 2004; Mannion et al., 2013",,,MC0137,0.2445,"No existing canonical concept was merged in this conservative first pass. The highest lexical candidate is retained for review, but the character keeps a separate canonical ID until stronger lineage evidence supports equivalence."
REL-M19-023,,M19:C23,MC0472,MC0472,inherited_block_provisional_distinct,moderate,C1-C423 inherited from González Riga et al. (2018),"McIntosh, 1990; Upchurch, 1995, 1998; Mannion et al., 2013",,,MC0426,0.3574,"No existing canonical concept was merged in this conservative first pass. The highest lexical candidate is retained for review, but the character keeps a separate canonical ID until stronger lineage evidence supports equivalence."
REL-M19-024,WIL02_REF:C108,M19:C24,MC0108,MC0108,states_or_scope_modified,high,C1-C423 inherited from González Riga et al. (2018),"McIntosh, 1990; Upchurch, 1995, 1998; Wilson & Sereno, 1998",,,MC0108,0.9667,"Existing canonical concept reused after definition-level comparison. M19-specific thresholds, state polarity, serial scope, or wording are preserved in the occurrence record."
REL-M19-025,,M19:C25,MC0365,MC0473,inherited_block_provisional_distinct,moderate,C1-C423 inherited from González Riga et al. (2018),"Upchurch et al., 2004; Mannion et al., 2013",,,MC0137,0.2351,"No existing canonical concept was merged in this conservative first pass. The highest lexical candidate is retained for review, but the character keeps a separate canonical ID until stronger lineage evidence supports equivalence."
REL-M19-026,,M19:C26,MC0366,MC0474,inherited_block_provisional_distinct,moderate,C1-C423 inherited from González Riga et al. (2018),"Gauthier, 1986; Upchurch, 1995, 1998; Upchurch et al., 2004; Mannion et al., 2013; revised here to only include the anteriormost caudal vertebrae",,,MC0137,0.1568,"No existing canonical concept was merged in this conservative first pass. The highest lexical candidate is retained for review, but the character keeps a separate canonical ID until stronger lineage evidence supports equivalence."
REL-M19-027,WIL02_REF:C118,M19:C27,MC0118,MC0118,probable_equivalent,moderate,C1-C423 inherited from González Riga et al. (2018),"McIntosh, 1990; Upchurch, 1995, 1998; Salgado et al., 1997; Wilson, 2002; Whitlock et al., 2011; Mannion et al., 2013; note that the highest value for a taxon is always used; revised here by adding an extra state to characterize taxa with extremely prominent posterior condyles",,,MC0087,0.2426,"Existing canonical concept reused after definition-level comparison. M19-specific thresholds, state polarity, serial scope, or wording are preserved in the occurrence record."
REL-M19-028,,M19:C28,MC0475,MC0475,inherited_block_provisional_distinct,moderate,C1-C423 inherited from González Riga et al. (2018),"Upchurch et al., 2004; Mannion et al., 2013",,,MC0137,0.2354,"No existing canonical concept was merged in this conservative first pass. The highest lexical candidate is retained for review, but the character keeps a separate canonical ID until stronger lineage evidence supports equivalence."
REL-M19-029,,M19:C29,MC0368,MC0476,inherited_block_provisional_distinct,moderate,C1-C423 inherited from González Riga et al. (2018),"Upchurch & Martin, 2003; Upchurch et al., 2004; Whitlock, 2011a; Mannion et al., 2013",,,MC0280,0.1853,"No existing canonical concept was merged in this conservative first pass. The highest lexical candidate is retained for review, but the character keeps a separate canonical ID until stronger lineage evidence supports equivalence."
REL-M19-030,,M19:C30,MC0477,MC0477,inherited_block_provisional_distinct,moderate,C1-C423 inherited from González Riga et al. (2018),"Upchurch et al., 2004; Mannion et al., 2013",,,MC0137,0.2329,"No existing canonical concept was merged in this conservative first pass. The highest lexical candidate is retained for review, but the character keeps a separate canonical ID until stronger lineage evidence supports equivalence."
REL-M19-031,,M19:C31,MC0478,MC0478,inherited_block_provisional_distinct,moderate,C1-C423 inherited from González Riga et al. (2018),"Upchurch & Martin, 2003; Upchurch et al., 2004; Whitlock, 2011a; Mannion et al., 2013",,,MC0135,0.1823,"No existing canonical concept was merged in this conservative first pass. The highest lexical candidate is retained for review, but the character keeps a separate canonical ID until stronger lineage evidence supports equivalence."
REL-M19-032,,M19:C32,MC0479,MC0479,inherited_block_provisional_distinct,moderate,C1-C423 inherited from González Riga et al. (2018),"McIntosh, 1990; Calvo & Salgado, 1995; Upchurch, 1995, 1998; Mannion et al., 2013",,,MC0426,0.3879,"No existing canonical concept was merged in this conservative first pass. The highest lexical candidate is retained for review, but the character keeps a separate canonical ID until stronger lineage evidence supports equivalence."
REL-M19-033,WIL02_REF:C126,M19:C33,MC0126,MC0126,states_or_scope_modified,moderate,C1-C423 inherited from González Riga et al. (2018),"Upchurch, 1998; Mannion et al., 2013; revised here so that mediolateral width is measured at the same point as anteroposterior length",,,MC0126,0.3097,"Existing canonical concept reused after definition-level comparison. M19-specific thresholds, state polarity, serial scope, or wording are preserved in the occurrence record."
REL-M19-034,,M19:C34,MC0480,MC0480,inherited_block_provisional_distinct,moderate,C1-C423 inherited from González Riga et al. (2018),"Canudo et al., 2008; Taylor, 2009; Mannion et al., 2013",,,MC0126,0.1943,"No existing canonical concept was merged in this conservative first pass. The highest lexical candidate is retained for review, but the character keeps a separate canonical ID until stronger lineage evidence supports equivalence."
REL-M19-035,WIL02_REF:C146,M19:C35,MC0146,MC0146,states_or_scope_modified,moderate,C1-C423 inherited from González Riga et al. (2018),"Curry Rogers & Forster, 2001; Wilson, 2002; Mannion et al., 2013; note that dorsoventral height of the haemal canal is measured from the proximal tip of the chevron down to the distal tip of the haemal canal, regardless of whether the chevron is dorsally bridged",,,MC0146,0.351,"Existing canonical concept reused after definition-level comparison. M19-specific thresholds, state polarity, serial scope, or wording are preserved in the occurrence record."
REL-M19-036,,M19:C36,MC0481,MC0481,inherited_block_provisional_distinct,moderate,C1-C423 inherited from González Riga et al. (2018),"Wilson & Sereno, 1998; Mannion et al., 2013; dorsoventral height is measured perpendicular to long-axis of scapular blade",,,MC0150,0.3667,"No existing canonical concept was merged in this conservative first pass. The highest lexical candidate is retained for review, but the character keeps a separate canonical ID until stronger lineage evidence supports equivalence."
REL-M19-037,,M19:C37,MC0482,MC0482,inherited_block_provisional_distinct,moderate,C1-C423 inherited from González Riga et al. (2018),"Wilson, 2002; Rose, 2007; Mannion et al., 2013",,,MC0137,0.1988,"No existing canonical concept was merged in this conservative first pass. The highest lexical candidate is retained for review, but the character keeps a separate canonical ID until stronger lineage evidence supports equivalence."
REL-M19-038,WIL02_REF:C155,M19:C38,MC0155,MC0155,states_or_scope_modified,moderate,C1-C423 inherited from González Riga et al. (2018),"Wilson, 2002; Mannion et al., 2013",,,MC0155,0.3488,"Existing canonical concept reused after definition-level comparison. M19-specific thresholds, state polarity, serial scope, or wording are preserved in the occurrence record."
REL-M19-039,C12:C222,M19:C39,MC0379,MC0379,states_or_scope_modified,moderate,C1-C423 inherited from González Riga et al. (2018),"McIntosh, 1990; Upchurch, 1998; Mannion et al., 2013",,,MC0379,0.3507,"Existing canonical concept reused after definition-level comparison. M19-specific thresholds, state polarity, serial scope, or wording are preserved in the occurrence record."
REL-M19-040,WIL02_REF:C172,M19:C40,MC0172,MC0172,states_or_scope_modified,moderate,C1-C423 inherited from González Riga et al. (2018),"Wilson, 2002; Upchurch et al., 2004; Tschopp et al., 2015a; Poropat et al., 2016; Mannion et al., 2017; an additional state has been added for taxa with ratios of 0.7 or less",,,MC0172,0.3427,"Existing canonical concept reused after definition-level comparison. M19-specific thresholds, state polarity, serial scope, or wording are preserved in the occurrence record."
REL-M19-041,,M19:C41,MC0290,MC0483,inherited_block_provisional_distinct,moderate,C1-C423 inherited from González Riga et al. (2018),"Mannion et al., 2013",,,MC0155,0.243,"No existing canonical concept was merged in this conservative first pass. The highest lexical candidate is retained for review, but the character keeps a separate canonical ID until stronger lineage evidence supports equivalence."
REL-M19-042,,M19:C42,MC0484,MC0484,inherited_block_provisional_distinct,moderate,C1-C423 inherited from González Riga et al. (2018),"Curry Rogers, 2005; Mannion et al., 2013",,,MC0155,0.2142,"No existing canonical concept was merged in this conservative first pass. The highest lexical candidate is retained for review, but the character keeps a separate canonical ID until stronger lineage evidence supports equivalence."
REL-M19-043,,M19:C43,MC0485,MC0485,inherited_block_provisional_distinct,moderate,C1-C423 inherited from González Riga et al. (2018),"Wilson, 2002; Mannion et al., 2012, 2013",,,MC0444,0.159,"No existing canonical concept was merged in this conservative first pass. The highest lexical candidate is retained for review, but the character keeps a separate canonical ID until stronger lineage evidence supports equivalence."
REL-M19-044,,M19:C44,MC0486,MC0486,inherited_block_provisional_distinct,moderate,C1-C423 inherited from González Riga et al. (2018),"Yates & Kitching, 2003; Mannion et al., 2013",,,MC0155,0.2441,"No existing canonical concept was merged in this conservative first pass. The highest lexical candidate is retained for review, but the character keeps a separate canonical ID until stronger lineage evidence supports equivalence."
REL-M19-045,C12:C239,M19:C45,MC0386,MC0386,probable_equivalent,moderate,C1-C423 inherited from González Riga et al. (2018),"McIntosh, 1990; Upchurch, 1995, 1998; Upchurch et al., 2004",,,MC0386,0.4927,"Existing canonical concept reused after definition-level comparison. M19-specific thresholds, state polarity, serial scope, or wording are preserved in the occurrence record."
REL-M19-046,,M19:C46,MC0487,MC0487,inherited_block_provisional_distinct,moderate,C1-C423 inherited from González Riga et al. (2018),"Curry Rogers, 2005; Mannion et al., 2013; note that in taxa with a twisted radius, the dimension of the long axis of the distal end is used",,,MC0395,0.2875,"No existing canonical concept was merged in this conservative first pass. The highest lexical candidate is retained for review, but the character keeps a separate canonical ID until stronger lineage evidence supports equivalence."
REL-M19-047,,M19:C47,MC0488,MC0488,inherited_block_provisional_distinct,moderate,C1-C423 inherited from González Riga et al. (2018),"Wilson, 2002; Rose, 2007; Mannion et al., 2013; note that in taxa with a twisted radius, the di- mension of the long axis of the distal end is used",,,MC0395,0.3381,"No existing canonical concept was merged in this conservative first pass. The highest lexical candidate is retained for review, but the character keeps a separate canonical ID until stronger lineage evidence supports equivalence."
REL-M19-048,,M19:C48,MC0489,MC0489,inherited_block_provisional_distinct,moderate,C1-C423 inherited from González Riga et al. (2018),"Wilson & Sereno, 1998; Mannion et al., 2013",,,MC0395,0.2223,"No existing canonical concept was merged in this conservative first pass. The highest lexical candidate is retained for review, but the character keeps a separate canonical ID until stronger lineage evidence supports equivalence."
REL-M19-049,,M19:C49,MC0171,MC0490,inherited_block_provisional_distinct,moderate,C1-C423 inherited from González Riga et al. (2018),"Curry Rogers & Forster, 2001; Wilson, 2002; Mannion et al., 2013; note that in most taxa only the lateral half of the distal end is bevelled, but this is used as the measure- ment in those instances",,,MC0171,0.64,"No existing canonical concept was merged in this conservative first pass. The highest lexical candidate is retained for review, but the character keeps a separate canonical ID until stronger lineage evidence supports equivalence."
REL-M19-050,WIL02_REF:C168,M19:C50,MC0168,MC0168,states_or_scope_modified,moderate,C1-C423 inherited from González Riga et al. (2018),"Wilson, 2002; Curry Rogers, 2005; Mannion et al., 2013",,,MC0168,0.4819,"Existing canonical concept reused after definition-level comparison. M19-specific thresholds, state polarity, serial scope, or wording are preserved in the occurrence record."
REL-M19-051,,M19:C51,MC0491,MC0491,inherited_block_provisional_distinct,moderate,C1-C423 inherited from González Riga et al. (2018),"Wilson, 2002; Mannion et al., 2013; Upchurch et al., 2015; the long-axes of the anteromedial and anterolateral processes are extrapolated posteriorly so that they intersect close to the position of the olec- ranon, and each process length is then measured from this intersection to the tip of each process",,,MC0395,0.1829,"No existing canonical concept was merged in this conservative first pass. The highest lexical candidate is retained for review, but the character keeps a separate canonical ID until stronger lineage evidence supports equivalence."
REL-M19-052,,M19:C52,MC0177,MC0492,inherited_block_provisional_distinct,moderate,C1-C423 inherited from González Riga et al. (2018),"McIntosh, 1990; Calvo & Salgado, 1995; Upchurch, 1998; Wilson & Sereno, 1998; Upchurch et al., 2004",,,MC0177,0.4999,"No existing canonical concept was merged in this conservative first pass. The highest lexical candidate is retained for review, but the character keeps a separate canonical ID until stronger lineage evidence supports equivalence."
REL-M19-053,,M19:C53,MC0493,MC0493,inherited_block_provisional_distinct,moderate,C1-C423 inherited from González Riga et al. (2018),"Apesteguía, 2005a; Mannion & Calvo, 2011; Mannion et al., 2013; note that the metacarpal is measured with the flat surface of the ‘D’ shape facing laterally, such that the long axis is dorso- ventrally aligned",,,MC0449,0.4034,"No existing canonical concept was merged in this conservative first pass. The highest lexical candidate is retained for review, but the character keeps a separate canonical ID until stronger lineage evidence supports equivalence."
REL-M19-054,C12:C249,M19:C54,MC0388,MC0388,probable_equivalent,moderate,C1-C423 inherited from González Riga et al. (2018),"Upchurch, 1998; note that an average is taken when both metacarpals II and III are preserved",,,MC0388,0.4596,"Existing canonical concept reused after definition-level comparison. M19-specific thresholds, state polarity, serial scope, or wording are preserved in the occurrence record."
REL-M19-055,,M19:C55,MC0178,MC0494,inherited_block_provisional_distinct,moderate,C1-C423 inherited from González Riga et al. (2018),"Wilson & Sereno, 1998",,,MC0178,0.5161,"No existing canonical concept was merged in this conservative first pass. The highest lexical candidate is retained for review, but the character keeps a separate canonical ID until stronger lineage evidence supports equivalence."
REL-M19-056,,M19:C56,MC0390,MC0495,inherited_block_provisional_distinct,moderate,C1-C423 inherited from González Riga et al. (2018),,,,MC0390,0.3324,"No existing canonical concept was merged in this conservative first pass. The highest lexical candidate is retained for review, but the character keeps a separate canonical ID until stronger lineage evidence supports equivalence."
REL-M19-057,,M19:C57,MC0452,MC0496,inherited_block_provisional_distinct,moderate,C1-C423 inherited from González Riga et al. (2018),"Taylor, 2009; Mannion et al., 2013",,,MC0411,0.2946,"No existing canonical concept was merged in this conservative first pass. The highest lexical candidate is retained for review, but the character keeps a separate canonical ID until stronger lineage evidence supports equivalence."
REL-M19-058,,M19:C58,MC0497,MC0497,inherited_block_provisional_distinct,moderate,C1-C423 inherited from González Riga et al. (2018),"Mannion & Calvo, 2011; Mannion et al., 2013",,,MC0395,0.1931,"No existing canonical concept was merged in this conservative first pass. The highest lexical candidate is retained for review, but the character keeps a separate canonical ID until stronger lineage evidence supports equivalence."
REL-M19-059,,M19:C59,MC0498,MC0498,inherited_block_provisional_distinct,moderate,C1-C423 inherited from González Riga et al. (2018),"Salgado et al., 1997; Wilson & Sereno, 1998; Upchurch et al., 2004; Mannion et al., 2013",,,MC0295,0.23,"No existing canonical concept was merged in this conservative first pass. The highest lexical candidate is retained for review, but the character keeps a separate canonical ID until stronger lineage evidence supports equivalence."
REL-M19-060,,M19:C60,MC0242,MC0499,inherited_block_provisional_distinct,moderate,C1-C423 inherited from González Riga et al. (2018),"Calvo & Salgado, 1995; Salgado et al., 1997; Upchurch, 1998; Mannion et al., 2013",,,MC0242,0.5328,"No existing canonical concept was merged in this conservative first pass. The highest lexical candidate is retained for review, but the character keeps a separate canonical ID until stronger lineage evidence supports equivalence."
REL-M19-061,,M19:C61,MC0500,MC0500,inherited_block_provisional_distinct,moderate,C1-C423 inherited from González Riga et al. (2018),"Mannion et al., 2013",,,MC0155,0.2337,"No existing canonical concept was merged in this conservative first pass. The highest lexical candidate is retained for review, but the character keeps a separate canonical ID until stronger lineage evidence supports equivalence."
REL-M19-062,DE12:C105,M19:C62,MC0454,MC0454,probable_equivalent,moderate,C1-C423 inherited from González Riga et al. (2018),"Wilson, 2002; D’Emic, 2012; Mannion et al., 2013",,,MC0454,0.4684,"Existing canonical concept reused after definition-level comparison. M19-specific thresholds, state polarity, serial scope, or wording are preserved in the occurrence record."
REL-M19-063,,M19:C63,MC0501,MC0501,inherited_block_provisional_distinct,moderate,C1-C423 inherited from González Riga et al. (2018),"Jacobs et al., 1993; Upchurch, 1998; Upchurch et al., 2004; Mannion et al., 2013",,,MC0254,0.2101,"No existing canonical concept was merged in this conservative first pass. The highest lexical candidate is retained for review, but the character keeps a separate canonical ID until stronger lineage evidence supports equivalence."
REL-M19-064,,M19:C64,MC0502,MC0502,inherited_block_provisional_distinct,moderate,C1-C423 inherited from González Riga et al. (2018),"Berman & McIntosh, 1978; McIntosh, 1990; Upchurch, 1995, 1998; Mannion et al., 2013",,,MC0221,0.2501,"No existing canonical concept was merged in this conservative first pass. The highest lexical candidate is retained for review, but the character keeps a separate canonical ID until stronger lineage evidence supports equivalence."
REL-M19-065,,M19:C65,MC0503,MC0503,inherited_block_provisional_distinct,moderate,C1-C423 inherited from González Riga et al. (2018),"Wilson, 2002; Mannion et al., 2013",,,MC0395,0.179,"No existing canonical concept was merged in this conservative first pass. The highest lexical candidate is retained for review, but the character keeps a separate canonical ID until stronger lineage evidence supports equivalence."
REL-M19-066,,M19:C66,MC0504,MC0504,inherited_block_provisional_distinct,moderate,C1-C423 inherited from González Riga et al. (2018),"Upchurch et al., 2004; Mannion et al., 2013",,,MC0200,0.3716,"No existing canonical concept was merged in this conservative first pass. The highest lexical candidate is retained for review, but the character keeps a separate canonical ID until stronger lineage evidence supports equivalence."
REL-M19-067,,M19:C67,MC0505,MC0505,inherited_block_provisional_distinct,moderate,C1-C423 inherited from González Riga et al. (2018),"Wilson, 2002; Mannion et al., 2013",,,MC0162,0.23,"No existing canonical concept was merged in this conservative first pass. The highest lexical candidate is retained for review, but the character keeps a separate canonical ID until stronger lineage evidence supports equivalence."
REL-M19-068,,M19:C68,MC0506,MC0506,inherited_block_provisional_distinct,moderate,C1-C423 inherited from González Riga et al. (2018),"Salgado et al., 1997; Upchurch et al., 2004; Mannion et al., 2013",,,MC0299,0.2281,"No existing canonical concept was merged in this conservative first pass. The highest lexical candidate is retained for review, but the character keeps a separate canonical ID until stronger lineage evidence supports equivalence."
REL-M19-069,,M19:C69,MC0507,MC0507,inherited_block_provisional_distinct,moderate,C1-C423 inherited from González Riga et al. (2018),"Wilson, 2002; Mannion et al., 2013",,,MC0395,0.3412,"No existing canonical concept was merged in this conservative first pass. The highest lexical candidate is retained for review, but the character keeps a separate canonical ID until stronger lineage evidence supports equivalence."
REL-M19-070,,M19:C70,MC0214,MC0508,inherited_block_provisional_distinct,moderate,C1-C423 inherited from González Riga et al. (2018),"Wilson, 2002; Mannion et al., 2013",,,MC0214,0.3163,"No existing canonical concept was merged in this conservative first pass. The highest lexical candidate is retained for review, but the character keeps a separate canonical ID until stronger lineage evidence supports equivalence."
REL-M19-071,,M19:C71,MC0509,MC0509,inherited_block_provisional_distinct,moderate,C1-C423 inherited from González Riga et al. (2018),"D’Emic, 2012; Mannion et al., 2013",,,MC0212,0.2621,"No existing canonical concept was merged in this conservative first pass. The highest lexical candidate is retained for review, but the character keeps a separate canonical ID until stronger lineage evidence supports equivalence."
REL-M19-072,GA11:C76,M19:C72,MC0300,MC0300,states_or_scope_modified,moderate,C1-C423 inherited from González Riga et al. (2018),"Mannion et al., 2013",,,MC0300,0.4925,"Existing canonical concept reused after definition-level comparison. M19-specific thresholds, state polarity, serial scope, or wording are preserved in the occurrence record."
REL-M19-073,WIL02_REF:C223,M19:C73,MC0223,MC0223,states_or_scope_modified,moderate,C1-C423 inherited from González Riga et al. (2018),"Wilson & Sereno, 1998; Upchurch et al., 2004; Mannion et al., 2013",,,MC0223,0.4338,"Existing canonical concept reused after definition-level comparison. M19-specific thresholds, state polarity, serial scope, or wording are preserved in the occurrence record."
REL-M19-074,,M19:C74,MC0510,MC0510,inherited_block_provisional_distinct,moderate,C1-C423 inherited from González Riga et al. (2018),"Mannion et al., 2013",,,MC0221,0.328,"No existing canonical concept was merged in this conservative first pass. The highest lexical candidate is retained for review, but the character keeps a separate canonical ID until stronger lineage evidence supports equivalence."
REL-M19-075,WIL02_REF:C1,M19:C75,MC0001,MC0001,equivalent,high,C1-C423 inherited from González Riga et al. (2018),"Upchurch, 1998; Wilson & Sereno, 1998",,,MC0001,0.8391,"Existing canonical concept reused after definition-level comparison. M19-specific thresholds, state polarity, serial scope, or wording are preserved in the occurrence record."
REL-M19-076,WIL02_REF:C2,M19:C76,MC0002,MC0002,states_reversed,high,C1-C423 inherited from González Riga et al. (2018),"Upchurch, 1995, 1998; Wilson & Sereno, 1998; Mannion et al., 2013",,,MC0002,0.7274,"Existing canonical concept reused after definition-level comparison. M19-specific thresholds, state polarity, serial scope, or wording are preserved in the occurrence record."
REL-M19-077,DE12:C2,M19:C77,MC0414,MC0414,states_or_scope_modified,moderate,C1-C423 inherited from González Riga et al. (2018),"Chure et al., 2010",,,MC0414,0.4153,"Existing canonical concept reused after definition-level comparison. M19-specific thresholds, state polarity, serial scope, or wording are preserved in the occurrence record."
REL-M19-078,C12:C6,M19:C78,MC0303,MC0303,states_or_scope_modified,moderate,C1-C423 inherited from González Riga et al. (2018),"Upchurch, 1998",,,MC0303,0.4358,"Existing canonical concept reused after definition-level comparison. M19-specific thresholds, state polarity, serial scope, or wording are preserved in the occurrence record."
REL-M19-079,WIL02_REF:C4,M19:C79,MC0004,MC0004,equivalent,high,C1-C423 inherited from González Riga et al. (2018),"Berman & McIntosh, 1978; Upchurch, 1995, 1998; Wilson & Sereno, 1998",,,MC0004,0.7456,"Existing canonical concept reused after definition-level comparison. M19-specific thresholds, state polarity, serial scope, or wording are preserved in the occurrence record."
REL-M19-080,WIL02_REF:C11,M19:C80,MC0011,MC0011,states_reversed,high,C1-C423 inherited from González Riga et al. (2018),"Wilson, 2002; polarity reversed here",,,MC0011,0.8923,"Existing canonical concept reused after definition-level comparison. M19-specific thresholds, state polarity, serial scope, or wording are preserved in the occurrence record."
REL-M19-081,,M19:C81,MC0511,MC0511,inherited_block_provisional_distinct,moderate,C1-C423 inherited from González Riga et al. (2018),"Curry Rogers, 2005; Mannion et al., 2013",,,MC0309,0.3323,"No existing canonical concept was merged in this conservative first pass. The highest lexical candidate is retained for review, but the character keeps a separate canonical ID until stronger lineage evidence supports equivalence."
REL-M19-082,,M19:C82,MC0512,MC0512,inherited_block_provisional_distinct,moderate,C1-C423 inherited from González Riga et al. (2018),"Berman & McIntosh, 1978; Upchurch, 1998; Mannion et al., 2013",,,MC0159,0.2158,"No existing canonical concept was merged in this conservative first pass. The highest lexical candidate is retained for review, but the character keeps a separate canonical ID until stronger lineage evidence supports equivalence."
REL-M19-083,,M19:C83,MC0513,MC0513,inherited_block_provisional_distinct,moderate,C1-C423 inherited from González Riga et al. (2018),"Curry Rogers, 2005",,,MC0279,0.1591,"No existing canonical concept was merged in this conservative first pass. The highest lexical candidate is retained for review, but the character keeps a separate canonical ID until stronger lineage evidence supports equivalence."
REL-M19-084,,M19:C84,MC0514,MC0514,inherited_block_provisional_distinct,moderate,C1-C423 inherited from González Riga et al. (2018),"Tschopp & Mateus, 2013",,,MC0025,0.3622,"No existing canonical concept was merged in this conservative first pass. The highest lexical candidate is retained for review, but the character keeps a separate canonical ID until stronger lineage evidence supports equivalence."
REL-M19-085,WIL02_REF:C22,M19:C85,MC0022,MC0022,equivalent,high,C1-C423 inherited from González Riga et al. (2018),"Wilson, 2002",,,MC0022,0.7279,"Existing canonical concept reused after definition-level comparison. M19-specific thresholds, state polarity, serial scope, or wording are preserved in the occurrence record."
REL-M19-086,WIL02_REF:C29,M19:C86,MC0029,MC0029,states_reversed,high,C1-C423 inherited from González Riga et al. (2018),"Wilson & Sereno, 1998; Mannion et al., 2013",,,MC0029,0.7889,"Existing canonical concept reused after definition-level comparison. M19-specific thresholds, state polarity, serial scope, or wording are preserved in the occurrence record."
REL-M19-087,,M19:C87,MC0016,MC0515,inherited_block_provisional_distinct,moderate,C1-C423 inherited from González Riga et al. (2018),"Wilson & Sereno, 1998; Upchurch et al., 2004",,,MC0016,0.3529,"No existing canonical concept was merged in this conservative first pass. The highest lexical candidate is retained for review, but the character keeps a separate canonical ID until stronger lineage evidence supports equivalence."
REL-M19-088,,M19:C88,MC0030,MC0516,inherited_block_provisional_distinct,moderate,C1-C423 inherited from González Riga et al. (2018),"Upchurch, 1995, 1998; Ksepka & Norell, 2010; Mannion et al., 2013",,,MC0030,0.6027,"No existing canonical concept was merged in this conservative first pass. The highest lexical candidate is retained for review, but the character keeps a separate canonical ID until stronger lineage evidence supports equivalence."
REL-M19-089,WIL02_REF:C31,M19:C89,MC0031,MC0031,equivalent,high,C1-C423 inherited from González Riga et al. (2018),"Gauthier, 1986; Upchurch, 1995, 1998; Wilson & Sereno, 1998",,,MC0031,1.0,"Existing canonical concept reused after definition-level comparison. M19-specific thresholds, state polarity, serial scope, or wording are preserved in the occurrence record."
REL-M19-090,,M19:C90,MC0517,MC0517,inherited_block_provisional_distinct,moderate,C1-C423 inherited from González Riga et al. (2018),"D’Emic, 2012",,,MC0417,0.4075,"No existing canonical concept was merged in this conservative first pass. The highest lexical candidate is retained for review, but the character keeps a separate canonical ID until stronger lineage evidence supports equivalence."
REL-M19-091,,M19:C91,MC0518,MC0518,inherited_block_provisional_distinct,moderate,C1-C423 inherited from González Riga et al. (2018),"Wilson & Sereno, 1998; Upchurch et al., 2004",,,MC0033,0.2531,"No existing canonical concept was merged in this conservative first pass. The highest lexical candidate is retained for review, but the character keeps a separate canonical ID until stronger lineage evidence supports equivalence."
REL-M19-092,WIL02_REF:C35,M19:C92,MC0035,MC0035,equivalent,high,C1-C423 inherited from González Riga et al. (2018),"Wilson, 2002",,,MC0035,0.7241,"Existing canonical concept reused after definition-level comparison. M19-specific thresholds, state polarity, serial scope, or wording are preserved in the occurrence record."
REL-M19-093,,M19:C93,MC0519,MC0519,inherited_block_provisional_distinct,moderate,C1-C423 inherited from González Riga et al. (2018),"Madsen et al., 1995; Upchurch, 1998; Wilson & Sereno, 1998; Wilson, 2002; Mannion et al., 2013",,,MC0036,0.3623,"No existing canonical concept was merged in this conservative first pass. The highest lexical candidate is retained for review, but the character keeps a separate canonical ID until stronger lineage evidence supports equivalence."
REL-M19-094,,M19:C94,MC0520,MC0520,inherited_block_provisional_distinct,moderate,C1-C423 inherited from González Riga et al. (2018),"Wilson & Upchurch, 2009; Mannion et al., 2013",,,MC0291,0.2018,"No existing canonical concept was merged in this conservative first pass. The highest lexical candidate is retained for review, but the character keeps a separate canonical ID until stronger lineage evidence supports equivalence."
REL-M19-095,WIL02_REF:C42,M19:C95,MC0042,MC0042,equivalent,high,C1-C423 inherited from González Riga et al. (2018),"Wilson, 2002",,,MC0042,0.9941,"Existing canonical concept reused after definition-level comparison. M19-specific thresholds, state polarity, serial scope, or wording are preserved in the occurrence record."
REL-M19-096,WIL02_REF:C44,M19:C96,MC0044,MC0044,equivalent,high,C1-C423 inherited from González Riga et al. (2018),"Wilson, 2002",,,MC0044,0.7097,"Existing canonical concept reused after definition-level comparison. M19-specific thresholds, state polarity, serial scope, or wording are preserved in the occurrence record."
REL-M19-097,,M19:C97,MC0521,MC0521,inherited_block_provisional_distinct,moderate,C1-C423 inherited from González Riga et al. (2018),"Curry Rogers, 2005; Mannion, 2011; Mannion et al., 2013",,,MC0049,0.262,"No existing canonical concept was merged in this conservative first pass. The highest lexical candidate is retained for review, but the character keeps a separate canonical ID until stronger lineage evidence supports equivalence."
REL-M19-098,,M19:C98,MC0522,MC0522,inherited_block_provisional_distinct,moderate,C1-C423 inherited from González Riga et al. (2018),"Wilson, 2002; Mannion, 2011; Mannion et al., 2013; revised here to clarify character statement following Tschopp et al., 2015a",,,MC0050,0.4413,"No existing canonical concept was merged in this conservative first pass. The highest lexical candidate is retained for review, but the character keeps a separate canonical ID until stronger lineage evidence supports equivalence."
REL-M19-099,,M19:C99,MC0523,MC0523,inherited_block_provisional_distinct,moderate,C1-C423 inherited from González Riga et al. (2018),"Wilson, 2002; Mannion, 2011; Mannion et al., 2013",,,MC0050,0.3925,"No existing canonical concept was merged in this conservative first pass. The highest lexical candidate is retained for review, but the character keeps a separate canonical ID until stronger lineage evidence supports equivalence."
REL-M19-100,,M19:C100,MC0524,MC0524,inherited_block_provisional_distinct,moderate,C1-C423 inherited from González Riga et al. (2018),"Wilson, 2002, 2005b; modified based on Mannion, 2011",,,MC0050,0.1562,"No existing canonical concept was merged in this conservative first pass. The highest lexical candidate is retained for review, but the character keeps a separate canonical ID until stronger lineage evidence supports equivalence."
REL-M19-101,C12:C77,M19:C101,MC0325,MC0325,states_or_scope_modified,moderate,C1-C423 inherited from González Riga et al. (2018),"Upchurch et al., 2004",,,MC0325,0.4777,"Existing canonical concept reused after definition-level comparison. M19-specific thresholds, state polarity, serial scope, or wording are preserved in the occurrence record."
REL-M19-102,WIL02_REF:C58,M19:C102,MC0058,MC0058,equivalent,high,C1-C423 inherited from González Riga et al. (2018),"McIntosh, 1990; Upchurch, 1995",,,MC0058,0.8843,"Existing canonical concept reused after definition-level comparison. M19-specific thresholds, state polarity, serial scope, or wording are preserved in the occurrence record."
REL-M19-103,KN10:C235,M19:C103,MC0247,MC0247,equivalent,high,C1-C423 inherited from González Riga et al. (2018),"Chure et al., 2010",,,MC0247,0.8241,"Existing canonical concept reused after definition-level comparison. M19-specific thresholds, state polarity, serial scope, or wording are preserved in the occurrence record."
REL-M19-104,WIL02_REF:C66,M19:C104,MC0066,MC0066,states_or_scope_modified,moderate,C1-C423 inherited from González Riga et al. (2018),"Gauthier, 1986; Upchurch, 1998; Wilson, 2002; Chure et al., 2010; Mannion et al., 2013",,,MC0066,0.6581,"Existing canonical concept reused after definition-level comparison. M19-specific thresholds, state polarity, serial scope, or wording are preserved in the occurrence record."
REL-M19-105,WIL02_REF:C68,M19:C105,MC0068,MC0068,equivalent,high,C1-C423 inherited from González Riga et al. (2018),"Wilson & Sereno, 1998",,,MC0068,0.7625,"Existing canonical concept reused after definition-level comparison. M19-specific thresholds, state polarity, serial scope, or wording are preserved in the occurrence record."
REL-M19-106,WIL02_REF:C69,M19:C106,MC0069,MC0069,states_reversed,high,C1-C423 inherited from González Riga et al. (2018),"Wilson, 2002; Mannion et al., 2013",,,MC0069,0.9164,"Existing canonical concept reused after definition-level comparison. M19-specific thresholds, state polarity, serial scope, or wording are preserved in the occurrence record."
REL-M19-107,,M19:C107,MC0525,MC0525,inherited_block_provisional_distinct,moderate,C1-C423 inherited from González Riga et al. (2018),"Chure et al., 2010",,,MC0069,0.3272,"No existing canonical concept was merged in this conservative first pass. The highest lexical candidate is retained for review, but the character keeps a separate canonical ID until stronger lineage evidence supports equivalence."
REL-M19-108,,M19:C108,MC0264,MC0526,inherited_block_provisional_distinct,moderate,C1-C423 inherited from González Riga et al. (2018),"Calvo, 1994; Upchurch, 1998",,,MC0069,0.2097,"No existing canonical concept was merged in this conservative first pass. The highest lexical candidate is retained for review, but the character keeps a separate canonical ID until stronger lineage evidence supports equivalence."
REL-M19-109,WIL02_REF:C70,M19:C109,MC0070,MC0070,states_or_scope_modified,high,C1-C423 inherited from González Riga et al. (2018),"Wilson & Sereno, 1998; Mannion et al., 2013",,,MC0070,0.9063,"Existing canonical concept reused after definition-level comparison. M19-specific thresholds, state polarity, serial scope, or wording are preserved in the occurrence record."
REL-M19-110,,M19:C110,MC0527,MC0527,inherited_block_provisional_distinct,moderate,C1-C423 inherited from González Riga et al. (2018),"Upchurch, 1998; Upchurch et al., 2004; Mannion et al., 2013",,,MC0069,0.3209,"No existing canonical concept was merged in this conservative first pass. The highest lexical candidate is retained for review, but the character keeps a separate canonical ID until stronger lineage evidence supports equivalence."
REL-M19-111,,M19:C111,MC0528,MC0528,inherited_block_provisional_distinct,moderate,C1-C423 inherited from González Riga et al. (2018),"Barrett et al., 2002; Mannion et al., 2013",,,MC0069,0.2805,"No existing canonical concept was merged in this conservative first pass. The highest lexical candidate is retained for review, but the character keeps a separate canonical ID until stronger lineage evidence supports equivalence."
REL-M19-112,,M19:C112,MC0529,MC0529,inherited_block_provisional_distinct,moderate,C1-C423 inherited from González Riga et al. (2018),"Mannion, 2011; Mannion et al., 2013",,,MC0067,0.3371,"No existing canonical concept was merged in this conservative first pass. The highest lexical candidate is retained for review, but the character keeps a separate canonical ID until stronger lineage evidence supports equivalence."
REL-M19-113,,M19:C113,MC0072,MC0530,inherited_block_provisional_distinct,moderate,C1-C423 inherited from González Riga et al. (2018),"Wilson, 2002; Upchurch et al., 2004; Mannion et al., 2013",,,MC0072,0.3228,"No existing canonical concept was merged in this conservative first pass. The highest lexical candidate is retained for review, but the character keeps a separate canonical ID until stronger lineage evidence supports equivalence."
REL-M19-114,DE12:C15,M19:C114,MC0418,MC0418,equivalent,high,C1-C423 inherited from González Riga et al. (2018),"Chure et al., 2010; D’Emic, 2012",,,MC0418,0.935,"Existing canonical concept reused after definition-level comparison. M19-specific thresholds, state polarity, serial scope, or wording are preserved in the occurrence record."
REL-M19-115,,M19:C115,MC0531,MC0531,inherited_block_provisional_distinct,moderate,C1-C423 inherited from González Riga et al. (2018),"Wilson & Sereno, 1998; Carballido et al., 2011; Mannion et al., 2013",,,MC0077,0.1567,"No existing canonical concept was merged in this conservative first pass. The highest lexical candidate is retained for review, but the character keeps a separate canonical ID until stronger lineage evidence supports equivalence."
REL-M19-116,WIL02_REF:C79,M19:C116,MC0079,MC0079,equivalent,high,C1-C423 inherited from González Riga et al. (2018),"Wilson, 2002",,,MC0079,0.8996,"Existing canonical concept reused after definition-level comparison. M19-specific thresholds, state polarity, serial scope, or wording are preserved in the occurrence record."
REL-M19-117,,M19:C117,MC0532,MC0532,inherited_block_provisional_distinct,moderate,C1-C423 inherited from González Riga et al. (2018),"Mannion, 2011; Mannion et al., 2013",,,MC0250,0.5128,"No existing canonical concept was merged in this conservative first pass. The highest lexical candidate is retained for review, but the character keeps a separate canonical ID until stronger lineage evidence supports equivalence."
REL-M19-118,,M19:C118,MC0533,MC0533,inherited_block_provisional_distinct,moderate,C1-C423 inherited from González Riga et al. (2018),"Upchurch, 1998; Mannion et al., 2013",,,MC0404,0.2701,"No existing canonical concept was merged in this conservative first pass. The highest lexical candidate is retained for review, but the character keeps a separate canonical ID until stronger lineage evidence supports equivalence."
REL-M19-119,,M19:C119,MC0534,MC0534,inherited_block_provisional_distinct,moderate,C1-C423 inherited from González Riga et al. (2018),"Upchurch, 1998; Mannion et al., 2013",,,MC0404,0.2911,"No existing canonical concept was merged in this conservative first pass. The highest lexical candidate is retained for review, but the character keeps a separate canonical ID until stronger lineage evidence supports equivalence."
REL-M19-120,,M19:C120,MC0535,MC0535,inherited_block_provisional_distinct,moderate,C1-C423 inherited from González Riga et al. (2018),"Upchurch, 1998; Mannion et al., 2013",,,MC0250,0.3415,"No existing canonical concept was merged in this conservative first pass. The highest lexical candidate is retained for review, but the character keeps a separate canonical ID until stronger lineage evidence supports equivalence."
REL-M19-121,,M19:C121,MC0536,MC0536,inherited_block_provisional_distinct,moderate,C1-C423 inherited from González Riga et al. (2018),"Upchurch, 1998; Mannion et al., 2013",,,MC0249,0.3459,"No existing canonical concept was merged in this conservative first pass. The highest lexical candidate is retained for review, but the character keeps a separate canonical ID until stronger lineage evidence supports equivalence."
REL-M19-122,,M19:C122,MC0537,MC0537,inherited_block_provisional_distinct,moderate,C1-C423 inherited from González Riga et al. (2018),"McIntosh, 1990; Russell & Zheng, 1993; Upchurch, 1995, 1998",,,MC0356,0.1985,"No existing canonical concept was merged in this conservative first pass. The highest lexical candidate is retained for review, but the character keeps a separate canonical ID until stronger lineage evidence supports equivalence."
REL-M19-123,,M19:C123,MC0538,MC0538,inherited_block_provisional_distinct,moderate,C1-C423 inherited from González Riga et al. (2018),"Wedel et al., 2000; D’Emic, 2013; Mannion et al., 2013",,,MC0086,0.1471,"No existing canonical concept was merged in this conservative first pass. The highest lexical candidate is retained for review, but the character keeps a separate canonical ID until stronger lineage evidence supports equivalence."
REL-M19-124,,M19:C124,MC0425,MC0539,inherited_block_provisional_distinct,moderate,C1-C423 inherited from González Riga et al. (2018),"Wilson & Upchurch, 2009; D’Emic, 2012; Mannion et al., 2013",,,MC0425,0.3462,"No existing canonical concept was merged in this conservative first pass. The highest lexical candidate is retained for review, but the character keeps a separate canonical ID until stronger lineage evidence supports equivalence."
REL-M19-125,,M19:C125,MC0540,MC0540,inherited_block_provisional_distinct,moderate,C1-C423 inherited from González Riga et al. (2018),"D’Emic, 2012; Mannion et al., 2013",,,MC0424,0.3582,"No existing canonical concept was merged in this conservative first pass. The highest lexical candidate is retained for review, but the character keeps a separate canonical ID until stronger lineage evidence supports equivalence."
REL-M19-126,,M19:C126,MC0541,MC0541,inherited_block_provisional_distinct,moderate,C1-C423 inherited from González Riga et al. (2018),"Wilson & Upchurch, 2009; Mannion et al., 2013",,,MC0097,0.2291,"No existing canonical concept was merged in this conservative first pass. The highest lexical candidate is retained for review, but the character keeps a separate canonical ID until stronger lineage evidence supports equivalence."
REL-M19-127,,M19:C127,MC0542,MC0542,inherited_block_provisional_distinct,moderate,C1-C423 inherited from González Riga et al. (2018),"Yates, 2007",,,MC0420,0.2825,"No existing canonical concept was merged in this conservative first pass. The highest lexical candidate is retained for review, but the character keeps a separate canonical ID until stronger lineage evidence supports equivalence."
REL-M19-128,,M19:C128,MC0420,MC0543,inherited_block_provisional_distinct,moderate,C1-C423 inherited from González Riga et al. (2018),"Sereno et al., 1993; Yates, 2007; D’Emic, 2012; Mannion et al., 2013",,,MC0248,0.2335,"No existing canonical concept was merged in this conservative first pass. The highest lexical candidate is retained for review, but the character keeps a separate canonical ID until stronger lineage evidence supports equivalence."
REL-M19-129,,M19:C129,MC0544,MC0544,inherited_block_provisional_distinct,moderate,C1-C423 inherited from González Riga et al. (2018),"Sereno et al., 2007; Wilson & Upchurch, 2009",,,MC0421,0.2708,"No existing canonical concept was merged in this conservative first pass. The highest lexical candidate is retained for review, but the character keeps a separate canonical ID until stronger lineage evidence supports equivalence."
REL-M19-130,,M19:C130,MC0088,MC0545,inherited_block_provisional_distinct,moderate,C1-C423 inherited from González Riga et al. (2018),"Upchurch, 1995, 1998; Wilson, 2002; Whitlock 2011a; Mannion et al., 2013",,,MC0088,0.3836,"No existing canonical concept was merged in this conservative first pass. The highest lexical candidate is retained for review, but the character keeps a separate canonical ID until stronger lineage evidence supports equivalence."
REL-M19-131,,M19:C131,MC0422,MC0546,inherited_block_provisional_distinct,moderate,C1-C423 inherited from González Riga et al. (2018),"D’Emic, 2012; Mannion et al., 2013",,,MC0100,0.2913,"No existing canonical concept was merged in this conservative first pass. The highest lexical candidate is retained for review, but the character keeps a separate canonical ID until stronger lineage evidence supports equivalence."
REL-M19-132,WIL02_REF:C89,M19:C132,MC0089,MC0089,states_or_scope_modified,moderate,C1-C423 inherited from González Riga et al. (2018),"Gauthier, 1986; McIntosh, 1990; Upchurch, 1995, 1998; Wilson & Sereno, 1998",,,MC0089,0.4236,"Existing canonical concept reused after definition-level comparison. M19-specific thresholds, state polarity, serial scope, or wording are preserved in the occurrence record."
REL-M19-133,,M19:C133,MC0547,MC0547,inherited_block_provisional_distinct,moderate,C1-C423 inherited from González Riga et al. (2018),"Gauthier, 1986; McIntosh, 1990; Upchurch, 1995, 1998; Wilson & Sereno, 1998; Mannion et al., 2013",,,MC0268,0.292,"No existing canonical concept was merged in this conservative first pass. The highest lexical candidate is retained for review, but the character keeps a separate canonical ID until stronger lineage evidence supports equivalence."
REL-M19-134,,M19:C134,MC0548,MC0548,inherited_block_provisional_distinct,moderate,C1-C423 inherited from González Riga et al. (2018),"Wedel et al., 2000; Rose, 2007; Mannion et al., 2013",,,MC0085,0.3235,"No existing canonical concept was merged in this conservative first pass. The highest lexical candidate is retained for review, but the character keeps a separate canonical ID until stronger lineage evidence supports equivalence."
REL-M19-135,,M19:C135,MC0549,MC0549,inherited_block_provisional_distinct,moderate,C1-C423 inherited from González Riga et al. (2018),"D’Emic, 2013; Mannion et al., 2013",,,MC0089,0.2054,"No existing canonical concept was merged in this conservative first pass. The highest lexical candidate is retained for review, but the character keeps a separate canonical ID until stronger lineage evidence supports equivalence."
REL-M19-136,DE12:C31,M19:C136,MC0427,MC0427,probable_equivalent,moderate,C1-C423 inherited from González Riga et al. (2018),"Salgado et al., 1997; Salgado & Powell, 2010; D’Emic, 2012",,,MC0427,0.4729,"Existing canonical concept reused after definition-level comparison. M19-specific thresholds, state polarity, serial scope, or wording are preserved in the occurrence record."
REL-M19-137,,M19:C137,MC0550,MC0550,inherited_block_provisional_distinct,moderate,C1-C423 inherited from González Riga et al. (2018),"Salgado et al., 1997; D’Emic, 2012",,,MC0089,0.3534,"No existing canonical concept was merged in this conservative first pass. The highest lexical candidate is retained for review, but the character keeps a separate canonical ID until stronger lineage evidence supports equivalence."
REL-M19-138,WIL02_REF:C90,M19:C138,MC0090,MC0090,states_or_scope_modified,moderate,C1-C423 inherited from González Riga et al. (2018),"Wilson & Upchurch, 2009; D’Emic, 2012; Mannion et al., 2013",,,MC0090,0.4021,"Existing canonical concept reused after definition-level comparison. M19-specific thresholds, state polarity, serial scope, or wording are preserved in the occurrence record."
REL-M19-139,,M19:C139,MC0551,MC0551,inherited_block_provisional_distinct,moderate,C1-C423 inherited from González Riga et al. (2018),"McIntosh, 1990; Upchurch, 1995, 1998; Mannion et al., 2013",,,MC0140,0.2663,"No existing canonical concept was merged in this conservative first pass. The highest lexical candidate is retained for review, but the character keeps a separate canonical ID until stronger lineage evidence supports equivalence."
REL-M19-140,,M19:C140,MC0552,MC0552,inherited_block_provisional_distinct,moderate,C1-C423 inherited from González Riga et al. (2018),,,,MC0108,0.2059,"No existing canonical concept was merged in this conservative first pass. The highest lexical candidate is retained for review, but the character keeps a separate canonical ID until stronger lineage evidence supports equivalence."
REL-M19-141,,M19:C141,MC0553,MC0553,inherited_block_provisional_distinct,moderate,C1-C423 inherited from González Riga et al. (2018),"Wilson & Sereno, 1998; Carballido et al., 2011; Mannion et al., 2013",,,MC0077,0.3327,"No existing canonical concept was merged in this conservative first pass. The highest lexical candidate is retained for review, but the character keeps a separate canonical ID until stronger lineage evidence supports equivalence."
REL-M19-142,,M19:C142,MC0434,MC0554,inherited_block_provisional_distinct,moderate,C1-C423 inherited from González Riga et al. (2018),"Mannion et al., 2012; Poropat et al., 2016",,,MC0250,0.6261,"No existing canonical concept was merged in this conservative first pass. The highest lexical candidate is retained for review, but the character keeps a separate canonical ID until stronger lineage evidence supports equivalence."
REL-M19-143,,M19:C143,MC0555,MC0555,inherited_block_provisional_distinct,moderate,C1-C423 inherited from González Riga et al. (2018),"Upchurch, 1998",,,MC0236,0.2062,"No existing canonical concept was merged in this conservative first pass. The highest lexical candidate is retained for review, but the character keeps a separate canonical ID until stronger lineage evidence supports equivalence."
REL-M19-144,,M19:C144,MC0556,MC0556,inherited_block_provisional_distinct,moderate,C1-C423 inherited from González Riga et al. (2018),"Upchurch, 1998; Mannion et al., 2013",,,MC0341,0.2689,"No existing canonical concept was merged in this conservative first pass. The highest lexical candidate is retained for review, but the character keeps a separate canonical ID until stronger lineage evidence supports equivalence."
REL-M19-145,,M19:C145,MC0342,MC0557,inherited_block_provisional_distinct,moderate,C1-C423 inherited from González Riga et al. (2018),"Bonaparte & Coria, 1993; Upchurch et al., 2004",,,MC0342,0.2284,"No existing canonical concept was merged in this conservative first pass. The highest lexical candidate is retained for review, but the character keeps a separate canonical ID until stronger lineage evidence supports equivalence."
REL-M19-146,,M19:C146,MC0558,MC0558,inherited_block_provisional_distinct,moderate,C1-C423 inherited from González Riga et al. (2018),"Upchurch, 1998",,,MC0094,0.1644,"No existing canonical concept was merged in this conservative first pass. The highest lexical candidate is retained for review, but the character keeps a separate canonical ID until stronger lineage evidence supports equivalence."
REL-M19-147,,M19:C147,MC0559,MC0559,inherited_block_provisional_distinct,moderate,C1-C423 inherited from González Riga et al. (2018),"Salgado et al., 1997; Wilson & Sereno, 1998; Mannion et al., 2013",,,MC0134,0.2026,"No existing canonical concept was merged in this conservative first pass. The highest lexical candidate is retained for review, but the character keeps a separate canonical ID until stronger lineage evidence supports equivalence."
REL-M19-148,WIL02_REF:C98,M19:C148,MC0098,MC0098,states_or_scope_modified,high,C1-C423 inherited from González Riga et al. (2018),"Upchurch, 1998; Wilson, 2002; D’Emic, 2012; Mannion et al., 2013",,,MC0098,0.8478,"Existing canonical concept reused after definition-level comparison. M19-specific thresholds, state polarity, serial scope, or wording are preserved in the occurrence record."
REL-M19-149,WIL02_REF:C106,M19:C149,MC0106,MC0106,equivalent,high,C1-C423 inherited from González Riga et al. (2018),"Salgado et al., 1997; Upchurch, 1998",,,MC0106,0.4632,"Existing canonical concept reused after definition-level comparison. M19-specific thresholds, state polarity, serial scope, or wording are preserved in the occurrence record."
REL-M19-150,,M19:C150,MC0560,MC0560,inherited_block_provisional_distinct,moderate,C1-C423 inherited from González Riga et al. (2018),"Apesteguía, 2005b; Mannion et al., 2013",,,MC0100,0.2002,"No existing canonical concept was merged in this conservative first pass. The highest lexical candidate is retained for review, but the character keeps a separate canonical ID until stronger lineage evidence supports equivalence."
REL-M19-151,,M19:C151,MC0561,MC0561,inherited_block_provisional_distinct,moderate,C1-C423 inherited from González Riga et al. (2018),"Salgado et al., 1997",,,MC0098,0.3779,"No existing canonical concept was merged in this conservative first pass. The highest lexical candidate is retained for review, but the character keeps a separate canonical ID until stronger lineage evidence supports equivalence."
REL-M19-152,,M19:C152,MC0562,MC0562,inherited_block_provisional_distinct,moderate,C1-C423 inherited from González Riga et al. (2018),"Salgado et al., 1997; Sanz et al., 1999; Mannion et al., 2013",,,MC0099,0.4004,"No existing canonical concept was merged in this conservative first pass. The highest lexical candidate is retained for review, but the character keeps a separate canonical ID until stronger lineage evidence supports equivalence."
REL-M19-153,,M19:C153,MC0563,MC0563,inherited_block_provisional_distinct,moderate,C1-C423 inherited from González Riga et al. (2018),"Upchurch, 1998; Mannion et al., 2013",,,MC0347,0.2469,"No existing canonical concept was merged in this conservative first pass. The highest lexical candidate is retained for review, but the character keeps a separate canonical ID until stronger lineage evidence supports equivalence."
REL-M19-154,,M19:C154,MC0564,MC0564,inherited_block_provisional_distinct,moderate,C1-C423 inherited from González Riga et al. (2018),"Janensch, 1950; Taylor, 2009; D’Emic, 2012",,,MC0431,0.3898,"No existing canonical concept was merged in this conservative first pass. The highest lexical candidate is retained for review, but the character keeps a separate canonical ID until stronger lineage evidence supports equivalence."
REL-M19-155,,M19:C155,MC0565,MC0565,inherited_block_provisional_distinct,moderate,C1-C423 inherited from González Riga et al. (2018),"Upchurch, 1998; Mannion et al., 2013",,,MC0347,0.2716,"No existing canonical concept was merged in this conservative first pass. The highest lexical candidate is retained for review, but the character keeps a separate canonical ID until stronger lineage evidence supports equivalence."
REL-M19-156,,M19:C156,MC0566,MC0566,inherited_block_provisional_distinct,moderate,C1-C423 inherited from González Riga et al. (2018),"Sanz et al., 1999; Upchurch et al., 2004; D’Emic, 2012",,,MC0354,0.2662,"No existing canonical concept was merged in this conservative first pass. The highest lexical candidate is retained for review, but the character keeps a separate canonical ID until stronger lineage evidence supports equivalence."
REL-M19-157,,M19:C157,MC0567,MC0567,inherited_block_provisional_distinct,moderate,C1-C423 inherited from González Riga et al. (2018),"Upchurch, 1998",,,MC0098,0.187,"No existing canonical concept was merged in this conservative first pass. The highest lexical candidate is retained for review, but the character keeps a separate canonical ID until stronger lineage evidence supports equivalence."
REL-M19-158,,M19:C158,MC0568,MC0568,inherited_block_provisional_distinct,moderate,C1-C423 inherited from González Riga et al. (2018),"Wilson, 2002; Taylor, 2009; Mannion et al., 2013",,,MC0271,0.4602,"No existing canonical concept was merged in this conservative first pass. The highest lexical candidate is retained for review, but the character keeps a separate canonical ID until stronger lineage evidence supports equivalence."
REL-M19-159,,M19:C159,MC0569,MC0569,inherited_block_provisional_distinct,moderate,C1-C423 inherited from González Riga et al. (2018),"Taylor, 2009; Mannion et al., 2013",,,MC0093,0.3127,"No existing canonical concept was merged in this conservative first pass. The highest lexical candidate is retained for review, but the character keeps a separate canonical ID until stronger lineage evidence supports equivalence."
REL-M19-160,,M19:C160,MC0273,MC0570,inherited_block_provisional_distinct,moderate,C1-C423 inherited from González Riga et al. (2018),"Upchurch et al., 2004; Mannion et al., 2013; revised here to clarify character statement",,,MC0273,0.3943,"No existing canonical concept was merged in this conservative first pass. The highest lexical candidate is retained for review, but the character keeps a separate canonical ID until stronger lineage evidence supports equivalence."
REL-M19-161,,M19:C161,MC0571,MC0571,inherited_block_provisional_distinct,moderate,C1-C423 inherited from González Riga et al. (2018),"Mannion et al., 2013",,,MC0092,0.257,"No existing canonical concept was merged in this conservative first pass. The highest lexical candidate is retained for review, but the character keeps a separate canonical ID until stronger lineage evidence supports equivalence."
REL-M19-162,,M19:C162,MC0102,MC0572,inherited_block_provisional_distinct,moderate,C1-C423 inherited from González Riga et al. (2018),"Upchurch, 1998; Wilson & Sereno, 1998; Wilson, 2002; Upchurch et al., 2004",,,MC0102,0.597,"No existing canonical concept was merged in this conservative first pass. The highest lexical candidate is retained for review, but the character keeps a separate canonical ID until stronger lineage evidence supports equivalence."
REL-M19-163,,M19:C163,MC0573,MC0573,inherited_block_provisional_distinct,moderate,C1-C423 inherited from González Riga et al. (2018),"Upchurch, 1998; Wilson & Sereno, 1998; Wilson, 2002; Upchurch et al., 2004; revised here so that only taxa with aliform processes scored for this character",,,MC0102,0.2211,"No existing canonical concept was merged in this conservative first pass. The highest lexical candidate is retained for review, but the character keeps a separate canonical ID until stronger lineage evidence supports equivalence."
REL-M19-164,,M19:C164,MC0574,MC0574,inherited_block_provisional_distinct,moderate,C1-C423 inherited from González Riga et al. (2018),"Wilson 2002; Poropat et al., 2016; note that this excludes the posteriormost dorsal neural spines, which usually revert to being dorsally directed",,,MC0133,0.4384,"No existing canonical concept was merged in this conservative first pass. The highest lexical candidate is retained for review, but the character keeps a separate canonical ID until stronger lineage evidence supports equivalence."
REL-M19-165,,M19:C165,MC0100,MC0575,inherited_block_provisional_distinct,moderate,C1-C423 inherited from González Riga et al. (2018),"Wilson, 1999, 2002",,,MC0100,0.5499,"No existing canonical concept was merged in this conservative first pass. The highest lexical candidate is retained for review, but the character keeps a separate canonical ID until stronger lineage evidence supports equivalence."
REL-M19-166,WIL02_REF:C99,M19:C166,MC0099,MC0099,probable_equivalent,moderate,C1-C423 inherited from González Riga et al. (2018),"Wilson, 2002; Upchurch et al., 2004",,,MC0099,0.4552,"Existing canonical concept reused after definition-level comparison. M19-specific thresholds, state polarity, serial scope, or wording are preserved in the occurrence record."
REL-M19-167,,M19:C167,MC0576,MC0576,inherited_block_provisional_distinct,moderate,C1-C423 inherited from González Riga et al. (2018),"Mannion et al., 2013",,,MC0125,0.2589,"No existing canonical concept was merged in this conservative first pass. The highest lexical candidate is retained for review, but the character keeps a separate canonical ID until stronger lineage evidence supports equivalence."
REL-M19-168,GA11:C36,M19:C168,MC0275,MC0275,probable_equivalent,moderate,C1-C423 inherited from González Riga et al. (2018),"Salgado et al., 1997; Curry Rogers, 2005; Mannion et al., 2013; note that taxa coded as ‘0’ for C167 are scored as a ‘?’ here",,,MC0275,0.4071,"Existing canonical concept reused after definition-level comparison. M19-specific thresholds, state polarity, serial scope, or wording are preserved in the occurrence record."
REL-M19-169,,M19:C169,MC0577,MC0577,inherited_block_provisional_distinct,moderate,C1-C423 inherited from González Riga et al. (2018),"Bonaparte, 1986b; Upchurch, 1995, 1998; Curry Rogers, 2005; Mannion et al., 2013; note that taxa coded as ‘0’ for C167 are scored as a ‘?’ here",,,MC0275,0.3201,"No existing canonical concept was merged in this conservative first pass. The highest lexical candidate is retained for review, but the character keeps a separate canonical ID until stronger lineage evidence supports equivalence."
REL-M19-170,WIL02_REF:C141,M19:C170,MC0141,MC0141,equivalent,high,C1-C423 inherited from González Riga et al. (2018),"Wilson & Sereno, 1998",,,MC0141,0.6911,"Existing canonical concept reused after definition-level comparison. M19-specific thresholds, state polarity, serial scope, or wording are preserved in the occurrence record."
REL-M19-171,WIL02_REF:C142,M19:C171,MC0142,MC0142,equivalent,high,C1-C423 inherited from González Riga et al. (2018),"Wilson, 2002",,,MC0142,0.7827,"Existing canonical concept reused after definition-level comparison. M19-specific thresholds, state polarity, serial scope, or wording are preserved in the occurrence record."
REL-M19-172,,M19:C172,MC0578,MC0578,inherited_block_provisional_distinct,moderate,C1-C423 inherited from González Riga et al. (2018),"Mannion et al., 2013",,,MC0108,0.2688,"No existing canonical concept was merged in this conservative first pass. The highest lexical candidate is retained for review, but the character keeps a separate canonical ID until stronger lineage evidence supports equivalence."
REL-M19-173,,M19:C173,MC0579,MC0579,inherited_block_provisional_distinct,moderate,C1-C423 inherited from González Riga et al. (2018),"Upchurch, 1998",,,MC0236,0.1618,"No existing canonical concept was merged in this conservative first pass. The highest lexical candidate is retained for review, but the character keeps a separate canonical ID until stronger lineage evidence supports equivalence."
REL-M19-174,,M19:C174,MC0580,MC0580,inherited_block_provisional_distinct,moderate,C1-C423 inherited from González Riga et al. (2018),"Lü et al., 2007; Mannion et al., 2013",,,MC0108,0.2982,"No existing canonical concept was merged in this conservative first pass. The highest lexical candidate is retained for review, but the character keeps a separate canonical ID until stronger lineage evidence supports equivalence."
REL-M19-175,WIL02_REF:C114,M19:C175,MC0114,MC0114,states_or_scope_modified,high,C1-C423 inherited from González Riga et al. (2018),"Wilson 2002; Mannion et al., 2013",,,MC0114,0.8214,"Existing canonical concept reused after definition-level comparison. M19-specific thresholds, state polarity, serial scope, or wording are preserved in the occurrence record."
REL-M19-176,,M19:C176,MC0581,MC0581,inherited_block_provisional_distinct,moderate,C1-C423 inherited from González Riga et al. (2018),"Powell, 1986; Wilson, 2002",,,MC0289,0.164,"No existing canonical concept was merged in this conservative first pass. The highest lexical candidate is retained for review, but the character keeps a separate canonical ID until stronger lineage evidence supports equivalence."
REL-M19-177,,M19:C177,MC0582,MC0582,inherited_block_provisional_distinct,moderate,C1-C423 inherited from González Riga et al. (2018),"Mannion et al., 2013; revised here to only include taxa with some procoely in the anterior caudal sequence – taxa lacking procoelous an- terior caudal vertebrae are scored as a ‘?’",,,MC0120,0.2908,"No existing canonical concept was merged in this conservative first pass. The highest lexical candidate is retained for review, but the character keeps a separate canonical ID until stronger lineage evidence supports equivalence."
REL-M19-178,,M19:C178,MC0583,MC0583,inherited_block_provisional_distinct,moderate,C1-C423 inherited from González Riga et al. (2018),"McIntosh, 1990; Upchurch, 1995",,,MC0119,0.2591,"No existing canonical concept was merged in this conservative first pass. The highest lexical candidate is retained for review, but the character keeps a separate canonical ID until stronger lineage evidence supports equivalence."
REL-M19-179,,M19:C179,MC0584,MC0584,inherited_block_provisional_distinct,moderate,C1-C423 inherited from González Riga et al. (2018),"Tidwell et al., 2001; Whitlock et al., 2011; Mannion et al., 2013",,,MC0002,0.1534,"No existing canonical concept was merged in this conservative first pass. The highest lexical candidate is retained for review, but the character keeps a separate canonical ID until stronger lineage evidence supports equivalence."
REL-M19-180,,M19:C180,MC0585,MC0585,inherited_block_provisional_distinct,moderate,C1-C423 inherited from González Riga et al. (2018),"Mannion & Calvo, 2011; Mannion et al., 2013",,,MC0132,0.2159,"No existing canonical concept was merged in this conservative first pass. The highest lexical candidate is retained for review, but the character keeps a separate canonical ID until stronger lineage evidence supports equivalence."
REL-M19-181,,M19:C181,MC0586,MC0586,inherited_block_provisional_distinct,moderate,C1-C423 inherited from González Riga et al. (2018),"McIntosh, 1990; Upchurch, 1995, 1998; Wilson, 2002; revised here to separate an- terior and middle caudal vertebrae",,,MC0287,0.2975,"No existing canonical concept was merged in this conservative first pass. The highest lexical candidate is retained for review, but the character keeps a separate canonical ID until stronger lineage evidence supports equivalence."
REL-M19-182,,M19:C182,MC0587,MC0587,inherited_block_provisional_distinct,moderate,C1-C423 inherited from González Riga et al. (2018),"McIntosh, 1990; Upchurch, 1995, 1998; Upchurch et al., 2004; Mannion et al., 2013; revised here to separate anterior and middle caudal vertebrae",,,MC0120,0.2401,"No existing canonical concept was merged in this conservative first pass. The highest lexical candidate is retained for review, but the character keeps a separate canonical ID until stronger lineage evidence supports equivalence."
REL-M19-183,,M19:C183,MC0588,MC0588,inherited_block_provisional_distinct,moderate,C1-C423 inherited from González Riga et al. (2018),"Upchurch & Martin, 2003; Mannion et al., 2013",,,MC0285,0.189,"No existing canonical concept was merged in this conservative first pass. The highest lexical candidate is retained for review, but the character keeps a separate canonical ID until stronger lineage evidence supports equivalence."
REL-M19-184,,M19:C184,MC0589,MC0589,inherited_block_provisional_distinct,moderate,C1-C423 inherited from González Riga et al. (2018),"Jacobs et al., 1993; Upchurch, 1995, 1998; Salgado et al., 1997; Wilson, 2002",,,MC0134,0.3365,"No existing canonical concept was merged in this conservative first pass. The highest lexical candidate is retained for review, but the character keeps a separate canonical ID until stronger lineage evidence supports equivalence."
REL-M19-185,,M19:C185,MC0590,MC0590,inherited_block_provisional_distinct,moderate,C1-C423 inherited from González Riga et al. (2018),"Mannion et al., 2013",,,MC0134,0.1881,"No existing canonical concept was merged in this conservative first pass. The highest lexical candidate is retained for review, but the character keeps a separate canonical ID until stronger lineage evidence supports equivalence."
REL-M19-186,,M19:C186,MC0591,MC0591,inherited_block_provisional_distinct,moderate,C1-C423 inherited from González Riga et al. (2018),"Wilson & Sereno, 1998",,,MC0137,0.3382,"No existing canonical concept was merged in this conservative first pass. The highest lexical candidate is retained for review, but the character keeps a separate canonical ID until stronger lineage evidence supports equivalence."
REL-M19-187,C12:C178,M19:C187,MC0367,MC0367,states_reversed,high,C1-C423 inherited from González Riga et al. (2018),"Upchurch, 1998; Mannion et al., 2013; usually only present in the anteriormost region of the tail",,,MC0367,0.4661,"Existing canonical concept reused after definition-level comparison. M19-specific thresholds, state polarity, serial scope, or wording are preserved in the occurrence record."
REL-M19-188,,M19:C188,MC0592,MC0592,inherited_block_provisional_distinct,moderate,C1-C423 inherited from González Riga et al. (2018),"Taylor, 2009; Mannion et al., 2013",,,MC0367,0.3652,"No existing canonical concept was merged in this conservative first pass. The highest lexical candidate is retained for review, but the character keeps a separate canonical ID until stronger lineage evidence supports equivalence."
REL-M19-189,,M19:C189,MC0593,MC0593,inherited_block_provisional_distinct,moderate,C1-C423 inherited from González Riga et al. (2018),"Chure et al., 2010; usually only present in the anteri- ormost region of the tail",,,MC0123,0.3177,"No existing canonical concept was merged in this conservative first pass. The highest lexical candidate is retained for review, but the character keeps a separate canonical ID until stronger lineage evidence supports equivalence."
REL-M19-190,,M19:C190,MC0594,MC0594,inherited_block_provisional_distinct,moderate,C1-C423 inherited from González Riga et al. (2018),"Lü et al., 2008; Whitlock et al., 2011; Mannion et al., 2013",,,MC0098,0.299,"No existing canonical concept was merged in this conservative first pass. The highest lexical candidate is retained for review, but the character keeps a separate canonical ID until stronger lineage evidence supports equivalence."
REL-M19-191,,M19:C191,MC0595,MC0595,inherited_block_provisional_distinct,moderate,C1-C423 inherited from González Riga et al. (2018),"Mannion & Calvo, 2011; Mannion et al., 2013",,,MC0284,0.2221,"No existing canonical concept was merged in this conservative first pass. The highest lexical candidate is retained for review, but the character keeps a separate canonical ID until stronger lineage evidence supports equivalence."
REL-M19-192,,M19:C192,MC0437,MC0596,inherited_block_provisional_distinct,moderate,C1-C423 inherited from González Riga et al. (2018),"Calvo & Salgado, 1995; Upchurch, 1995, 1998; Salgado et al., 1997",,,MC0437,0.6236,"No existing canonical concept was merged in this conservative first pass. The highest lexical candidate is retained for review, but the character keeps a separate canonical ID until stronger lineage evidence supports equivalence."
REL-M19-193,,M19:C193,MC0286,MC0597,inherited_block_provisional_distinct,moderate,C1-C423 inherited from González Riga et al. (2018),"González Riga, 2003; Mannion et al., 2013; note that in taxa without anteri- orly biased neural arches this prezygapophyseal ex- tension is extrapolated as if the arch was anteriorly positioned on the centrum",,,MC0248,0.3472,"No existing canonical concept was merged in this conservative first pass. The highest lexical candidate is retained for review, but the character keeps a separate canonical ID until stronger lineage evidence supports equivalence."
REL-M19-194,,M19:C194,MC0598,MC0598,inherited_block_provisional_distinct,moderate,C1-C423 inherited from González Riga et al. (2018),"Wilson, 2002; Whitlock et al., 2011; Wilson et al., 2011; Mannion et al., 2013",,,MC0122,0.4643,"No existing canonical concept was merged in this conservative first pass. The highest lexical candidate is retained for review, but the character keeps a separate canonical ID until stronger lineage evidence supports equivalence."
REL-M19-195,,M19:C195,MC0599,MC0599,inherited_block_provisional_distinct,moderate,C1-C423 inherited from González Riga et al. (2018),"Gonzalez Riga et al., 2009; Mannion et al., 2013; Poropat et al., 2016",,,MC0133,0.2566,"No existing canonical concept was merged in this conservative first pass. The highest lexical candidate is retained for review, but the character keeps a separate canonical ID until stronger lineage evidence supports equivalence."
REL-M19-196,,M19:C196,MC0600,MC0600,inherited_block_provisional_distinct,moderate,C1-C423 inherited from González Riga et al. (2018),"Salgado et al., 1997; Mannion et al., 2013",,,MC0104,0.2389,"No existing canonical concept was merged in this conservative first pass. The highest lexical candidate is retained for review, but the character keeps a separate canonical ID until stronger lineage evidence supports equivalence."
REL-M19-197,,M19:C197,MC0601,MC0601,inherited_block_provisional_distinct,moderate,C1-C423 inherited from González Riga et al. (2018),"Mannion et al., 2013",,,MC0125,0.3416,"No existing canonical concept was merged in this conservative first pass. The highest lexical candidate is retained for review, but the character keeps a separate canonical ID until stronger lineage evidence supports equivalence."
REL-M19-198,,M19:C198,MC0122,MC0602,inherited_block_provisional_distinct,moderate,C1-C423 inherited from González Riga et al. (2018),"Wilson, 1999, 2002; revised here so that only taxa in which the SPRL extends onto the lateral surface are scored",,,MC0122,0.6402,"No existing canonical concept was merged in this conservative first pass. The highest lexical candidate is retained for review, but the character keeps a separate canonical ID until stronger lineage evidence supports equivalence."
REL-M19-199,,M19:C199,MC0603,MC0603,inherited_block_provisional_distinct,moderate,C1-C423 inherited from González Riga et al. (2018),"Mannion et al., 2013",,,MC0120,0.2257,"No existing canonical concept was merged in this conservative first pass. The highest lexical candidate is retained for review, but the character keeps a separate canonical ID until stronger lineage evidence supports equivalence."
REL-M19-200,,M19:C200,MC0604,MC0604,inherited_block_provisional_distinct,moderate,C1-C423 inherited from González Riga et al. (2018),"Remes et al., 2009; Mannion et al., 2013; note that in taxa with anteriorly biased neural arches this pos- terior extension is extrapolated as if the arch was cen- trally positioned on the centrum",,,MC0248,0.336,"No existing canonical concept was merged in this conservative first pass. The highest lexical candidate is retained for review, but the character keeps a separate canonical ID until stronger lineage evidence supports equivalence."
REL-M19-201,,M19:C201,MC0605,MC0605,inherited_block_provisional_distinct,moderate,C1-C423 inherited from González Riga et al. (2018),"Upchurch, 1998; Wilson, 2002",,,MC0093,0.2066,"No existing canonical concept was merged in this conservative first pass. The highest lexical candidate is retained for review, but the character keeps a separate canonical ID until stronger lineage evidence supports equivalence."
REL-M19-202,KN10:C239,M19:C202,MC0251,MC0251,equivalent,high,C1-C423 inherited from González Riga et al. (2018),"Wilson, 2002; Chure et al., 2010; note that this fea- ture is sometimes present in subsequent caudal ver- tebrae too: consequently, this character is coded as the derived state if present in any anterior caudal verte- brae, but coded as a ‘?’ if the first caudal vertebra is not preserved and the feature is absent in other anterior caudal vertebrae",,,MC0251,0.4556,"Existing canonical concept reused after definition-level comparison. M19-specific thresholds, state polarity, serial scope, or wording are preserved in the occurrence record."
REL-M19-203,,M19:C203,MC0606,MC0606,inherited_block_provisional_distinct,moderate,C1-C423 inherited from González Riga et al. (2018),"Suteethorn et al., 2010; Mannion et al., 2013",,,MC0299,0.1733,"No existing canonical concept was merged in this conservative first pass. The highest lexical candidate is retained for review, but the character keeps a separate canonical ID until stronger lineage evidence supports equivalence."
REL-M19-204,,M19:C204,MC0128,MC0607,inherited_block_provisional_distinct,moderate,C1-C423 inherited from González Riga et al. (2018),"Berman & McIntosh, 1978; McIntosh, 1990; Upchurch, 1995, 1998; Whitlock et al., 2011",,,MC0128,0.5232,"No existing canonical concept was merged in this conservative first pass. The highest lexical candidate is retained for review, but the character keeps a separate canonical ID until stronger lineage evidence supports equivalence."
REL-M19-205,,M19:C205,MC0608,MC0608,inherited_block_provisional_distinct,moderate,C1-C423 inherited from González Riga et al. (2018),"Mannion & Calvo, 2011; D’Emic, 2012; Mannion et al., 2013",,,MC0281,0.1534,"No existing canonical concept was merged in this conservative first pass. The highest lexical candidate is retained for review, but the character keeps a separate canonical ID until stronger lineage evidence supports equivalence."
REL-M19-206,,M19:C206,MC0609,MC0609,inherited_block_provisional_distinct,moderate,C1-C423 inherited from González Riga et al. (2018),"Mannion & Calvo, 2011; Mannion et al., 2013; revised here so that only taxa with pos- terolaterally directed caudal ribs are scored for this character",,,MC0438,0.296,"No existing canonical concept was merged in this conservative first pass. The highest lexical candidate is retained for review, but the character keeps a separate canonical ID until stronger lineage evidence supports equivalence."
REL-M19-207,,M19:C207,MC0610,MC0610,inherited_block_provisional_distinct,moderate,C1-C423 inherited from González Riga et al. (2018),"Gomani, 2005; Rauhut, 2006; Mannion & Calvo, 2011; Mannion et al., 2013",,,MC0146,0.1479,"No existing canonical concept was merged in this conservative first pass. The highest lexical candidate is retained for review, but the character keeps a separate canonical ID until stronger lineage evidence supports equivalence."
REL-M19-208,,M19:C208,MC0611,MC0611,inherited_block_provisional_distinct,moderate,C1-C423 inherited from González Riga et al. (2018),"Powell, 1992; Calvo & Salgado, 1995; Upchurch, 1995, 1998; Mannion et al., 2013",,,MC0148,0.1625,"No existing canonical concept was merged in this conservative first pass. The highest lexical candidate is retained for review, but the character keeps a separate canonical ID until stronger lineage evidence supports equivalence."
REL-M19-209,,M19:C209,MC0612,MC0612,inherited_block_provisional_distinct,moderate,C1-C423 inherited from González Riga et al. (2018),"Mannion et al., 2013",,,MC0143,0.219,"No existing canonical concept was merged in this conservative first pass. The highest lexical candidate is retained for review, but the character keeps a separate canonical ID until stronger lineage evidence supports equivalence."
REL-M19-210,,M19:C210,MC0613,MC0613,inherited_block_provisional_distinct,moderate,C1-C423 inherited from González Riga et al. (2018),"Berman & McIntosh, 1978; Upchurch, 1995, 1998; Wilson & Sereno, 1998; Mannion et al., 2013",,,MC0143,0.3386,"No existing canonical concept was merged in this conservative first pass. The highest lexical candidate is retained for review, but the character keeps a separate canonical ID until stronger lineage evidence supports equivalence."
REL-M19-211,,M19:C211,MC0614,MC0614,inherited_block_provisional_distinct,moderate,C1-C423 inherited from González Riga et al. (2018),"Berman & McIntosh, 1978; Upchurch, 1995, 1998; Wilson & Sereno, 1998; Mannion et al., 2013",,,MC0143,0.2437,"No existing canonical concept was merged in this conservative first pass. The highest lexical candidate is retained for review, but the character keeps a separate canonical ID until stronger lineage evidence supports equivalence."
REL-M19-212,,M19:C212,MC0375,MC0615,inherited_block_provisional_distinct,moderate,C1-C423 inherited from González Riga et al. (2018),"Upchurch et al., 2004",,,MC0152,0.1755,"No existing canonical concept was merged in this conservative first pass. The highest lexical candidate is retained for review, but the character keeps a separate canonical ID until stronger lineage evidence supports equivalence."
REL-M19-213,,M19:C213,MC0153,MC0616,inherited_block_provisional_distinct,moderate,C1-C423 inherited from González Riga et al. (2018),"Wilson & Sereno, 1998; Upchurch et al., 2004",,,MC0153,0.369,"No existing canonical concept was merged in this conservative first pass. The highest lexical candidate is retained for review, but the character keeps a separate canonical ID until stronger lineage evidence supports equivalence."
REL-M19-214,,M19:C214,MC0617,MC0617,inherited_block_provisional_distinct,moderate,C1-C423 inherited from González Riga et al. (2018),"Rauhut et al., 2005; Mannion, 2009; Mannion et al., 2013",,,MC0378,0.294,"No existing canonical concept was merged in this conservative first pass. The highest lexical candidate is retained for review, but the character keeps a separate canonical ID until stronger lineage evidence supports equivalence."
REL-M19-215,,M19:C215,MC0618,MC0618,inherited_block_provisional_distinct,moderate,C1-C423 inherited from González Riga et al. (2018),"Smith et al., 2001; Bonaparte et al., 2006; Carballido et al., 2011; D’Emic et al., 2011; Mannion et al., 2013",,,MC0150,0.2547,"No existing canonical concept was merged in this conservative first pass. The highest lexical candidate is retained for review, but the character keeps a separate canonical ID until stronger lineage evidence supports equivalence."
REL-M19-216,,M19:C216,MC0619,MC0619,inherited_block_provisional_distinct,moderate,C1-C423 inherited from González Riga et al. (2018),"Carballido et al., 2011; D’Emic et al., 2011; Mannion et al., 2013",,,MC0154,0.2339,"No existing canonical concept was merged in this conservative first pass. The highest lexical candidate is retained for review, but the character keeps a separate canonical ID until stronger lineage evidence supports equivalence."
REL-M19-217,WIL02_REF:C154,M19:C217,MC0154,MC0154,equivalent,high,C1-C423 inherited from González Riga et al. (2018),"Wilson, 2002",,,MC0154,0.7381,"Existing canonical concept reused after definition-level comparison. M19-specific thresholds, state polarity, serial scope, or wording are preserved in the occurrence record."
REL-M19-218,,M19:C218,MC0620,MC0620,inherited_block_provisional_distinct,moderate,C1-C423 inherited from González Riga et al. (2018),"Upchurch, 1998",,,MC0293,0.2364,"No existing canonical concept was merged in this conservative first pass. The highest lexical candidate is retained for review, but the character keeps a separate canonical ID until stronger lineage evidence supports equivalence."
REL-M19-219,,M19:C219,MC0378,MC0621,inherited_block_provisional_distinct,moderate,C1-C423 inherited from González Riga et al. (2018),"Upchurch, 1995, 1998; Upchurch et al., 2004; Mannion et al., 2013",,,MC0378,0.3548,"No existing canonical concept was merged in this conservative first pass. The highest lexical candidate is retained for review, but the character keeps a separate canonical ID until stronger lineage evidence supports equivalence."
REL-M19-220,,M19:C220,MC0622,MC0622,inherited_block_provisional_distinct,moderate,C1-C423 inherited from González Riga et al. (2018),"Wilson, 2002; Mannion et al., 2013",,,MC0157,0.2752,"No existing canonical concept was merged in this conservative first pass. The highest lexical candidate is retained for review, but the character keeps a separate canonical ID until stronger lineage evidence supports equivalence."
REL-M19-221,,M19:C221,MC0158,MC0623,inherited_block_provisional_distinct,moderate,C1-C423 inherited from González Riga et al. (2018),"Calvo & Salgado, 1995; Upchurch, 1998; Wilson, 2002; Upchurch et al., 2004",,,MC0158,0.3822,"No existing canonical concept was merged in this conservative first pass. The highest lexical candidate is retained for review, but the character keeps a separate canonical ID until stronger lineage evidence supports equivalence."
REL-M19-222,,M19:C222,MC0624,MC0624,inherited_block_provisional_distinct,moderate,C1-C423 inherited from González Riga et al. (2018),"McIntosh, 1990; Upchurch, 1998",,,MC0381,0.3614,"No existing canonical concept was merged in this conservative first pass. The highest lexical candidate is retained for review, but the character keeps a separate canonical ID until stronger lineage evidence supports equivalence."
REL-M19-223,WIL02_REF:C159,M19:C223,MC0159,MC0159,probable_equivalent,moderate,C1-C423 inherited from González Riga et al. (2018),"Upchurch, 1999; Wilson, 2002; Upchurch et al., 2004; Harris, 2006b; Mannion et al., 2013",,,MC0159,0.4762,"Existing canonical concept reused after definition-level comparison. M19-specific thresholds, state polarity, serial scope, or wording are preserved in the occurrence record."
REL-M19-224,,M19:C224,MC0625,MC0625,inherited_block_provisional_distinct,moderate,C1-C423 inherited from González Riga et al. (2018),"Curry Rogers, 2005; Mannion et al., 2013",,,MC0199,0.1972,"No existing canonical concept was merged in this conservative first pass. The highest lexical candidate is retained for review, but the character keeps a separate canonical ID until stronger lineage evidence supports equivalence."
REL-M19-225,,M19:C225,MC0383,MC0626,inherited_block_provisional_distinct,moderate,C1-C423 inherited from González Riga et al. (2018),"Mannion et al., 2013; Upchurch et al., 2015; Poropat et al., 2016",,,MC0161,0.3643,"No existing canonical concept was merged in this conservative first pass. The highest lexical candidate is retained for review, but the character keeps a separate canonical ID until stronger lineage evidence supports equivalence."
REL-M19-226,DE12:C80,M19:C226,MC0445,MC0445,probable_equivalent,moderate,C1-C423 inherited from González Riga et al. (2018),"Borsuk-Białynicka, 1977; Otero, 2010; D’Emic, 2012",,,MC0445,0.4244,"Existing canonical concept reused after definition-level comparison. M19-specific thresholds, state polarity, serial scope, or wording are preserved in the occurrence record."
REL-M19-227,,M19:C227,MC0446,MC0627,inherited_block_provisional_distinct,moderate,C1-C423 inherited from González Riga et al. (2018),"D’Emic, 2012",,,MC0446,0.312,"No existing canonical concept was merged in this conservative first pass. The highest lexical candidate is retained for review, but the character keeps a separate canonical ID until stronger lineage evidence supports equivalence."
REL-M19-228,,M19:C228,MC0384,MC0628,inherited_block_provisional_distinct,moderate,C1-C423 inherited from González Riga et al. (2018),"Upchurch et al., 2004",,,MC0384,0.3282,"No existing canonical concept was merged in this conservative first pass. The highest lexical candidate is retained for review, but the character keeps a separate canonical ID until stronger lineage evidence supports equivalence."
REL-M19-229,,M19:C229,MC0163,MC0629,inherited_block_provisional_distinct,moderate,C1-C423 inherited from González Riga et al. (2018),"Wilson, 2002; Upchurch et al., 2004",,,MC0163,0.6269,"No existing canonical concept was merged in this conservative first pass. The highest lexical candidate is retained for review, but the character keeps a separate canonical ID until stronger lineage evidence supports equivalence."
REL-M19-230,WIL02_REF:C164,M19:C230,MC0164,MC0164,probable_equivalent,moderate,C1-C423 inherited from González Riga et al. (2018),"Wilson, 2002; Mannion et al., 2013",,,MC0164,0.4392,"Existing canonical concept reused after definition-level comparison. M19-specific thresholds, state polarity, serial scope, or wording are preserved in the occurrence record."
REL-M19-231,,M19:C231,MC0630,MC0630,inherited_block_provisional_distinct,moderate,C1-C423 inherited from González Riga et al. (2018),"Mannion et al., 2013",,,MC0171,0.145,"No existing canonical concept was merged in this conservative first pass. The highest lexical candidate is retained for review, but the character keeps a separate canonical ID until stronger lineage evidence supports equivalence."
REL-M19-232,,M19:C232,MC0631,MC0631,inherited_block_provisional_distinct,moderate,C1-C423 inherited from González Riga et al. (2018),"Curry Rogers, 2005; Mannion et al., 2013",,,MC0386,0.2203,"No existing canonical concept was merged in this conservative first pass. The highest lexical candidate is retained for review, but the character keeps a separate canonical ID until stronger lineage evidence supports equivalence."
REL-M19-233,WIL02_REF:C167,M19:C233,MC0167,MC0167,states_reversed,high,C1-C423 inherited from González Riga et al. (2018),"McIntosh, 1990; Wilson & Sereno, 1998; Mannion et al., 2013",,,MC0167,0.7385,"Existing canonical concept reused after definition-level comparison. M19-specific thresholds, state polarity, serial scope, or wording are preserved in the occurrence record."
REL-M19-234,,M19:C234,MC0385,MC0632,inherited_block_provisional_distinct,moderate,C1-C423 inherited from González Riga et al. (2018),"Upchurch, 1995, 1998",,,MC0385,0.2694,"No existing canonical concept was merged in this conservative first pass. The highest lexical candidate is retained for review, but the character keeps a separate canonical ID until stronger lineage evidence supports equivalence."
REL-M19-235,,M19:C235,MC0633,MC0633,inherited_block_provisional_distinct,moderate,C1-C423 inherited from González Riga et al. (2018),"Mannion et al., 2013",,,MC0354,0.1034,"No existing canonical concept was merged in this conservative first pass. The highest lexical candidate is retained for review, but the character keeps a separate canonical ID until stronger lineage evidence supports equivalence."
REL-M19-236,,M19:C236,MC0447,MC0634,inherited_block_provisional_distinct,moderate,C1-C423 inherited from González Riga et al. (2018),"D’Emic, 2012",,,MC0447,0.5868,"No existing canonical concept was merged in this conservative first pass. The highest lexical candidate is retained for review, but the character keeps a separate canonical ID until stronger lineage evidence supports equivalence."
REL-M19-237,WIL02_REF:C173,M19:C237,MC0173,MC0173,equivalent,high,C1-C423 inherited from González Riga et al. (2018),"Upchurch, 1995, 1998",,,MC0173,0.9877,"Existing canonical concept reused after definition-level comparison. M19-specific thresholds, state polarity, serial scope, or wording are preserved in the occurrence record."
REL-M19-238,,M19:C238,MC0635,MC0635,inherited_block_provisional_distinct,moderate,C1-C423 inherited from González Riga et al. (2018),"Upchurch, 1995, 1998",,,MC0173,0.566,"No existing canonical concept was merged in this conservative first pass. The highest lexical candidate is retained for review, but the character keeps a separate canonical ID until stronger lineage evidence supports equivalence."
REL-M19-239,,M19:C239,MC0450,MC0636,inherited_block_provisional_distinct,moderate,C1-C423 inherited from González Riga et al. (2018),"Salgado et al., 1997; D’Emic, 2012",,,MC0450,0.3525,"No existing canonical concept was merged in this conservative first pass. The highest lexical candidate is retained for review, but the character keeps a separate canonical ID until stronger lineage evidence supports equivalence."
REL-M19-240,WIL02_REF:C180,M19:C240,MC0180,MC0180,states_reversed,high,C1-C423 inherited from González Riga et al. (2018),"Wilson, 2002; Mannion et al., 2013",,,MC0180,0.4785,"Existing canonical concept reused after definition-level comparison. M19-specific thresholds, state polarity, serial scope, or wording are preserved in the occurrence record."
REL-M19-241,,M19:C241,MC0448,MC0637,inherited_block_provisional_distinct,moderate,C1-C423 inherited from González Riga et al. (2018),"D’Emic, 2012; Mannion et al., 2013",,,MC0178,0.4076,"No existing canonical concept was merged in this conservative first pass. The highest lexical candidate is retained for review, but the character keeps a separate canonical ID until stronger lineage evidence supports equivalence."
REL-M19-242,,M19:C242,MC0638,MC0638,inherited_block_provisional_distinct,moderate,C1-C423 inherited from González Riga et al. (2018),"Wilson, 2002; Upchurch et al., 2004",,,MC0181,0.3053,"No existing canonical concept was merged in this conservative first pass. The highest lexical candidate is retained for review, but the character keeps a separate canonical ID until stronger lineage evidence supports equivalence."
REL-M19-243,WIL02_REF:C182,M19:C243,MC0182,MC0182,equivalent,high,C1-C423 inherited from González Riga et al. (2018),"Wilson, 2002",,,MC0182,0.8568,"Existing canonical concept reused after definition-level comparison. M19-specific thresholds, state polarity, serial scope, or wording are preserved in the occurrence record."
REL-M19-244,,M19:C244,MC0639,MC0639,inherited_block_provisional_distinct,moderate,C1-C423 inherited from González Riga et al. (2018),"Upchurch et al., 2004",,,MC0451,0.3619,"No existing canonical concept was merged in this conservative first pass. The highest lexical candidate is retained for review, but the character keeps a separate canonical ID until stronger lineage evidence supports equivalence."
REL-M19-245,,M19:C245,MC0298,MC0640,inherited_block_provisional_distinct,moderate,C1-C423 inherited from González Riga et al. (2018),"McIntosh, 1990; Powell, 1992; Upchurch, 1995, 1998",,,MC0187,0.3475,"No existing canonical concept was merged in this conservative first pass. The highest lexical candidate is retained for review, but the character keeps a separate canonical ID until stronger lineage evidence supports equivalence."
REL-M19-246,,M19:C246,MC0641,MC0641,inherited_block_provisional_distinct,moderate,C1-C423 inherited from González Riga et al. (2018),"Calvo & Salgado, 1995; Upchurch, 1998; Wilson & Sereno, 1998; Mannion et al., 2013",,,MC0188,0.3246,"No existing canonical concept was merged in this conservative first pass. The highest lexical candidate is retained for review, but the character keeps a separate canonical ID until stronger lineage evidence supports equivalence."
REL-M19-247,DE12:C99,M19:C247,MC0451,MC0451,equivalent,high,C1-C423 inherited from González Riga et al. (2018),"D’Emic, 2012",,,MC0451,0.8042,"Existing canonical concept reused after definition-level comparison. M19-specific thresholds, state polarity, serial scope, or wording are preserved in the occurrence record."
REL-M19-248,KN10:C241,M19:C248,MC0253,MC0253,equivalent,high,C1-C423 inherited from González Riga et al. (2018),"Upchurch, 1998; Mannion et al., 2013",,,MC0253,0.7311,"Existing canonical concept reused after definition-level comparison. M19-specific thresholds, state polarity, serial scope, or wording are preserved in the occurrence record."
REL-M19-249,,M19:C249,MC0642,MC0642,inherited_block_provisional_distinct,moderate,C1-C423 inherited from González Riga et al. (2018),"Wilson & Upchurch, 2009; Mannion et al., 2013",,,MC0451,0.1808,"No existing canonical concept was merged in this conservative first pass. The highest lexical candidate is retained for review, but the character keeps a separate canonical ID until stronger lineage evidence supports equivalence."
REL-M19-250,,M19:C250,MC0643,MC0643,inherited_block_provisional_distinct,moderate,C1-C423 inherited from González Riga et al. (2018),"Mannion & Calvo, 2011; Mannion et al., 2013",,,MC0162,0.1974,"No existing canonical concept was merged in this conservative first pass. The highest lexical candidate is retained for review, but the character keeps a separate canonical ID until stronger lineage evidence supports equivalence."
REL-M19-251,,M19:C251,MC0644,MC0644,inherited_block_provisional_distinct,moderate,C1-C423 inherited from González Riga et al. (2018),"Naish & Martill, 2001; Mannion et al., 2013",,,MC0447,0.2323,"No existing canonical concept was merged in this conservative first pass. The highest lexical candidate is retained for review, but the character keeps a separate canonical ID until stronger lineage evidence supports equivalence."
REL-M19-252,,M19:C252,MC0453,MC0645,inherited_block_provisional_distinct,moderate,C1-C423 inherited from González Riga et al. (2018),"D’Emic, 2012; Mannion et al., 2013",,,MC0453,0.3388,"No existing canonical concept was merged in this conservative first pass. The highest lexical candidate is retained for review, but the character keeps a separate canonical ID until stronger lineage evidence supports equivalence."
REL-M19-253,,M19:C253,MC0193,MC0646,inherited_block_provisional_distinct,moderate,C1-C423 inherited from González Riga et al. (2018),"McIntosh, 1990; Upchurch, 1998; Wilson, 2002",,,MC0193,0.2379,"No existing canonical concept was merged in this conservative first pass. The highest lexical candidate is retained for review, but the character keeps a separate canonical ID until stronger lineage evidence supports equivalence."
REL-M19-254,C12:C271,M19:C254,MC0394,MC0394,probable_equivalent,moderate,C1-C423 inherited from González Riga et al. (2018),"Upchurch, 1995, 1998; Wilson and Sereno, 1998; revised here to add an extra state",,,MC0394,0.4724,"Existing canonical concept reused after definition-level comparison. M19-specific thresholds, state polarity, serial scope, or wording are preserved in the occurrence record."
REL-M19-255,,M19:C255,MC0647,MC0647,inherited_block_provisional_distinct,moderate,C1-C423 inherited from González Riga et al. (2018),"McIntosh, 1990; Calvo & Salgado, 1995; Salgado et al., 1997; Royo-Torres, 2009; Royo-Torres et al., 2012; Mannion et al., 2013",,,MC0199,0.1839,"No existing canonical concept was merged in this conservative first pass. The highest lexical candidate is retained for review, but the character keeps a separate canonical ID until stronger lineage evidence supports equivalence."
REL-M19-256,,M19:C256,MC0648,MC0648,inherited_block_provisional_distinct,moderate,C1-C423 inherited from González Riga et al. (2018),"Mannion et al., 2013",,,MC0199,0.1507,"No existing canonical concept was merged in this conservative first pass. The highest lexical candidate is retained for review, but the character keeps a separate canonical ID until stronger lineage evidence supports equivalence."
REL-M19-257,,M19:C257,MC0456,MC0649,inherited_block_provisional_distinct,moderate,C1-C423 inherited from González Riga et al. (2018),"Otero, 2010; D’Emic, 2012",,,MC0456,0.2209,"No existing canonical concept was merged in this conservative first pass. The highest lexical candidate is retained for review, but the character keeps a separate canonical ID until stronger lineage evidence supports equivalence."
REL-M19-258,,M19:C258,MC0650,MC0650,inherited_block_provisional_distinct,moderate,C1-C423 inherited from González Riga et al. (2018),"Gallina & Apesteguía, 2005; Whitlock, 2011a",,,MC0196,0.2629,"No existing canonical concept was merged in this conservative first pass. The highest lexical candidate is retained for review, but the character keeps a separate canonical ID until stronger lineage evidence supports equivalence."
REL-M19-259,,M19:C259,MC0201,MC0651,inherited_block_provisional_distinct,moderate,C1-C423 inherited from González Riga et al. (2018),"Wilson, 2002; Mannion et al., 2013",,,MC0201,0.5057,"No existing canonical concept was merged in this conservative first pass. The highest lexical candidate is retained for review, but the character keeps a separate canonical ID until stronger lineage evidence supports equivalence."
REL-M19-260,WIL02_REF:C204,M19:C260,MC0204,MC0204,states_reversed,high,C1-C423 inherited from González Riga et al. (2018),"Wilson & Sereno, 1998; Mannion et al., 2013; note that the tibia is oriented so that the flat, mediolaterally wide triangular surface of the distal end faces anteriorly",,,MC0204,0.4051,"Existing canonical concept reused after definition-level comparison. M19-specific thresholds, state polarity, serial scope, or wording are preserved in the occurrence record."
REL-M19-261,,M19:C261,MC0652,MC0652,inherited_block_provisional_distinct,moderate,C1-C423 inherited from González Riga et al. (2018),"the ‘second cnemial crest’ of Bonaparte et al., 2000 | Bonaparte et al., 2000; Mannion et al., 2013",,,MC0204,0.2676,"No existing canonical concept was merged in this conservative first pass. The highest lexical candidate is retained for review, but the character keeps a separate canonical ID until stronger lineage evidence supports equivalence."
REL-M19-262,,M19:C262,MC0457,MC0653,inherited_block_provisional_distinct,moderate,C1-C423 inherited from González Riga et al. (2018),"Wilson & Upchurch, 2009; D’Emic, 2012; Mannion et al., 2013",,,MC0457,0.2372,"No existing canonical concept was merged in this conservative first pass. The highest lexical candidate is retained for review, but the character keeps a separate canonical ID until stronger lineage evidence supports equivalence."
REL-M19-263,,M19:C263,MC0654,MC0654,inherited_block_provisional_distinct,moderate,C1-C423 inherited from González Riga et al. (2018),"Powell, 1992; Upchurch, 1998",,,MC0208,0.231,"No existing canonical concept was merged in this conservative first pass. The highest lexical candidate is retained for review, but the character keeps a separate canonical ID until stronger lineage evidence supports equivalence."
REL-M19-264,,M19:C264,MC0459,MC0655,inherited_block_provisional_distinct,moderate,C1-C423 inherited from González Riga et al. (2018),"Canudo et al., 2008; Royo-Torres, 2009",,,MC0459,0.3549,"No existing canonical concept was merged in this conservative first pass. The highest lexical candidate is retained for review, but the character keeps a separate canonical ID until stronger lineage evidence supports equivalence."
REL-M19-265,,M19:C265,MC0403,MC0656,inherited_block_provisional_distinct,moderate,C1-C423 inherited from González Riga et al. (2018),"Cooper, 1981; Upchurch, 1995, 1998; Wilson & Sereno, 1998",,,MC0210,0.3034,"No existing canonical concept was merged in this conservative first pass. The highest lexical candidate is retained for review, but the character keeps a separate canonical ID until stronger lineage evidence supports equivalence."
REL-M19-266,WIL02_REF:C212,M19:C266,MC0212,MC0212,states_or_scope_modified,moderate,C1-C423 inherited from González Riga et al. (2018),"Wilson & Sereno, 1998; Wilson, 2002; revised here following Tschopp et al., 2015a",,,MC0212,0.7229,"Existing canonical concept reused after definition-level comparison. M19-specific thresholds, state polarity, serial scope, or wording are preserved in the occurrence record."
REL-M19-267,,M19:C267,MC0657,MC0657,inherited_block_provisional_distinct,moderate,C1-C423 inherited from González Riga et al. (2018),"Wilson & Upchurch, 2009; Mannion et al., 2013",,,MC0245,0.2213,"No existing canonical concept was merged in this conservative first pass. The highest lexical candidate is retained for review, but the character keeps a separate canonical ID until stronger lineage evidence supports equivalence."
REL-M19-268,KN10:C243,M19:C268,MC0255,MC0255,equivalent,high,C1-C423 inherited from González Riga et al. (2018),"Wilson & Upchurch, 2009; Ksepka & Norell, 2010",,,MC0255,0.8353,"Existing canonical concept reused after definition-level comparison. M19-specific thresholds, state polarity, serial scope, or wording are preserved in the occurrence record."
REL-M19-269,,M19:C269,MC0462,MC0658,inherited_block_provisional_distinct,moderate,C1-C423 inherited from González Riga et al. (2018),"D’Emic, 2012; Mannion et al., 2013",,,MC0212,0.293,"No existing canonical concept was merged in this conservative first pass. The highest lexical candidate is retained for review, but the character keeps a separate canonical ID until stronger lineage evidence supports equivalence."
REL-M19-270,WIL02_REF:C215,M19:C270,MC0215,MC0215,equivalent,high,C1-C423 inherited from González Riga et al. (2018),"McIntosh, 1990; Upchurch, 1995, 1998",,,MC0215,0.7897,"Existing canonical concept reused after definition-level comparison. M19-specific thresholds, state polarity, serial scope, or wording are preserved in the occurrence record."
REL-M19-271,,M19:C271,MC0659,MC0659,inherited_block_provisional_distinct,moderate,C1-C423 inherited from González Riga et al. (2018),"Wilson & Upchurch, 2009; Mannion et al., 2013",,,MC0215,0.274,"No existing canonical concept was merged in this conservative first pass. The highest lexical candidate is retained for review, but the character keeps a separate canonical ID until stronger lineage evidence supports equivalence."
REL-M19-272,,M19:C272,MC0660,MC0660,inherited_block_provisional_distinct,moderate,C1-C423 inherited from González Riga et al. (2018),"Berman & McIntosh, 1978; McIntosh, 1990; Upchurch, 1995, 1998; D’Emic et al., 2011; Mannion et al., 2013",,,MC0300,0.2119,"No existing canonical concept was merged in this conservative first pass. The highest lexical candidate is retained for review, but the character keeps a separate canonical ID until stronger lineage evidence supports equivalence."
REL-M19-273,,M19:C273,MC0661,MC0661,inherited_block_provisional_distinct,moderate,C1-C423 inherited from González Riga et al. (2018),"Mannion et al., 2013",,,MC0300,0.3096,"No existing canonical concept was merged in this conservative first pass. The highest lexical candidate is retained for review, but the character keeps a separate canonical ID until stronger lineage evidence supports equivalence."
REL-M19-274,,M19:C274,MC0662,MC0662,inherited_block_provisional_distinct,moderate,C1-C423 inherited from González Riga et al. (2018),"D’Emic et al., 2011; Mannion et al., 2013",,,MC0300,0.3684,"No existing canonical concept was merged in this conservative first pass. The highest lexical candidate is retained for review, but the character keeps a separate canonical ID until stronger lineage evidence supports equivalence."
REL-M19-275,,M19:C275,MC0463,MC0663,inherited_block_provisional_distinct,moderate,C1-C423 inherited from González Riga et al. (2018),"D’Emic et al., 2011; D’Emic, 2012",,,MC0300,0.3665,"No existing canonical concept was merged in this conservative first pass. The highest lexical candidate is retained for review, but the character keeps a separate canonical ID until stronger lineage evidence supports equivalence."
REL-M19-276,,M19:C276,MC0464,MC0664,inherited_block_provisional_distinct,moderate,C1-C423 inherited from González Riga et al. (2018),"D’Emic, 2012",,,MC0464,0.507,"No existing canonical concept was merged in this conservative first pass. The highest lexical candidate is retained for review, but the character keeps a separate canonical ID until stronger lineage evidence supports equivalence."
REL-M19-277,C12:C324,M19:C277,MC0410,MC0410,states_or_scope_modified,moderate,C1-C423 inherited from González Riga et al. (2018),"Upchurch, 1995, 1998; Upchurch et al., 2004",,,MC0410,0.4829,"Existing canonical concept reused after definition-level comparison. M19-specific thresholds, state polarity, serial scope, or wording are preserved in the occurrence record."
REL-M19-278,,M19:C278,MC0665,MC0665,inherited_block_provisional_distinct,moderate,C1-C423 inherited from González Riga et al. (2018),"Canudo et al., 2008; Mannion et al., 2013",,,MC0228,0.2788,"No existing canonical concept was merged in this conservative first pass. The highest lexical candidate is retained for review, but the character keeps a separate canonical ID until stronger lineage evidence supports equivalence."
REL-M19-279,WIL02_REF:C234,M19:C279,MC0234,MC0234,equivalent,high,C1-C423 inherited from González Riga et al. (2018),"Wilson, 2002; note that taxa are only coded as the plesiomor- phic state when osteoderms are not found associated with a relatively complete postcranial skeleton or a specimen preserving numerous axial elements",,,MC0234,1.0,"Existing canonical concept reused after definition-level comparison. M19-specific thresholds, state polarity, serial scope, or wording are preserved in the occurrence record."
REL-M19-280,,M19:C280,MC0666,MC0666,inherited_block_provisional_distinct,moderate,C1-C423 inherited from González Riga et al. (2018),"Borsuk-Białynicka, 1977; Upchurch et al., 2015",,,MC0445,0.3217,"No existing canonical concept was merged in this conservative first pass. The highest lexical candidate is retained for review, but the character keeps a separate canonical ID until stronger lineage evidence supports equivalence."
REL-M19-281,,M19:C281,MC0667,MC0667,inherited_block_provisional_distinct,moderate,C1-C423 inherited from González Riga et al. (2018),"Upchurch et al., 2015",,,MC0457,0.2086,"No existing canonical concept was merged in this conservative first pass. The highest lexical candidate is retained for review, but the character keeps a separate canonical ID until stronger lineage evidence supports equivalence."
REL-M19-282,,M19:C282,MC0668,MC0668,inherited_block_provisional_distinct,moderate,C1-C423 inherited from González Riga et al. (2018),"Upchurch et al., 2015",,,MC0210,0.1894,"No existing canonical concept was merged in this conservative first pass. The highest lexical candidate is retained for review, but the character keeps a separate canonical ID until stronger lineage evidence supports equivalence."
REL-M19-283,,M19:C283,MC0669,MC0669,inherited_block_provisional_distinct,moderate,C1-C423 inherited from González Riga et al. (2018),"Upchurch et al., 2015",,,MC0386,0.1874,"No existing canonical concept was merged in this conservative first pass. The highest lexical candidate is retained for review, but the character keeps a separate canonical ID until stronger lineage evidence supports equivalence."
REL-M19-284,,M19:C284,MC0670,MC0670,inherited_block_provisional_distinct,moderate,C1-C423 inherited from González Riga et al. (2018),"Borsuk-Białynicka, 1977; Upchurch et al., 2015",,,MC0386,0.1282,"No existing canonical concept was merged in this conservative first pass. The highest lexical candidate is retained for review, but the character keeps a separate canonical ID until stronger lineage evidence supports equivalence."
REL-M19-285,,M19:C285,MC0671,MC0671,inherited_block_provisional_distinct,moderate,C1-C423 inherited from González Riga et al. (2018),"D’Emic, 2013; Upchurch et al., 2015",,,MC0270,0.132,"No existing canonical concept was merged in this conservative first pass. The highest lexical candidate is retained for review, but the character keeps a separate canonical ID until stronger lineage evidence supports equivalence."
REL-M19-286,,M19:C286,MC0672,MC0672,inherited_block_provisional_distinct,moderate,C1-C423 inherited from González Riga et al. (2018),"Upchurch, 1998; Whitlock, 2011a; Poropat et al., 2016; note that this can be cal- culated using the lower jaw when the skull is incom- plete",,,MC0172,0.1617,"No existing canonical concept was merged in this conservative first pass. The highest lexical candidate is retained for review, but the character keeps a separate canonical ID until stronger lineage evidence supports equivalence."
REL-M19-287,,M19:C287,MC0673,MC0673,inherited_block_provisional_distinct,moderate,C1-C423 inherited from González Riga et al. (2018),"Whitlock, 2011a",,,MC0260,0.3019,"No existing canonical concept was merged in this conservative first pass. The highest lexical candidate is retained for review, but the character keeps a separate canonical ID until stronger lineage evidence supports equivalence."
REL-M19-288,,M19:C288,MC0674,MC0674,inherited_block_provisional_distinct,moderate,C1-C423 inherited from González Riga et al. (2018),"Wilson, 2002, 2005b",,,MC0258,0.1427,"No existing canonical concept was merged in this conservative first pass. The highest lexical candidate is retained for review, but the character keeps a separate canonical ID until stronger lineage evidence supports equivalence."
REL-M19-289,,M19:C289,MC0675,MC0675,inherited_block_provisional_distinct,moderate,C1-C423 inherited from González Riga et al. (2018),"Zaher et al., 2011",,,MC0004,0.6945,"No existing canonical concept was merged in this conservative first pass. The highest lexical candidate is retained for review, but the character keeps a separate canonical ID until stronger lineage evidence supports equivalence."
REL-M19-290,,M19:C290,MC0676,MC0676,inherited_block_provisional_distinct,moderate,C1-C423 inherited from González Riga et al. (2018),"Marpmann et al., 2015; Poropat et al., 2016",,,MC0004,0.5287,"No existing canonical concept was merged in this conservative first pass. The highest lexical candidate is retained for review, but the character keeps a separate canonical ID until stronger lineage evidence supports equivalence."
REL-M19-291,,M19:C291,MC0677,MC0677,inherited_block_provisional_distinct,moderate,C1-C423 inherited from González Riga et al. (2018),"Zaher et al., 2011; Carballido et al., 2012; Poropat et al., 2016",,,MC0004,0.3349,"No existing canonical concept was merged in this conservative first pass. The highest lexical candidate is retained for review, but the character keeps a separate canonical ID until stronger lineage evidence supports equivalence."
REL-M19-292,,M19:C292,MC0678,MC0678,inherited_block_provisional_distinct,moderate,C1-C423 inherited from González Riga et al. (2018),"Whitlock, 2011a",,,MC0212,0.2315,"No existing canonical concept was merged in this conservative first pass. The highest lexical candidate is retained for review, but the character keeps a separate canonical ID until stronger lineage evidence supports equivalence."
REL-M19-293,,M19:C293,MC0679,MC0679,inherited_block_provisional_distinct,moderate,C1-C423 inherited from González Riga et al. (2018),"Curry Rogers, 2005; Poropat et al., 2016",,,MC0010,0.2197,"No existing canonical concept was merged in this conservative first pass. The highest lexical candidate is retained for review, but the character keeps a separate canonical ID until stronger lineage evidence supports equivalence."
REL-M19-294,,M19:C294,MC0680,MC0680,inherited_block_provisional_distinct,moderate,C1-C423 inherited from González Riga et al. (2018),"Upchurch, 1995; Poropat et al., 2016",,,MC0031,0.3286,"No existing canonical concept was merged in this conservative first pass. The highest lexical candidate is retained for review, but the character keeps a separate canonical ID until stronger lineage evidence supports equivalence."
REL-M19-295,,M19:C295,MC0681,MC0681,inherited_block_provisional_distinct,moderate,C1-C423 inherited from González Riga et al. (2018),"Tschopp et al., 2015a",,,MC0011,0.3153,"No existing canonical concept was merged in this conservative first pass. The highest lexical candidate is retained for review, but the character keeps a separate canonical ID until stronger lineage evidence supports equivalence."
REL-M19-296,,M19:C296,MC0012,MC0682,inherited_block_provisional_distinct,moderate,C1-C423 inherited from González Riga et al. (2018),"Upchurch, 1995",,,MC0012,0.5542,"No existing canonical concept was merged in this conservative first pass. The highest lexical candidate is retained for review, but the character keeps a separate canonical ID until stronger lineage evidence supports equivalence."
REL-M19-297,,M19:C297,MC0020,MC0683,inherited_block_provisional_distinct,moderate,C1-C423 inherited from González Riga et al. (2018),"Whitlock, 2011a; Tschopp & Mateus, 2013; Poropat et al., 2016; revised here to add an extra state",,,MC0020,0.4961,"No existing canonical concept was merged in this conservative first pass. The highest lexical candidate is retained for review, but the character keeps a separate canonical ID until stronger lineage evidence supports equivalence."
REL-M19-298,,M19:C298,MC0684,MC0684,inherited_block_provisional_distinct,moderate,C1-C423 inherited from González Riga et al. (2018),"Whitlock et al., 2010; Poropat et al., 2016",,,MC0010,0.3512,"No existing canonical concept was merged in this conservative first pass. The highest lexical candidate is retained for review, but the character keeps a separate canonical ID until stronger lineage evidence supports equivalence."
REL-M19-299,,M19:C299,MC0018,MC0685,inherited_block_provisional_distinct,moderate,C1-C423 inherited from González Riga et al. (2018),"Wilson & Sereno, 1998",,,MC0018,0.3657,"No existing canonical concept was merged in this conservative first pass. The highest lexical candidate is retained for review, but the character keeps a separate canonical ID until stronger lineage evidence supports equivalence."
REL-M19-300,WIL02_REF:C8,M19:C300,MC0008,MC0008,states_or_scope_modified,high,C1-C423 inherited from González Riga et al. (2018),"McIntosh, 1990; Upchurch, 1995; Whitlock, 2011a",,,MC0008,0.776,"Existing canonical concept reused after definition-level comparison. M19-specific thresholds, state polarity, serial scope, or wording are preserved in the occurrence record."
REL-M19-301,,M19:C301,MC0310,MC0686,inherited_block_provisional_distinct,moderate,C1-C423 inherited from González Riga et al. (2018),"Harris, 2006b; Poropat et al., 2016",,,MC0310,0.2402,"No existing canonical concept was merged in this conservative first pass. The highest lexical candidate is retained for review, but the character keeps a separate canonical ID until stronger lineage evidence supports equivalence."
REL-M19-302,,M19:C302,MC0017,MC0687,inherited_block_provisional_distinct,moderate,C1-C423 inherited from González Riga et al. (2018),"Wilson, 2002, 2005b",,,MC0017,0.5915,"No existing canonical concept was merged in this conservative first pass. The highest lexical candidate is retained for review, but the character keeps a separate canonical ID until stronger lineage evidence supports equivalence."
REL-M19-303,,M19:C303,MC0688,MC0688,inherited_block_provisional_distinct,moderate,C1-C423 inherited from González Riga et al. (2018),"Curry Rogers, 2005; Poropat et al., 2016",,,MC0014,0.1502,"No existing canonical concept was merged in this conservative first pass. The highest lexical candidate is retained for review, but the character keeps a separate canonical ID until stronger lineage evidence supports equivalence."
REL-M19-304,,M19:C304,MC0689,MC0689,inherited_block_provisional_distinct,moderate,C1-C423 inherited from González Riga et al. (2018),"Curry Rogers & Forster, 2004; Curry Rogers, 2005; Poropat et al., 2016",,,MC0258,0.157,"No existing canonical concept was merged in this conservative first pass. The highest lexical candidate is retained for review, but the character keeps a separate canonical ID until stronger lineage evidence supports equivalence."
REL-M19-305,,M19:C305,MC0690,MC0690,inherited_block_provisional_distinct,moderate,C1-C423 inherited from González Riga et al. (2018),"Curry Rogers & Forster, 2004; Wilson, 2005a; Poropat et al., 2016",,,MC0321,0.1539,"No existing canonical concept was merged in this conservative first pass. The highest lexical candidate is retained for review, but the character keeps a separate canonical ID until stronger lineage evidence supports equivalence."
REL-M19-306,,M19:C306,MC0691,MC0691,inherited_block_provisional_distinct,moderate,C1-C423 inherited from González Riga et al. (2018),"Zaher et al., 2011; Poropat et al., 2016",,,MC0012,0.2728,"No existing canonical concept was merged in this conservative first pass. The highest lexical candidate is retained for review, but the character keeps a separate canonical ID until stronger lineage evidence supports equivalence."
REL-M19-307,WIL02_REF:C36,M19:C307,MC0036,MC0036,states_or_scope_modified,moderate,C1-C423 inherited from González Riga et al. (2018),"Wilson, 2002",,,MC0036,0.4528,"Existing canonical concept reused after definition-level comparison. M19-specific thresholds, state polarity, serial scope, or wording are preserved in the occurrence record."
REL-M19-308,GA11:C14,M19:C308,MC0262,MC0262,equivalent,high,C1-C423 inherited from González Riga et al. (2018),"Curry Rogers & Forster, 2004; Curry Rogers, 2005; González Riga et al., 2009",,,MC0262,0.4504,"Existing canonical concept reused after definition-level comparison. M19-specific thresholds, state polarity, serial scope, or wording are preserved in the occurrence record."
REL-M19-309,,M19:C309,MC0692,MC0692,inherited_block_provisional_distinct,moderate,C1-C423 inherited from González Riga et al. (2018),"Poropat et al., 2016",,,MC0262,0.2251,"No existing canonical concept was merged in this conservative first pass. The highest lexical candidate is retained for review, but the character keeps a separate canonical ID until stronger lineage evidence supports equivalence."
REL-M19-310,,M19:C310,MC0693,MC0693,inherited_block_provisional_distinct,moderate,C1-C423 inherited from González Riga et al. (2018),"Berman & McIntosh, 1978; Upchurch, 1995, 1998; Tschopp et al., 2015a; Poropat et al., 2016",,,MC0154,0.3067,"No existing canonical concept was merged in this conservative first pass. The highest lexical candidate is retained for review, but the character keeps a separate canonical ID until stronger lineage evidence supports equivalence."
REL-M19-311,,M19:C311,MC0694,MC0694,inherited_block_provisional_distinct,moderate,C1-C423 inherited from González Riga et al. (2018),"Upchurch, 1995, 1998; Mannion et al., 2012",,,MC0047,0.3754,"No existing canonical concept was merged in this conservative first pass. The highest lexical candidate is retained for review, but the character keeps a separate canonical ID until stronger lineage evidence supports equivalence."
REL-M19-312,,M19:C312,MC0053,MC0695,inherited_block_provisional_distinct,moderate,C1-C423 inherited from González Riga et al. (2018),"McIntosh, 1990; Wilson, 2002; Whitlock, 2011a; Mannion et al., 2012; Poropat et al., 2016",,,MC0053,0.5155,"No existing canonical concept was merged in this conservative first pass. The highest lexical candidate is retained for review, but the character keeps a separate canonical ID until stronger lineage evidence supports equivalence."
REL-M19-313,,M19:C313,MC0696,MC0696,inherited_block_provisional_distinct,moderate,C1-C423 inherited from González Riga et al. (2018),"Upchurch, 1995, 1998",,,MC0262,0.165,"No existing canonical concept was merged in this conservative first pass. The highest lexical candidate is retained for review, but the character keeps a separate canonical ID until stronger lineage evidence supports equivalence."
REL-M19-314,,M19:C314,MC0697,MC0697,inherited_block_provisional_distinct,moderate,C1-C423 inherited from González Riga et al. (2018),"Curry Rogers, 2005; Poropat et al., 2016",,,MC0047,0.3277,"No existing canonical concept was merged in this conservative first pass. The highest lexical candidate is retained for review, but the character keeps a separate canonical ID until stronger lineage evidence supports equivalence."
REL-M19-315,,M19:C315,MC0698,MC0698,inherited_block_provisional_distinct,moderate,C1-C423 inherited from González Riga et al. (2018),"Remes, 2009; Poropat et al., 2016",,,MC0350,0.138,"No existing canonical concept was merged in this conservative first pass. The highest lexical candidate is retained for review, but the character keeps a separate canonical ID until stronger lineage evidence supports equivalence."
REL-M19-316,,M19:C316,MC0699,MC0699,inherited_block_provisional_distinct,moderate,C1-C423 inherited from González Riga et al. (2018),"Paulina Carabajal, 2012; Poropat et al., 2016",,,MC0052,0.1382,"No existing canonical concept was merged in this conservative first pass. The highest lexical candidate is retained for review, but the character keeps a separate canonical ID until stronger lineage evidence supports equivalence."
REL-M19-317,,M19:C317,MC0700,MC0700,inherited_block_provisional_distinct,moderate,C1-C423 inherited from González Riga et al. (2018),"Paulina Carabajal, 2012; Poropat et al., 2016",,,MC0050,0.1544,"No existing canonical concept was merged in this conservative first pass. The highest lexical candidate is retained for review, but the character keeps a separate canonical ID until stronger lineage evidence supports equivalence."
REL-M19-318,,M19:C318,MC0701,MC0701,inherited_block_provisional_distinct,moderate,C1-C423 inherited from González Riga et al. (2018),"Paulina Carabajal, 2012; Poropat et al., 2016",,,MC0051,0.2782,"No existing canonical concept was merged in this conservative first pass. The highest lexical candidate is retained for review, but the character keeps a separate canonical ID until stronger lineage evidence supports equivalence."
REL-M19-319,,M19:C319,MC0702,MC0702,inherited_block_provisional_distinct,moderate,C1-C423 inherited from González Riga et al. (2018),"Salgado & Calvo, 1997; Upchurch, 1998; Wilson, 2002; Poropat et al., 2016",,,MC0057,0.2283,"No existing canonical concept was merged in this conservative first pass. The highest lexical candidate is retained for review, but the character keeps a separate canonical ID until stronger lineage evidence supports equivalence."
REL-M19-320,,M19:C320,MC0333,MC0703,inherited_block_provisional_distinct,moderate,C1-C423 inherited from González Riga et al. (2018),"Upchurch, 1995; Poropat et al., 2016",,,MC0333,0.5605,"No existing canonical concept was merged in this conservative first pass. The highest lexical candidate is retained for review, but the character keeps a separate canonical ID until stronger lineage evidence supports equivalence."
REL-M19-321,,M19:C321,MC0704,MC0704,inherited_block_provisional_distinct,moderate,C1-C423 inherited from González Riga et al. (2018),"González Riga & Ortíz David, 2014; Poropat et al., 2016",,,MC0079,0.2129,"No existing canonical concept was merged in this conservative first pass. The highest lexical candidate is retained for review, but the character keeps a separate canonical ID until stronger lineage evidence supports equivalence."
REL-M19-322,,M19:C322,MC0705,MC0705,inherited_block_provisional_distinct,moderate,C1-C423 inherited from González Riga et al. (2018),"Upchurch et al., 2007; Poropat et al., 2016",,,MC0219,0.1168,"No existing canonical concept was merged in this conservative first pass. The highest lexical candidate is retained for review, but the character keeps a separate canonical ID until stronger lineage evidence supports equivalence."
REL-M19-323,,M19:C323,MC0706,MC0706,inherited_block_provisional_distinct,moderate,C1-C423 inherited from González Riga et al. (2018),"Whitlock, 2011a; Poropat et al., 2016",,,MC0084,0.1933,"No existing canonical concept was merged in this conservative first pass. The highest lexical candidate is retained for review, but the character keeps a separate canonical ID until stronger lineage evidence supports equivalence."
REL-M19-324,,M19:C324,MC0707,MC0707,inherited_block_provisional_distinct,moderate,C1-C423 inherited from González Riga et al. (2018),"Carballido et al., 2012",,,MC0086,0.1984,"No existing canonical concept was merged in this conservative first pass. The highest lexical candidate is retained for review, but the character keeps a separate canonical ID until stronger lineage evidence supports equivalence."
REL-M19-325,,M19:C325,MC0708,MC0708,inherited_block_provisional_distinct,moderate,C1-C423 inherited from González Riga et al. (2018),"Curry Rogers, 2005, 2009; Poropat et al., 2016",,,MC0248,0.1748,"No existing canonical concept was merged in this conservative first pass. The highest lexical candidate is retained for review, but the character keeps a separate canonical ID until stronger lineage evidence supports equivalence."
REL-M19-326,,M19:C326,MC0709,MC0709,inherited_block_provisional_distinct,moderate,C1-C423 inherited from González Riga et al. (2018),"Curry Rogers, 2005",,,MC0133,0.3829,"No existing canonical concept was merged in this conservative first pass. The highest lexical candidate is retained for review, but the character keeps a separate canonical ID until stronger lineage evidence supports equivalence."
REL-M19-327,,M19:C327,MC0710,MC0710,inherited_block_provisional_distinct,moderate,C1-C423 inherited from González Riga et al. (2018),"Rauhut et al., 2005; Whitlock, 2011a",,,MC0426,0.3978,"No existing canonical concept was merged in this conservative first pass. The highest lexical candidate is retained for review, but the character keeps a separate canonical ID until stronger lineage evidence supports equivalence."
REL-M19-328,,M19:C328,MC0711,MC0711,inherited_block_provisional_distinct,moderate,C1-C423 inherited from González Riga et al. (2018),"Tschopp & Mateus, 2013; Poropat et al., 2016",,,MC0087,0.2222,"No existing canonical concept was merged in this conservative first pass. The highest lexical candidate is retained for review, but the character keeps a separate canonical ID until stronger lineage evidence supports equivalence."
REL-M19-329,,M19:C329,MC0712,MC0712,inherited_block_provisional_distinct,moderate,C1-C423 inherited from González Riga et al. (2018),"Tschopp & Mateus, 2013",,,MC0427,0.2108,"No existing canonical concept was merged in this conservative first pass. The highest lexical candidate is retained for review, but the character keeps a separate canonical ID until stronger lineage evidence supports equivalence."
REL-M19-330,,M19:C330,MC0429,MC0713,inherited_block_provisional_distinct,moderate,C1-C423 inherited from González Riga et al. (2018),"González Riga, 2005; D’Emic, 2012; Poropat et al., 2016",,,MC0429,0.3666,"No existing canonical concept was merged in this conservative first pass. The highest lexical candidate is retained for review, but the character keeps a separate canonical ID until stronger lineage evidence supports equivalence."
REL-M19-331,,M19:C331,MC0714,MC0714,inherited_block_provisional_distinct,moderate,C1-C423 inherited from González Riga et al. (2018),"Poropat et al., 2015a, 2016",,,MC0262,0.2124,"No existing canonical concept was merged in this conservative first pass. The highest lexical candidate is retained for review, but the character keeps a separate canonical ID until stronger lineage evidence supports equivalence."
REL-M19-332,,M19:C332,MC0715,MC0715,inherited_block_provisional_distinct,moderate,C1-C423 inherited from González Riga et al. (2018),"Mannion et al., 2012; Poropat et al., 2016",,,MC0250,0.385,"No existing canonical concept was merged in this conservative first pass. The highest lexical candidate is retained for review, but the character keeps a separate canonical ID until stronger lineage evidence supports equivalence."
REL-M19-333,,M19:C333,MC0716,MC0716,inherited_block_provisional_distinct,moderate,C1-C423 inherited from González Riga et al. (2018),"Upchurch et al., 2004; Curry Rogers, 2005; Poropat et al., 2016",,,MC0016,0.257,"No existing canonical concept was merged in this conservative first pass. The highest lexical candidate is retained for review, but the character keeps a separate canonical ID until stronger lineage evidence supports equivalence."
REL-M19-334,,M19:C334,MC0717,MC0717,inherited_block_provisional_distinct,moderate,C1-C423 inherited from González Riga et al. (2018),"Salgado et al., 1997; Mannion et al., 2012",,,MC0434,0.2341,"No existing canonical concept was merged in this conservative first pass. The highest lexical candidate is retained for review, but the character keeps a separate canonical ID until stronger lineage evidence supports equivalence."
REL-M19-335,,M19:C335,MC0718,MC0718,inherited_block_provisional_distinct,moderate,C1-C423 inherited from González Riga et al. (2018),"Curry Rogers, 2005; Poropat et al., 2016",,,MC0426,0.2765,"No existing canonical concept was merged in this conservative first pass. The highest lexical candidate is retained for review, but the character keeps a separate canonical ID until stronger lineage evidence supports equivalence."
REL-M19-336,,M19:C336,MC0719,MC0719,inherited_block_provisional_distinct,moderate,C1-C423 inherited from González Riga et al. (2018),"González Riga, 2003; Curry Rogers, 2005, 2009; Gallina, 2011; Gallina & Apesteguía, 2011",,,MC0432,0.2876,"No existing canonical concept was merged in this conservative first pass. The highest lexical candidate is retained for review, but the character keeps a separate canonical ID until stronger lineage evidence supports equivalence."
REL-M19-337,,M19:C337,MC0720,MC0720,inherited_block_provisional_distinct,moderate,C1-C423 inherited from González Riga et al. (2018),"Carballido et al., 2012; Poropat et al., 2016",,,MC0347,0.1633,"No existing canonical concept was merged in this conservative first pass. The highest lexical candidate is retained for review, but the character keeps a separate canonical ID until stronger lineage evidence supports equivalence."
REL-M19-338,,M19:C338,MC0721,MC0721,inherited_block_provisional_distinct,moderate,C1-C423 inherited from González Riga et al. (2018),"Carballido et al., 2012; Poropat et al., 2016",,,MC0282,0.2318,"No existing canonical concept was merged in this conservative first pass. The highest lexical candidate is retained for review, but the character keeps a separate canonical ID until stronger lineage evidence supports equivalence."
REL-M19-339,,M19:C339,MC0722,MC0722,inherited_block_provisional_distinct,moderate,C1-C423 inherited from González Riga et al. (2018),"Tschopp & Mateus, 2013",,,MC0098,0.2454,"No existing canonical concept was merged in this conservative first pass. The highest lexical candidate is retained for review, but the character keeps a separate canonical ID until stronger lineage evidence supports equivalence."
REL-M19-340,,M19:C340,MC0723,MC0723,inherited_block_provisional_distinct,moderate,C1-C423 inherited from González Riga et al. (2018),"Mannion et al., 2012; Poropat et al., 2016",,,MC0098,0.4138,"No existing canonical concept was merged in this conservative first pass. The highest lexical candidate is retained for review, but the character keeps a separate canonical ID until stronger lineage evidence supports equivalence."
REL-M19-341,,M19:C341,MC0724,MC0724,inherited_block_provisional_distinct,moderate,C1-C423 inherited from González Riga et al. (2018),"Carballido et al., 2012; Poropat et al., 2016",,,MC0394,0.1656,"No existing canonical concept was merged in this conservative first pass. The highest lexical candidate is retained for review, but the character keeps a separate canonical ID until stronger lineage evidence supports equivalence."
REL-M19-342,,M19:C342,MC0725,MC0725,inherited_block_provisional_distinct,moderate,C1-C423 inherited from González Riga et al. (2018),"Upchurch, 1995; Whitlock, 2011a; Carballido et al., 2012; Poropat et al., 2016",,,MC0089,0.2068,"No existing canonical concept was merged in this conservative first pass. The highest lexical candidate is retained for review, but the character keeps a separate canonical ID until stronger lineage evidence supports equivalence."
REL-M19-343,,M19:C343,MC0726,MC0726,inherited_block_provisional_distinct,moderate,C1-C423 inherited from González Riga et al. (2018),"Poropat et al., 2016; note that only taxa scored as ‘0’ for C169 are scored for this character",,,MC0275,0.304,"No existing canonical concept was merged in this conservative first pass. The highest lexical candidate is retained for review, but the character keeps a separate canonical ID until stronger lineage evidence supports equivalence."
REL-M19-344,,M19:C344,MC0345,MC0727,inherited_block_provisional_distinct,moderate,C1-C423 inherited from González Riga et al. (2018),"Upchurch et al., 2004; Poropat et al., 2016; note that the presence of an aSPDL can only be con- firmed when a pSPDL is also present",,,MC0099,0.3867,"No existing canonical concept was merged in this conservative first pass. The highest lexical candidate is retained for review, but the character keeps a separate canonical ID until stronger lineage evidence supports equivalence."
REL-M19-345,,M19:C345,MC0728,MC0728,inherited_block_provisional_distinct,moderate,C1-C423 inherited from González Riga et al. (2018),"Poropat et al., 2016; note that this refers to a bifurcation of the posterior SPDL when there are two SPDLs, rather than just the presence of an aSPDL and pSPDL",,,MC0099,0.3386,"No existing canonical concept was merged in this conservative first pass. The highest lexical candidate is retained for review, but the character keeps a separate canonical ID until stronger lineage evidence supports equivalence."
REL-M19-346,,M19:C346,MC0361,MC0729,inherited_block_provisional_distinct,moderate,C1-C423 inherited from González Riga et al. (2018),"Upchurch, 1998",,,MC0361,0.3835,"No existing canonical concept was merged in this conservative first pass. The highest lexical candidate is retained for review, but the character keeps a separate canonical ID until stronger lineage evidence supports equivalence."
REL-M19-347,,M19:C347,MC0730,MC0730,inherited_block_provisional_distinct,moderate,C1-C423 inherited from González Riga et al. (2018),"Salgado et al., 2005; D’Emic & Wilson, 2011; Poropat et al., 2016",,,MC0361,0.2918,"No existing canonical concept was merged in this conservative first pass. The highest lexical candidate is retained for review, but the character keeps a separate canonical ID until stronger lineage evidence supports equivalence."
REL-M19-348,,M19:C348,MC0731,MC0731,inherited_block_provisional_distinct,moderate,C1-C423 inherited from González Riga et al. (2018),"Martínez et al., 2004; Poropat et al., 2016; revised here so that only taxa with the derived state for C174 are scored",,,MC0111,0.243,"No existing canonical concept was merged in this conservative first pass. The highest lexical candidate is retained for review, but the character keeps a separate canonical ID until stronger lineage evidence supports equivalence."
REL-M19-349,,M19:C349,MC0732,MC0732,inherited_block_provisional_distinct,moderate,C1-C423 inherited from González Riga et al. (2018),"Wilson, 2002; Whitlock, 2011a; Poropat et al., 2016",,,MC0116,0.5184,"No existing canonical concept was merged in this conservative first pass. The highest lexical candidate is retained for review, but the character keeps a separate canonical ID until stronger lineage evidence supports equivalence."
REL-M19-350,,M19:C350,MC0733,MC0733,inherited_block_provisional_distinct,moderate,C1-C423 inherited from González Riga et al. (2018),"González Riga et al., 2009; Carballido et al., 2012; D’Emic et al., 2013; Poropat et al., 2016; revised here to only score for taxa with at least some amphicoelous caudal centra in the anterior–middle caudal sequence",,,MC0134,0.2559,"No existing canonical concept was merged in this conservative first pass. The highest lexical candidate is retained for review, but the character keeps a separate canonical ID until stronger lineage evidence supports equivalence."
REL-M19-351,,M19:C351,MC0734,MC0734,inherited_block_provisional_distinct,moderate,C1-C423 inherited from González Riga et al. (2018),"González Riga, 2003; Poropat et al., 2016",,,MC0132,0.1917,"No existing canonical concept was merged in this conservative first pass. The highest lexical candidate is retained for review, but the character keeps a separate canonical ID until stronger lineage evidence supports equivalence."
REL-M19-352,,M19:C352,MC0735,MC0735,inherited_block_provisional_distinct,moderate,C1-C423 inherited from González Riga et al. (2018),"Santucci & Arruda-Campos, 2011",,,MC0125,0.2069,"No existing canonical concept was merged in this conservative first pass. The highest lexical candidate is retained for review, but the character keeps a separate canonical ID until stronger lineage evidence supports equivalence."
REL-M19-353,,M19:C353,MC0736,MC0736,inherited_block_provisional_distinct,moderate,C1-C423 inherited from González Riga et al. (2018),"D’Emic, 2012; Mannion et al., 2012; note that this is best observed in lateral view",,,MC0121,0.4057,"No existing canonical concept was merged in this conservative first pass. The highest lexical candidate is retained for review, but the character keeps a separate canonical ID until stronger lineage evidence supports equivalence."
REL-M19-354,,M19:C354,MC0737,MC0737,inherited_block_provisional_distinct,moderate,C1-C423 inherited from González Riga et al. (2018),"Mannion & Calvo, 2011; Poropat et al., 2016",,,MC0120,0.1457,"No existing canonical concept was merged in this conservative first pass. The highest lexical candidate is retained for review, but the character keeps a separate canonical ID until stronger lineage evidence supports equivalence."
REL-M19-355,,M19:C355,MC0738,MC0738,inherited_block_provisional_distinct,moderate,C1-C423 inherited from González Riga et al. (2018),"Kellner et al., 2005; D’Emic et al., 2013; Poropat et al., 2016",,,MC0462,0.1885,"No existing canonical concept was merged in this conservative first pass. The highest lexical candidate is retained for review, but the character keeps a separate canonical ID until stronger lineage evidence supports equivalence."
REL-M19-356,,M19:C356,MC0440,MC0739,inherited_block_provisional_distinct,moderate,C1-C423 inherited from González Riga et al. (2018),"Powell, 1987, 2003; Santucci & Arruda-Campos, 2011; D’Emic, 2012",,,MC0440,0.5538,"No existing canonical concept was merged in this conservative first pass. The highest lexical candidate is retained for review, but the character keeps a separate canonical ID until stronger lineage evidence supports equivalence."
REL-M19-357,,M19:C357,MC0740,MC0740,inherited_block_provisional_distinct,moderate,C1-C423 inherited from González Riga et al. (2018),"Santucci & Arruda-Campos, 2011; Poropat et al., 2016",,,MC0440,0.19,"No existing canonical concept was merged in this conservative first pass. The highest lexical candidate is retained for review, but the character keeps a separate canonical ID until stronger lineage evidence supports equivalence."
REL-M19-358,,M19:C358,MC0741,MC0741,inherited_block_provisional_distinct,moderate,C1-C423 inherited from González Riga et al. (2018),"Poropat et al., 2015a, 2016",,,MC0378,0.1697,"No existing canonical concept was merged in this conservative first pass. The highest lexical candidate is retained for review, but the character keeps a separate canonical ID until stronger lineage evidence supports equivalence."
REL-M19-359,,M19:C359,MC0376,MC0742,inherited_block_provisional_distinct,moderate,C1-C423 inherited from González Riga et al. (2018),"Sanz et al., 1999; Upchurch et al., 2004",,,MC0376,0.3416,"No existing canonical concept was merged in this conservative first pass. The highest lexical candidate is retained for review, but the character keeps a separate canonical ID until stronger lineage evidence supports equivalence."
REL-M19-360,,M19:C360,MC0151,MC0743,inherited_block_provisional_distinct,moderate,C1-C423 inherited from González Riga et al. (2018),"Wilson, 2002; Poropat et al., 2016",,,MC0151,0.5147,"No existing canonical concept was merged in this conservative first pass. The highest lexical candidate is retained for review, but the character keeps a separate canonical ID until stronger lineage evidence supports equivalence."
REL-M19-361,,M19:C361,MC0744,MC0744,inherited_block_provisional_distinct,moderate,C1-C423 inherited from González Riga et al. (2018),"Poropat et al., 2016",,,MC0153,0.244,"No existing canonical concept was merged in this conservative first pass. The highest lexical candidate is retained for review, but the character keeps a separate canonical ID until stronger lineage evidence supports equivalence."
REL-M19-362,,M19:C362,MC0292,MC0745,inherited_block_provisional_distinct,moderate,C1-C423 inherited from González Riga et al. (2018),"González Riga, 2003; González Riga et al., 2009",,,MC0158,0.3894,"No existing canonical concept was merged in this conservative first pass. The highest lexical candidate is retained for review, but the character keeps a separate canonical ID until stronger lineage evidence supports equivalence."
REL-M19-363,C12:C223,M19:C363,MC0380,MC0380,equivalent,high,C1-C423 inherited from González Riga et al. (2018),"Sanz et al., 1999; Upchurch et al., 2004",,,MC0380,0.4616,"Existing canonical concept reused after definition-level comparison. M19-specific thresholds, state polarity, serial scope, or wording are preserved in the occurrence record."
REL-M19-364,,M19:C364,MC0382,MC0746,inherited_block_provisional_distinct,moderate,C1-C423 inherited from González Riga et al. (2018),"Upchurch, 1998; González Riga, 2003; González Riga et al., 2009; Poropat et al., 2016",,,MC0382,0.183,"No existing canonical concept was merged in this conservative first pass. The highest lexical candidate is retained for review, but the character keeps a separate canonical ID until stronger lineage evidence supports equivalence."
REL-M19-365,,M19:C365,MC0747,MC0747,inherited_block_provisional_distinct,moderate,C1-C423 inherited from González Riga et al. (2018),"Tschopp et al., 2015a; Poropat et al., 2016",,,MC0290,0.1926,"No existing canonical concept was merged in this conservative first pass. The highest lexical candidate is retained for review, but the character keeps a separate canonical ID until stronger lineage evidence supports equivalence."
REL-M19-366,,M19:C366,MC0748,MC0748,inherited_block_provisional_distinct,moderate,C1-C423 inherited from González Riga et al. (2018),"Bonaparte et al., 2006; Upchurch et al., 2015; Poropat et al., 2016",,,MC0163,0.1972,"No existing canonical concept was merged in this conservative first pass. The highest lexical candidate is retained for review, but the character keeps a separate canonical ID until stronger lineage evidence supports equivalence."
REL-M19-367,,M19:C367,MC0749,MC0749,inherited_block_provisional_distinct,moderate,C1-C423 inherited from González Riga et al. (2018),"Poropat et al., 2016",,,MC0445,0.258,"No existing canonical concept was merged in this conservative first pass. The highest lexical candidate is retained for review, but the character keeps a separate canonical ID until stronger lineage evidence supports equivalence."
REL-M19-368,,M19:C368,MC0750,MC0750,inherited_block_provisional_distinct,moderate,C1-C423 inherited from González Riga et al. (2018),"Powell, 2003; Harris, 2007; Otero, 2010; Poropat et al., 2016",,,MC0393,0.1923,"No existing canonical concept was merged in this conservative first pass. The highest lexical candidate is retained for review, but the character keeps a separate canonical ID until stronger lineage evidence supports equivalence."
REL-M19-369,,M19:C369,MC0751,MC0751,inherited_block_provisional_distinct,moderate,C1-C423 inherited from González Riga et al. (2018),"Wilson, 2002; Poropat et al., 2016; note that the anterior attachment surface of taxa with a medially deflected deltopectoral crest faces primarily medially",,,MC0161,0.2192,"No existing canonical concept was merged in this conservative first pass. The highest lexical candidate is retained for review, but the character keeps a separate canonical ID until stronger lineage evidence supports equivalence."
REL-M19-370,,M19:C370,MC0752,MC0752,inherited_block_provisional_distinct,moderate,C1-C423 inherited from González Riga et al. (2018),"Poropat et al., 2016",,,MC0386,0.3039,"No existing canonical concept was merged in this conservative first pass. The highest lexical candidate is retained for review, but the character keeps a separate canonical ID until stronger lineage evidence supports equivalence."
REL-M19-371,,M19:C371,MC0753,MC0753,inherited_block_provisional_distinct,moderate,C1-C423 inherited from González Riga et al. (2018),"Poropat et al., 2016",,,MC0171,0.2654,"No existing canonical concept was merged in this conservative first pass. The highest lexical candidate is retained for review, but the character keeps a separate canonical ID until stronger lineage evidence supports equivalence."
REL-M19-372,,M19:C372,MC0754,MC0754,inherited_block_provisional_distinct,moderate,C1-C423 inherited from González Riga et al. (2018),"Tschopp et al., 2015a",,,MC0047,0.1767,"No existing canonical concept was merged in this conservative first pass. The highest lexical candidate is retained for review, but the character keeps a separate canonical ID until stronger lineage evidence supports equivalence."
REL-M19-373,,M19:C373,MC0755,MC0755,inherited_block_provisional_distinct,moderate,C1-C423 inherited from González Riga et al. (2018),"Poropat et al., 2016; revised here so that only taxa scored as a ‘1’ for C52 are scored",,,MC0177,0.5011,"No existing canonical concept was merged in this conservative first pass. The highest lexical candidate is retained for review, but the character keeps a separate canonical ID until stronger lineage evidence supports equivalence."
REL-M19-374,,M19:C374,MC0756,MC0756,inherited_block_provisional_distinct,moderate,C1-C423 inherited from González Riga et al. (2018),"Sekiya, 2011",,,MC0178,0.4504,"No existing canonical concept was merged in this conservative first pass. The highest lexical candidate is retained for review, but the character keeps a separate canonical ID until stronger lineage evidence supports equivalence."
REL-M19-375,,M19:C375,MC0757,MC0757,inherited_block_provisional_distinct,moderate,C1-C423 inherited from González Riga et al. (2018),"Curry Rogers, 2005; Poropat et al., 2016",,,MC0178,0.4294,"No existing canonical concept was merged in this conservative first pass. The highest lexical candidate is retained for review, but the character keeps a separate canonical ID until stronger lineage evidence supports equivalence."
REL-M19-376,,M19:C376,MC0758,MC0758,inherited_block_provisional_distinct,moderate,C1-C423 inherited from González Riga et al. (2018),"Poropat et al., 2016",,,MC0178,0.2338,"No existing canonical concept was merged in this conservative first pass. The highest lexical candidate is retained for review, but the character keeps a separate canonical ID until stronger lineage evidence supports equivalence."
REL-M19-377,,M19:C377,MC0449,MC0759,inherited_block_provisional_distinct,moderate,C1-C423 inherited from González Riga et al. (2018),"D’Emic, 2012; Poropat et al., 2016",,,MC0449,0.4104,"No existing canonical concept was merged in this conservative first pass. The highest lexical candidate is retained for review, but the character keeps a separate canonical ID until stronger lineage evidence supports equivalence."
REL-M19-378,,M19:C378,MC0760,MC0760,inherited_block_provisional_distinct,moderate,C1-C423 inherited from González Riga et al. (2018),"Poropat et al., 2015b, 2016",,,MC0178,0.4693,"No existing canonical concept was merged in this conservative first pass. The highest lexical candidate is retained for review, but the character keeps a separate canonical ID until stronger lineage evidence supports equivalence."
REL-M19-379,,M19:C379,MC0761,MC0761,inherited_block_provisional_distinct,moderate,C1-C423 inherited from González Riga et al. (2018),"Apesteguía, 2005a; Mannion & Calvo, 2011; Poropat et al., 2016",,,MC0178,0.2179,"No existing canonical concept was merged in this conservative first pass. The highest lexical candidate is retained for review, but the character keeps a separate canonical ID until stronger lineage evidence supports equivalence."
REL-M19-380,,M19:C380,MC0762,MC0762,inherited_block_provisional_distinct,moderate,C1-C423 inherited from González Riga et al. (2018),"Tschopp et al., 2015a; Poropat et al., 2016",,,MC0411,0.3135,"No existing canonical concept was merged in this conservative first pass. The highest lexical candidate is retained for review, but the character keeps a separate canonical ID until stronger lineage evidence supports equivalence."
REL-M19-381,C12:C264,M19:C381,MC0391,MC0391,equivalent,high,C1-C423 inherited from González Riga et al. (2018),"Upchurch, 1998",,,MC0391,0.8163,"Existing canonical concept reused after definition-level comparison. M19-specific thresholds, state polarity, serial scope, or wording are preserved in the occurrence record."
REL-M19-382,W02:C241,M19:C382,MC0241,MC0241,states_or_scope_modified,moderate,C1-C423 inherited from González Riga et al. (2018),"Salgado et al., 1997",,,MC0241,0.4163,"Existing canonical concept reused after definition-level comparison. M19-specific thresholds, state polarity, serial scope, or wording are preserved in the occurrence record."
REL-M19-383,,M19:C383,MC0763,MC0763,inherited_block_provisional_distinct,moderate,C1-C423 inherited from González Riga et al. (2018),"Borsuk-Białynicka, 1977; Poropat et al., 2015a, 2016",,,MC0393,0.1874,"No existing canonical concept was merged in this conservative first pass. The highest lexical candidate is retained for review, but the character keeps a separate canonical ID until stronger lineage evidence supports equivalence."
REL-M19-384,,M19:C384,MC0764,MC0764,inherited_block_provisional_distinct,moderate,C1-C423 inherited from González Riga et al. (2018),"Powell, 2003; Salgado and Carvalho, 2008; Otero, 2010; Poropat et al., 2016",,,MC0262,0.2964,"No existing canonical concept was merged in this conservative first pass. The highest lexical candidate is retained for review, but the character keeps a separate canonical ID until stronger lineage evidence supports equivalence."
REL-M19-385,,M19:C385,MC0765,MC0765,inherited_block_provisional_distinct,moderate,C1-C423 inherited from González Riga et al. (2018),"Curry Rogers, 2005; Poropat et al., 2016",,,MC0299,0.2171,"No existing canonical concept was merged in this conservative first pass. The highest lexical candidate is retained for review, but the character keeps a separate canonical ID until stronger lineage evidence supports equivalence."
REL-M19-386,,M19:C386,MC0766,MC0766,inherited_block_provisional_distinct,moderate,C1-C423 inherited from González Riga et al. (2018),"Poropat et al., 2016",,,MC0395,0.231,"No existing canonical concept was merged in this conservative first pass. The highest lexical candidate is retained for review, but the character keeps a separate canonical ID until stronger lineage evidence supports equivalence."
REL-M19-387,,M19:C387,MC0767,MC0767,inherited_block_provisional_distinct,moderate,C1-C423 inherited from González Riga et al. (2018),"Sereno et al., 2007; D’Emic, 2012; Poropat et al., 2016",,,MC0326,0.1506,"No existing canonical concept was merged in this conservative first pass. The highest lexical candidate is retained for review, but the character keeps a separate canonical ID until stronger lineage evidence supports equivalence."
REL-M19-388,,M19:C388,MC0398,MC0768,inherited_block_provisional_distinct,moderate,C1-C423 inherited from González Riga et al. (2018),"Upchurch et al., 2004; Curry Rogers, 2005; Poropat et al., 2016",,,MC0260,0.2233,"No existing canonical concept was merged in this conservative first pass. The highest lexical candidate is retained for review, but the character keeps a separate canonical ID until stronger lineage evidence supports equivalence."
REL-M19-389,,M19:C389,MC0769,MC0769,inherited_block_provisional_distinct,moderate,C1-C423 inherited from González Riga et al. (2018),"Wilson, 2002; Poropat et al., 2016",,,MC0200,0.2754,"No existing canonical concept was merged in this conservative first pass. The highest lexical candidate is retained for review, but the character keeps a separate canonical ID until stronger lineage evidence supports equivalence."
REL-M19-390,WIL02_REF:C202,M19:C390,MC0202,MC0202,equivalent,high,C1-C423 inherited from González Riga et al. (2018),"Wilson & Carrano, 1999; Wilson, 2002",,,MC0202,0.7298,"Existing canonical concept reused after definition-level comparison. M19-specific thresholds, state polarity, serial scope, or wording are preserved in the occurrence record."
REL-M19-391,C12:C290,M19:C391,MC0401,MC0401,probable_equivalent,moderate,C1-C423 inherited from González Riga et al. (2018),"Gauthier, 1986; Poropat et al., 2016",,,MC0401,0.4409,"Existing canonical concept reused after definition-level comparison. M19-specific thresholds, state polarity, serial scope, or wording are preserved in the occurrence record."
REL-M19-392,,M19:C392,MC0770,MC0770,inherited_block_provisional_distinct,moderate,C1-C423 inherited from González Riga et al. (2018),"Poropat et al., 2016",,,MC0208,0.369,"No existing canonical concept was merged in this conservative first pass. The highest lexical candidate is retained for review, but the character keeps a separate canonical ID until stronger lineage evidence supports equivalence."
REL-M19-393,,M19:C393,MC0771,MC0771,inherited_block_provisional_distinct,moderate,C1-C423 inherited from González Riga et al. (2018),"Poropat et al., 2016",,,MC0395,0.2884,"No existing canonical concept was merged in this conservative first pass. The highest lexical candidate is retained for review, but the character keeps a separate canonical ID until stronger lineage evidence supports equivalence."
REL-M19-394,,M19:C394,MC0772,MC0772,inherited_block_provisional_distinct,moderate,C1-C423 inherited from González Riga et al. (2018),"Poropat et al., 2016",,,MC0245,0.2336,"No existing canonical concept was merged in this conservative first pass. The highest lexical candidate is retained for review, but the character keeps a separate canonical ID until stronger lineage evidence supports equivalence."
REL-M19-395,,M19:C395,MC0773,MC0773,inherited_block_provisional_distinct,moderate,C1-C423 inherited from González Riga et al. (2018),"Poropat et al., 2016",,,MC0300,0.2347,"No existing canonical concept was merged in this conservative first pass. The highest lexical candidate is retained for review, but the character keeps a separate canonical ID until stronger lineage evidence supports equivalence."
REL-M19-396,,M19:C396,MC0774,MC0774,inherited_block_provisional_distinct,moderate,C1-C423 inherited from González Riga et al. (2018),"Poropat et al., 2016",,,MC0300,0.2437,"No existing canonical concept was merged in this conservative first pass. The highest lexical candidate is retained for review, but the character keeps a separate canonical ID until stronger lineage evidence supports equivalence."
REL-M19-397,,M19:C397,MC0775,MC0775,inherited_block_provisional_distinct,moderate,C1-C423 inherited from González Riga et al. (2018),"Wilson & Upchurch, 2009; Poropat et al., 2016",,,MC0229,0.2444,"No existing canonical concept was merged in this conservative first pass. The highest lexical candidate is retained for review, but the character keeps a separate canonical ID until stronger lineage evidence supports equivalence."
REL-M19-398,,M19:C398,MC0776,MC0776,inherited_block_provisional_distinct,moderate,C1-C423 inherited from González Riga et al. (2018),"Tschopp et al., 2015a",,,MC0050,0.3329,"No existing canonical concept was merged in this conservative first pass. The highest lexical candidate is retained for review, but the character keeps a separate canonical ID until stronger lineage evidence supports equivalence."
REL-M19-399,,M19:C399,MC0777,MC0777,inherited_block_provisional_distinct,moderate,C1-C423 inherited from González Riga et al. (2018),"Sander et al., 2006",,,MC0350,0.1275,"No existing canonical concept was merged in this conservative first pass. The highest lexical candidate is retained for review, but the character keeps a separate canonical ID until stronger lineage evidence supports equivalence."
REL-M19-400,,M19:C400,MC0778,MC0778,inherited_block_provisional_distinct,moderate,C1-C423 inherited from González Riga et al. (2018),"Tschopp et al., 2015a",,,MC0023,0.2873,"No existing canonical concept was merged in this conservative first pass. The highest lexical candidate is retained for review, but the character keeps a separate canonical ID until stronger lineage evidence supports equivalence."
REL-M19-401,C12:C86,M19:C401,MC0327,MC0327,equivalent,high,C1-C423 inherited from González Riga et al. (2018),"Upchurch, 1998",,,MC0327,0.6512,"Existing canonical concept reused after definition-level comparison. M19-specific thresholds, state polarity, serial scope, or wording are preserved in the occurrence record."
REL-M19-402,,M19:C402,MC0779,MC0779,inherited_block_provisional_distinct,moderate,C1-C423 inherited from González Riga et al. (2018),"Royo- Torres et al., 2006; Mateus et al., 2014; Mannion et al., 2017",,,MC0067,0.1121,"No existing canonical concept was merged in this conservative first pass. The highest lexical candidate is retained for review, but the character keeps a separate canonical ID until stronger lineage evidence supports equivalence."
REL-M19-403,,M19:C403,MC0780,MC0780,inherited_block_provisional_distinct,moderate,C1-C423 inherited from González Riga et al. (2018),"Upchurch & Martin, 2002; Curry Rogers, 2009",,,MC0088,0.2571,"No existing canonical concept was merged in this conservative first pass. The highest lexical candidate is retained for review, but the character keeps a separate canonical ID until stronger lineage evidence supports equivalence."
REL-M19-404,,M19:C404,MC0781,MC0781,inherited_block_provisional_distinct,moderate,C1-C423 inherited from González Riga et al. (2018),"Upchurch & Martin, 2002; Curry Rogers, 2009",,,MC0095,0.2339,"No existing canonical concept was merged in this conservative first pass. The highest lexical candidate is retained for review, but the character keeps a separate canonical ID until stronger lineage evidence supports equivalence."
REL-M19-405,,M19:C405,MC0782,MC0782,inherited_block_provisional_distinct,moderate,C1-C423 inherited from González Riga et al. (2018),"Harris, 2006b; Tschopp & Mateus, 2013",,,MC0129,0.2485,"No existing canonical concept was merged in this conservative first pass. The highest lexical candidate is retained for review, but the character keeps a separate canonical ID until stronger lineage evidence supports equivalence."
REL-M19-406,,M19:C406,MC0783,MC0783,inherited_block_provisional_distinct,moderate,C1-C423 inherited from González Riga et al. (2018),"Mannion et al., 2017",,,MC0267,0.206,"No existing canonical concept was merged in this conservative first pass. The highest lexical candidate is retained for review, but the character keeps a separate canonical ID until stronger lineage evidence supports equivalence."
REL-M19-407,,M19:C407,MC0784,MC0784,inherited_block_provisional_distinct,moderate,C1-C423 inherited from González Riga et al. (2018),"Mannion et al., 2017",,,MC0248,0.3208,"No existing canonical concept was merged in this conservative first pass. The highest lexical candidate is retained for review, but the character keeps a separate canonical ID until stronger lineage evidence supports equivalence."
REL-M19-408,,M19:C408,MC0785,MC0785,inherited_block_provisional_distinct,moderate,C1-C423 inherited from González Riga et al. (2018),"Mannion et al., 2017",,,MC0112,0.1558,"No existing canonical concept was merged in this conservative first pass. The highest lexical candidate is retained for review, but the character keeps a separate canonical ID until stronger lineage evidence supports equivalence."
REL-M19-409,,M19:C409,MC0786,MC0786,inherited_block_provisional_distinct,moderate,C1-C423 inherited from González Riga et al. (2018),"Wilson, 2002; Mannion et al., 2017",,,MC0281,0.1515,"No existing canonical concept was merged in this conservative first pass. The highest lexical candidate is retained for review, but the character keeps a separate canonical ID until stronger lineage evidence supports equivalence."
REL-M19-410,,M19:C410,MC0787,MC0787,inherited_block_provisional_distinct,moderate,C1-C423 inherited from González Riga et al. (2018),"D’Emic et al., 2016; note that this feature is usually present in the last few anterior and first few middle caudal vertebrae",,,MC0100,0.3357,"No existing canonical concept was merged in this conservative first pass. The highest lexical candidate is retained for review, but the character keeps a separate canonical ID until stronger lineage evidence supports equivalence."
REL-M19-411,,M19:C411,MC0788,MC0788,inherited_block_provisional_distinct,moderate,C1-C423 inherited from González Riga et al. (2018),"D’Emic et al., 2016; note that this fea- ture is usually present in the last few anterior and first few middle caudal vertebrae",,,MC0125,0.2509,"No existing canonical concept was merged in this conservative first pass. The highest lexical candidate is retained for review, but the character keeps a separate canonical ID until stronger lineage evidence supports equivalence."
REL-M19-412,,M19:C412,MC0789,MC0789,inherited_block_provisional_distinct,moderate,C1-C423 inherited from González Riga et al. (2018),"Mateus et al., 2014; Mannion et al., 2017",,,MC0386,0.2693,"No existing canonical concept was merged in this conservative first pass. The highest lexical candidate is retained for review, but the character keeps a separate canonical ID until stronger lineage evidence supports equivalence."
REL-M19-413,,M19:C413,MC0790,MC0790,inherited_block_provisional_distinct,moderate,C1-C423 inherited from González Riga et al. (2018),"Royo-Torres et al., 2006",,,MC0220,0.1484,"No existing canonical concept was merged in this conservative first pass. The highest lexical candidate is retained for review, but the character keeps a separate canonical ID until stronger lineage evidence supports equivalence."
REL-M19-414,,M19:C414,MC0791,MC0791,inherited_block_provisional_distinct,moderate,C1-C423 inherited from González Riga et al. (2018),"Royo-Torres et al., 2014; Mannion et al., 2017; note that this is the largest carpal element in those taxa with more than one carpal",,,MC0173,0.4213,"No existing canonical concept was merged in this conservative first pass. The highest lexical candidate is retained for review, but the character keeps a separate canonical ID until stronger lineage evidence supports equivalence."
REL-M19-415,,M19:C415,MC0792,MC0792,inherited_block_provisional_distinct,moderate,C1-C423 inherited from González Riga et al. (2018),"Mannion et al., 2017",,,MC0449,0.3032,"No existing canonical concept was merged in this conservative first pass. The highest lexical candidate is retained for review, but the character keeps a separate canonical ID until stronger lineage evidence supports equivalence."
REL-M19-416,,M19:C416,MC0793,MC0793,inherited_block_provisional_distinct,moderate,C1-C423 inherited from González Riga et al. (2018),"Harris, 2007; Tschopp et al., 2015a",,,MC0204,0.2134,"No existing canonical concept was merged in this conservative first pass. The highest lexical candidate is retained for review, but the character keeps a separate canonical ID until stronger lineage evidence supports equivalence."
REL-M19-417,,M19:C417,MC0270,MC0794,inherited_block_provisional_distinct,moderate,C1-C423 inherited from González Riga et al. (2018),"González Riga, 2005; González Riga et al., 2009, 2018",,,MC0270,0.2892,"No existing canonical concept was merged in this conservative first pass. The highest lexical candidate is retained for review, but the character keeps a separate canonical ID until stronger lineage evidence supports equivalence."
REL-M19-418,,M19:C418,MC0267,MC0795,inherited_block_provisional_distinct,moderate,C1-C423 inherited from González Riga et al. (2018),"González Riga, 2005; González Riga et al., 2009, 2018; Gallina, 2011; González Riga & Ortiz David, 2014",,,MC0267,0.3078,"No existing canonical concept was merged in this conservative first pass. The highest lexical candidate is retained for review, but the character keeps a separate canonical ID until stronger lineage evidence supports equivalence."
REL-M19-419,,M19:C419,MC0796,MC0796,inherited_block_provisional_distinct,moderate,C1-C423 inherited from González Riga et al. (2018),"Calvo et al., 2008; Carballido et al., 2017; González Riga et al., 2018; note that in Patagotitan these might be the only SPRLs, whereas Futalognkosaurus appears to have more typ- ical lateral SPRLs too",,,MC0123,0.4189,"No existing canonical concept was merged in this conservative first pass. The highest lexical candidate is retained for review, but the character keeps a separate canonical ID until stronger lineage evidence supports equivalence."
REL-M19-420,,M19:C420,MC0797,MC0797,inherited_block_provisional_distinct,moderate,C1-C423 inherited from González Riga et al. (2018),"González Riga et al., 2018",,,MC0178,0.2408,"No existing canonical concept was merged in this conservative first pass. The highest lexical candidate is retained for review, but the character keeps a separate canonical ID until stronger lineage evidence supports equivalence."
REL-M19-421,,M19:C421,MC0798,MC0798,inherited_block_provisional_distinct,moderate,C1-C423 inherited from González Riga et al. (2018),"González Riga et al., 2016, 2018",,,MC0300,0.3531,"No existing canonical concept was merged in this conservative first pass. The highest lexical candidate is retained for review, but the character keeps a separate canonical ID until stronger lineage evidence supports equivalence."
REL-M19-422,,M19:C422,MC0799,MC0799,inherited_block_provisional_distinct,moderate,C1-C423 inherited from González Riga et al. (2018),"González Riga et al., 2016, 2018",,,MC0300,0.3461,"No existing canonical concept was merged in this conservative first pass. The highest lexical candidate is retained for review, but the character keeps a separate canonical ID until stronger lineage evidence supports equivalence."
REL-M19-423,,M19:C423,MC0800,MC0800,inherited_block_provisional_distinct,moderate,C1-C423 inherited from González Riga et al. (2018),"González Riga et al., 2008, 2016; Nair & Salisbury, 2012",,,MC0410,0.4991,"No existing canonical concept was merged in this conservative first pass. The highest lexical candidate is retained for review, but the character keeps a separate canonical ID until stronger lineage evidence supports equivalence."
REL-M19-424,,M19:C424,MC0801,MC0801,M19_added_provisional_distinct,moderate,C424-C548 added in M19 list,"Wilson, 2002; Sereno et al., 2007",,,MC0415,0.1673,"No existing canonical concept was merged in this conservative first pass. The highest lexical candidate is retained for review, but the character keeps a separate canonical ID until stronger lineage evidence supports equivalence."
REL-M19-425,,M19:C425,MC0005,MC0802,M19_added_provisional_distinct,moderate,C424-C548 added in M19 list,"Wilson, 2002; modified here",,,MC0005,0.6018,"No existing canonical concept was merged in this conservative first pass. The highest lexical candidate is retained for review, but the character keeps a separate canonical ID until stronger lineage evidence supports equivalence."
REL-M19-426,WIL02_REF:C13,M19:C426,MC0013,MC0013,states_or_scope_modified,moderate,C424-C548 added in M19 list,"Wilson, 2002; Carballido et al., 2015; modified here",,,MC0013,0.715,"Existing canonical concept reused after definition-level comparison. M19-specific thresholds, state polarity, serial scope, or wording are preserved in the occurrence record."
REL-M19-427,,M19:C427,MC0803,MC0803,M19_added_provisional_distinct,moderate,C424-C548 added in M19 list,"Tschopp et al., 2015a",,,MC0015,0.3152,"No existing canonical concept was merged in this conservative first pass. The highest lexical candidate is retained for review, but the character keeps a separate canonical ID until stronger lineage evidence supports equivalence."
REL-M19-428,WIL02_REF:C19,M19:C428,MC0019,MC0019,equivalent,high,C424-C548 added in M19 list,"Salgado & Calvo, 1992; Upchurch, 1995",,,MC0019,0.8391,"Existing canonical concept reused after definition-level comparison. M19-specific thresholds, state polarity, serial scope, or wording are preserved in the occurrence record."
REL-M19-429,,M19:C429,MC0804,MC0804,M19_added_provisional_distinct,moderate,C424-C548 added in M19 list,"Whitlock, 2011a",,,MC0442,0.1646,"No existing canonical concept was merged in this conservative first pass. The highest lexical candidate is retained for review, but the character keeps a separate canonical ID until stronger lineage evidence supports equivalence."
REL-M19-430,,M19:C430,MC0805,MC0805,M19_added_provisional_distinct,moderate,C424-C548 added in M19 list,"Whitlock, 2011a; modified here",,,MC0257,0.2163,"No existing canonical concept was merged in this conservative first pass. The highest lexical candidate is retained for review, but the character keeps a separate canonical ID until stronger lineage evidence supports equivalence."
REL-M19-431,,M19:C431,MC0806,MC0806,M19_added_provisional_distinct,moderate,C424-C548 added in M19 list,"Harris, 2006b; modified here",,,MC0258,0.1338,"No existing canonical concept was merged in this conservative first pass. The highest lexical candidate is retained for review, but the character keeps a separate canonical ID until stronger lineage evidence supports equivalence."
REL-M19-432,WIL02_REF:C23,M19:C432,MC0023,MC0023,equivalent,high,C424-C548 added in M19 list,"Upchurch, 1995",,,MC0023,1.0,"Existing canonical concept reused after definition-level comparison. M19-specific thresholds, state polarity, serial scope, or wording are preserved in the occurrence record."
REL-M19-433,,M19:C433,MC0025,MC0807,M19_added_provisional_distinct,moderate,C424-C548 added in M19 list,"Wilson, 2002; Mannion et al., 2012",,,MC0025,0.5785,"No existing canonical concept was merged in this conservative first pass. The highest lexical candidate is retained for review, but the character keeps a separate canonical ID until stronger lineage evidence supports equivalence."
REL-M19-434,,M19:C434,MC0316,MC0808,M19_added_provisional_distinct,moderate,C424-C548 added in M19 list,"Gauthier, 1986; Upchurch, 1995",,,MC0316,0.2964,"No existing canonical concept was merged in this conservative first pass. The highest lexical candidate is retained for review, but the character keeps a separate canonical ID until stronger lineage evidence supports equivalence."
REL-M19-435,,M19:C435,MC0809,MC0809,M19_added_provisional_distinct,moderate,C424-C548 added in M19 list,"Whitlock, 2011a",,,MC0066,0.2466,"No existing canonical concept was merged in this conservative first pass. The highest lexical candidate is retained for review, but the character keeps a separate canonical ID until stronger lineage evidence supports equivalence."
REL-M19-436,,M19:C436,MC0810,MC0810,M19_added_provisional_distinct,moderate,C424-C548 added in M19 list,"Whitlock, 2011a",,,MC0031,0.1686,"No existing canonical concept was merged in this conservative first pass. The highest lexical candidate is retained for review, but the character keeps a separate canonical ID until stronger lineage evidence supports equivalence."
REL-M19-437,WIL02_REF:C39,M19:C437,MC0039,MC0039,equivalent,high,C424-C548 added in M19 list,"Wilson, 2002",,,MC0039,0.7168,"Existing canonical concept reused after definition-level comparison. M19-specific thresholds, state polarity, serial scope, or wording are preserved in the occurrence record."
REL-M19-438,,M19:C438,MC0811,MC0811,M19_added_provisional_distinct,moderate,C424-C548 added in M19 list,"Whitlock, 2011a; modified here",,,MC0043,0.2453,"No existing canonical concept was merged in this conservative first pass. The highest lexical candidate is retained for review, but the character keeps a separate canonical ID until stronger lineage evidence supports equivalence."
REL-M19-439,,M19:C439,MC0812,MC0812,M19_added_provisional_distinct,moderate,C424-C548 added in M19 list,"Xu et al., 2018",,,MC0022,0.2734,"No existing canonical concept was merged in this conservative first pass. The highest lexical candidate is retained for review, but the character keeps a separate canonical ID until stronger lineage evidence supports equivalence."
REL-M19-440,,M19:C440,MC0813,MC0813,M19_added_provisional_distinct,moderate,C424-C548 added in M19 list,"Xu et al., 2018",,,MC0262,0.1707,"No existing canonical concept was merged in this conservative first pass. The highest lexical candidate is retained for review, but the character keeps a separate canonical ID until stronger lineage evidence supports equivalence."
REL-M19-441,,M19:C441,MC0814,MC0814,M19_added_provisional_distinct,moderate,C424-C548 added in M19 list,"Salgado & Calvo, 1992; Upchurch, 1995",,,MC0045,0.3007,"No existing canonical concept was merged in this conservative first pass. The highest lexical candidate is retained for review, but the character keeps a separate canonical ID until stronger lineage evidence supports equivalence."
REL-M19-442,,M19:C442,MC0815,MC0815,M19_added_provisional_distinct,moderate,C424-C548 added in M19 list,"Upchurch, 1995, 1998",,,MC0051,0.2913,"No existing canonical concept was merged in this conservative first pass. The highest lexical candidate is retained for review, but the character keeps a separate canonical ID until stronger lineage evidence supports equivalence."
REL-M19-443,,M19:C443,MC0048,MC0816,M19_added_provisional_distinct,moderate,C424-C548 added in M19 list,"Wilson, 2002; Whitlock, 2011a; modified here",,,MC0048,0.3874,"No existing canonical concept was merged in this conservative first pass. The highest lexical candidate is retained for review, but the character keeps a separate canonical ID until stronger lineage evidence supports equivalence."
REL-M19-444,,M19:C444,MC0817,MC0817,M19_added_provisional_distinct,moderate,C424-C548 added in M19 list,"Whitlock, 2011a; Tschopp et al., 2015a",,,MC0404,0.2633,"No existing canonical concept was merged in this conservative first pass. The highest lexical candidate is retained for review, but the character keeps a separate canonical ID until stronger lineage evidence supports equivalence."
REL-M19-445,,M19:C445,MC0818,MC0818,M19_added_provisional_distinct,moderate,C424-C548 added in M19 list,"Tschopp et al., 2015a",,,MC0049,0.2079,"No existing canonical concept was merged in this conservative first pass. The highest lexical candidate is retained for review, but the character keeps a separate canonical ID until stronger lineage evidence supports equivalence."
REL-M19-446,,M19:C446,MC0819,MC0819,M19_added_provisional_distinct,moderate,C424-C548 added in M19 list,"new character: based on Royo-Torres et al., 2017a",,,MC0049,0.1796,"No existing canonical concept was merged in this conservative first pass. The highest lexical candidate is retained for review, but the character keeps a separate canonical ID until stronger lineage evidence supports equivalence."
REL-M19-447,WIL02_REF:C52,M19:C447,MC0052,MC0052,equivalent,high,C424-C548 added in M19 list,"Wilson, 2002, 2005b; only taxa preserving a quadrate and with a raised ventrolateral lip on the posterior surface of the basal tubera are scored for this character",,,MC0052,1.0,"Existing canonical concept reused after definition-level comparison. M19-specific thresholds, state polarity, serial scope, or wording are preserved in the occurrence record."
REL-M19-448,,M19:C448,MC0820,MC0820,M19_added_provisional_distinct,moderate,C424-C548 added in M19 list,"Tschopp et al., 2015a",,,MC0299,0.1887,"No existing canonical concept was merged in this conservative first pass. The highest lexical candidate is retained for review, but the character keeps a separate canonical ID until stronger lineage evidence supports equivalence."
REL-M19-449,WIL02_REF:C56,M19:C449,MC0056,MC0056,equivalent,high,C424-C548 added in M19 list,"Upchurch, 1998; Tschopp et al., 2015a",,,MC0056,0.7018,"Existing canonical concept reused after definition-level comparison. M19-specific thresholds, state polarity, serial scope, or wording are preserved in the occurrence record."
REL-M19-450,,M19:C450,MC0055,MC0821,M19_added_provisional_distinct,moderate,C424-C548 added in M19 list,"Upchurch, 1998; Wilson & Sereno, 1998; Wilson, 2002; modified here",,,MC0055,0.5283,"No existing canonical concept was merged in this conservative first pass. The highest lexical candidate is retained for review, but the character keeps a separate canonical ID until stronger lineage evidence supports equivalence."
REL-M19-451,,M19:C451,MC0822,MC0822,M19_added_provisional_distinct,moderate,C424-C548 added in M19 list,"Whitlock, 2011a",,,MC0333,0.2477,"No existing canonical concept was merged in this conservative first pass. The highest lexical candidate is retained for review, but the character keeps a separate canonical ID until stronger lineage evidence supports equivalence."
REL-M19-452,,M19:C452,MC0823,MC0823,M19_added_provisional_distinct,moderate,C424-C548 added in M19 list,"Whitlock & Harris, 2010; Tschopp et al., 2015a",,,MC0055,0.2115,"No existing canonical concept was merged in this conservative first pass. The highest lexical candidate is retained for review, but the character keeps a separate canonical ID until stronger lineage evidence supports equivalence."
REL-M19-453,,M19:C453,MC0074,MC0824,M19_added_provisional_distinct,moderate,C424-C548 added in M19 list,"Wilson, 2002",,,MC0074,0.5628,"No existing canonical concept was merged in this conservative first pass. The highest lexical candidate is retained for review, but the character keeps a separate canonical ID until stronger lineage evidence supports equivalence."
REL-M19-454,,M19:C454,MC0825,MC0825,M19_added_provisional_distinct,moderate,C424-C548 added in M19 list,"Whitlock, 2011a",,,MC0069,0.2486,"No existing canonical concept was merged in this conservative first pass. The highest lexical candidate is retained for review, but the character keeps a separate canonical ID until stronger lineage evidence supports equivalence."
REL-M19-455,,M19:C455,MC0826,MC0826,M19_added_provisional_distinct,moderate,C424-C548 added in M19 list,"Tschopp et al., 2015a",,,MC0079,0.2108,"No existing canonical concept was merged in this conservative first pass. The highest lexical candidate is retained for review, but the character keeps a separate canonical ID until stronger lineage evidence supports equivalence."
REL-M19-456,,M19:C456,MC0827,MC0827,M19_added_provisional_distinct,moderate,C424-C548 added in M19 list,"new character: based on Mannion et al., 2012",,,MC0001,0.145,"No existing canonical concept was merged in this conservative first pass. The highest lexical candidate is retained for review, but the character keeps a separate canonical ID until stronger lineage evidence supports equivalence."
REL-M19-457,,M19:C457,MC0828,MC0828,M19_added_provisional_distinct,moderate,C424-C548 added in M19 list,"Whitlock, 2011b; Tschopp & Mateus, 2013",,,MC0086,0.1678,"No existing canonical concept was merged in this conservative first pass. The highest lexical candidate is retained for review, but the character keeps a separate canonical ID until stronger lineage evidence supports equivalence."
REL-M19-458,,M19:C458,MC0829,MC0829,M19_added_provisional_distinct,moderate,C424-C548 added in M19 list,"Whitlock, 2011a",,,MC0084,0.2541,"No existing canonical concept was merged in this conservative first pass. The highest lexical candidate is retained for review, but the character keeps a separate canonical ID until stronger lineage evidence supports equivalence."
REL-M19-459,,M19:C459,MC0830,MC0830,M19_added_provisional_distinct,moderate,C424-C548 added in M19 list,"Curry Rogers, 2005; polarity reversed here",,,MC0123,0.3694,"No existing canonical concept was merged in this conservative first pass. The highest lexical candidate is retained for review, but the character keeps a separate canonical ID until stronger lineage evidence supports equivalence."
REL-M19-460,,M19:C460,MC0831,MC0831,M19_added_provisional_distinct,moderate,C424-C548 added in M19 list,"Rauhut et al., 2005",,,MC0133,0.3831,"No existing canonical concept was merged in this conservative first pass. The highest lexical candidate is retained for review, but the character keeps a separate canonical ID until stronger lineage evidence supports equivalence."
REL-M19-461,,M19:C461,MC0832,MC0832,M19_added_provisional_distinct,moderate,C424-C548 added in M19 list,"Rauhut et al., 2005; Whitlock, 2011a",,,MC0085,0.1858,"No existing canonical concept was merged in this conservative first pass. The highest lexical candidate is retained for review, but the character keeps a separate canonical ID until stronger lineage evidence supports equivalence."
REL-M19-462,,M19:C462,MC0833,MC0833,M19_added_provisional_distinct,moderate,C424-C548 added in M19 list,"Mannion et al., 2012",,,MC0117,0.2361,"No existing canonical concept was merged in this conservative first pass. The highest lexical candidate is retained for review, but the character keeps a separate canonical ID until stronger lineage evidence supports equivalence."
REL-M19-463,,M19:C463,MC0834,MC0834,M19_added_provisional_distinct,moderate,C424-C548 added in M19 list,"Rauhut et al., 2005",,,MC0089,0.3865,"No existing canonical concept was merged in this conservative first pass. The highest lexical candidate is retained for review, but the character keeps a separate canonical ID until stronger lineage evidence supports equivalence."
REL-M19-464,,M19:C464,MC0835,MC0835,M19_added_provisional_distinct,moderate,C424-C548 added in M19 list,"new character: based on: Royo-Torres et al., 2006; Britt et al., 2017",,,MC0089,0.1815,"No existing canonical concept was merged in this conservative first pass. The highest lexical candidate is retained for review, but the character keeps a separate canonical ID until stronger lineage evidence supports equivalence."
REL-M19-465,,M19:C465,MC0836,MC0836,M19_added_provisional_distinct,moderate,C424-C548 added in M19 list,"Tschopp et al., 2015a",,,MC0266,0.2302,"No existing canonical concept was merged in this conservative first pass. The highest lexical candidate is retained for review, but the character keeps a separate canonical ID until stronger lineage evidence supports equivalence."
REL-M19-466,,M19:C466,MC0837,MC0837,M19_added_provisional_distinct,moderate,C424-C548 added in M19 list,"Mannion et al., 2012; modified here",,,MC0086,0.2118,"No existing canonical concept was merged in this conservative first pass. The highest lexical candidate is retained for review, but the character keeps a separate canonical ID until stronger lineage evidence supports equivalence."
REL-M19-467,,M19:C467,MC0838,MC0838,M19_added_provisional_distinct,moderate,C424-C548 added in M19 list,,,,MC0033,0.1741,"No existing canonical concept was merged in this conservative first pass. The highest lexical candidate is retained for review, but the character keeps a separate canonical ID until stronger lineage evidence supports equivalence."
REL-M19-468,,M19:C468,MC0839,MC0839,M19_added_provisional_distinct,moderate,C424-C548 added in M19 list,,,,MC0271,0.1413,"No existing canonical concept was merged in this conservative first pass. The highest lexical candidate is retained for review, but the character keeps a separate canonical ID until stronger lineage evidence supports equivalence."
REL-M19-469,,M19:C469,MC0840,MC0840,M19_added_provisional_distinct,moderate,C424-C548 added in M19 list,,,,MC0356,0.2031,"No existing canonical concept was merged in this conservative first pass. The highest lexical candidate is retained for review, but the character keeps a separate canonical ID until stronger lineage evidence supports equivalence."
REL-M19-470,,M19:C470,MC0841,MC0841,M19_added_provisional_distinct,moderate,C424-C548 added in M19 list,"new character: based on Wilson, 2012",,,MC0121,0.3665,"No existing canonical concept was merged in this conservative first pass. The highest lexical candidate is retained for review, but the character keeps a separate canonical ID until stronger lineage evidence supports equivalence."
REL-M19-471,,M19:C471,MC0842,MC0842,M19_added_provisional_distinct,moderate,C424-C548 added in M19 list,"Sereno et al., 2007",,,MC0427,0.2756,"No existing canonical concept was merged in this conservative first pass. The highest lexical candidate is retained for review, but the character keeps a separate canonical ID until stronger lineage evidence supports equivalence."
REL-M19-472,,M19:C472,MC0843,MC0843,M19_added_provisional_distinct,moderate,C424-C548 added in M19 list,"Sereno et al., 2007; Whitlock 2011a; Tschopp et al., 2015a; Wilson & Allain, 2015; modified here",,,MC0099,0.2206,"No existing canonical concept was merged in this conservative first pass. The highest lexical candidate is retained for review, but the character keeps a separate canonical ID until stronger lineage evidence supports equivalence."
REL-M19-473,,M19:C473,MC0844,MC0844,M19_added_provisional_distinct,moderate,C424-C548 added in M19 list,"Upchurch, 1995; Curry Rogers, 2005; D’Emic et al., 2013",,,MC0088,0.3539,"No existing canonical concept was merged in this conservative first pass. The highest lexical candidate is retained for review, but the character keeps a separate canonical ID until stronger lineage evidence supports equivalence."
REL-M19-474,,M19:C474,MC0845,MC0845,M19_added_provisional_distinct,moderate,C424-C548 added in M19 list,"Wilson, 2002; modified here",,,MC0095,0.3752,"No existing canonical concept was merged in this conservative first pass. The highest lexical candidate is retained for review, but the character keeps a separate canonical ID until stronger lineage evidence supports equivalence."
REL-M19-475,,M19:C475,MC0846,MC0846,M19_added_provisional_distinct,moderate,C424-C548 added in M19 list,"new character: based on: Apesteguía et al., 2010; Wilson & Allain, 2015",,,MC0097,0.2635,"No existing canonical concept was merged in this conservative first pass. The highest lexical candidate is retained for review, but the character keeps a separate canonical ID until stronger lineage evidence supports equivalence."
REL-M19-476,WIL02_REF:C97,M19:C476,MC0097,MC0097,equivalent,high,C424-C548 added in M19 list,"Wilson, 2002",,,MC0097,0.9379,"Existing canonical concept reused after definition-level comparison. M19-specific thresholds, state polarity, serial scope, or wording are preserved in the occurrence record."
REL-M19-477,,M19:C477,MC0847,MC0847,M19_added_provisional_distinct,moderate,C424-C548 added in M19 list,"Whitlock, 2011a",,,MC0097,0.2649,"No existing canonical concept was merged in this conservative first pass. The highest lexical candidate is retained for review, but the character keeps a separate canonical ID until stronger lineage evidence supports equivalence."
REL-M19-478,,M19:C478,MC0848,MC0848,M19_added_provisional_distinct,moderate,C424-C548 added in M19 list,"Mannion et al., 2012; Tschopp et al., 2015a; taxa that lack a hyposphene are scored with state ‘?’",,,MC0106,0.3008,"No existing canonical concept was merged in this conservative first pass. The highest lexical candidate is retained for review, but the character keeps a separate canonical ID until stronger lineage evidence supports equivalence."
REL-M19-479,,M19:C479,MC0849,MC0849,M19_added_provisional_distinct,moderate,C424-C548 added in M19 list,"new character: based on Ibiricu et al., 2013",,,MC0033,0.2099,"No existing canonical concept was merged in this conservative first pass. The highest lexical candidate is retained for review, but the character keeps a separate canonical ID until stronger lineage evidence supports equivalence."
REL-M19-480,WIL02_REF:C107,M19:C480,MC0107,MC0107,equivalent,high,C424-C548 added in M19 list,"Calvo & Salgado, 1995; Upchurch, 1998; Whitlock, 2011a; Mannion et al., 2012; taxa that lack dorsal vertebrae but that have this morphology in the sacral/anterior- most caudal vertebrae are also scored with the derived state",,,MC0107,0.7403,"Existing canonical concept reused after definition-level comparison. M19-specific thresholds, state polarity, serial scope, or wording are preserved in the occurrence record."
REL-M19-481,,M19:C481,MC0850,MC0850,M19_added_provisional_distinct,moderate,C424-C548 added in M19 list,"Tschopp et al., 2015a",,,MC0122,0.3601,"No existing canonical concept was merged in this conservative first pass. The highest lexical candidate is retained for review, but the character keeps a separate canonical ID until stronger lineage evidence supports equivalence."
REL-M19-482,,M19:C482,MC0851,MC0851,M19_added_provisional_distinct,moderate,C424-C548 added in M19 list,"Whitlock, 2011a; modified here so that only taxa with a divided SPOL are scored",,,MC0100,0.3154,"No existing canonical concept was merged in this conservative first pass. The highest lexical candidate is retained for review, but the character keeps a separate canonical ID until stronger lineage evidence supports equivalence."
REL-M19-483,,M19:C483,MC0852,MC0852,M19_added_provisional_distinct,moderate,C424-C548 added in M19 list,"new character: based on Wilson et al., 2011; note that if only a single undivided SPOL is present, then the state score is determined on the basis of whether this extends to the posterolateral margin of the spine or not",,,MC0122,0.2569,"No existing canonical concept was merged in this conservative first pass. The highest lexical candidate is retained for review, but the character keeps a separate canonical ID until stronger lineage evidence supports equivalence."
REL-M19-484,,M19:C484,MC0853,MC0853,M19_added_provisional_distinct,moderate,C424-C548 added in M19 list,"Wilson & Allain, 2015",,,MC0097,0.3273,"No existing canonical concept was merged in this conservative first pass. The highest lexical candidate is retained for review, but the character keeps a separate canonical ID until stronger lineage evidence supports equivalence."
REL-M19-485,,M19:C485,MC0854,MC0854,M19_added_provisional_distinct,moderate,C424-C548 added in M19 list,"Upchurch, 1998; Wilson, 2002",,,MC0126,0.2208,"No existing canonical concept was merged in this conservative first pass. The highest lexical candidate is retained for review, but the character keeps a separate canonical ID until stronger lineage evidence supports equivalence."
REL-M19-486,,M19:C486,MC0111,MC0855,M19_added_provisional_distinct,moderate,C424-C548 added in M19 list,"Upchurch, 1998; Wilson, 2002; polarity reversed here",,,MC0111,0.3663,"No existing canonical concept was merged in this conservative first pass. The highest lexical candidate is retained for review, but the character keeps a separate canonical ID until stronger lineage evidence supports equivalence."
REL-M19-487,,M19:C487,MC0856,MC0856,M19_added_provisional_distinct,moderate,C424-C548 added in M19 list,"Tschopp et al., 2015a",,,MC0139,0.26,"No existing canonical concept was merged in this conservative first pass. The highest lexical candidate is retained for review, but the character keeps a separate canonical ID until stronger lineage evidence supports equivalence."
REL-M19-488,,M19:C488,MC0857,MC0857,M19_added_provisional_distinct,moderate,C424-C548 added in M19 list,"new character: based on Wilson & Allain, 2015",,,MC0111,0.2104,"No existing canonical concept was merged in this conservative first pass. The highest lexical candidate is retained for review, but the character keeps a separate canonical ID until stronger lineage evidence supports equivalence."
REL-M19-489,WIL02_REF:C120,M19:C489,MC0120,MC0120,states_or_scope_modified,moderate,C424-C548 added in M19 list,"Upchurch, 1998",,,MC0120,0.4677,"Existing canonical concept reused after definition-level comparison. M19-specific thresholds, state polarity, serial scope, or wording are preserved in the occurrence record."
REL-M19-490,WIL02_REF:C130,M19:C490,MC0130,MC0130,states_or_scope_modified,moderate,C424-C548 added in M19 list,"Wilson, 2002; only taxa with an ACDL are scored for this character",,,MC0130,0.4413,"Existing canonical concept reused after definition-level comparison. M19-specific thresholds, state polarity, serial scope, or wording are preserved in the occurrence record."
REL-M19-491,,M19:C491,MC0858,MC0858,M19_added_provisional_distinct,moderate,C424-C548 added in M19 list,"new character: based on Wilson, 2002",,,MC0432,0.34,"No existing canonical concept was merged in this conservative first pass. The highest lexical candidate is retained for review, but the character keeps a separate canonical ID until stronger lineage evidence supports equivalence."
REL-M19-492,,M19:C492,MC0859,MC0859,M19_added_provisional_distinct,moderate,C424-C548 added in M19 list,"new character: based on Remes, 2006",,,MC0088,0.2982,"No existing canonical concept was merged in this conservative first pass. The highest lexical candidate is retained for review, but the character keeps a separate canonical ID until stronger lineage evidence supports equivalence."
REL-M19-493,,M19:C493,MC0860,MC0860,M19_added_provisional_distinct,moderate,C424-C548 added in M19 list,"new character: based on Mannion et al., 2011",,,MC0121,0.3069,"No existing canonical concept was merged in this conservative first pass. The highest lexical candidate is retained for review, but the character keeps a separate canonical ID until stronger lineage evidence supports equivalence."
REL-M19-494,,M19:C494,MC0861,MC0861,M19_added_provisional_distinct,moderate,C424-C548 added in M19 list,"Whitlock, 2011a",,,MC0085,0.4926,"No existing canonical concept was merged in this conservative first pass. The highest lexical candidate is retained for review, but the character keeps a separate canonical ID until stronger lineage evidence supports equivalence."
REL-M19-495,,M19:C495,MC0862,MC0862,M19_added_provisional_distinct,moderate,C424-C548 added in M19 list,,,,MC0126,0.2235,"No existing canonical concept was merged in this conservative first pass. The highest lexical candidate is retained for review, but the character keeps a separate canonical ID until stronger lineage evidence supports equivalence."
REL-M19-496,,M19:C496,MC0121,MC0863,M19_added_provisional_distinct,moderate,C424-C548 added in M19 list,"Wilson, 2002; Mannion et al., 2012; modified here",,,MC0121,0.5294,"No existing canonical concept was merged in this conservative first pass. The highest lexical candidate is retained for review, but the character keeps a separate canonical ID until stronger lineage evidence supports equivalence."
REL-M19-497,,M19:C497,MC0864,MC0864,M19_added_provisional_distinct,moderate,C424-C548 added in M19 list,"Wilson, 1999",,,MC0123,0.4066,"No existing canonical concept was merged in this conservative first pass. The highest lexical candidate is retained for review, but the character keeps a separate canonical ID until stronger lineage evidence supports equivalence."
REL-M19-498,,M19:C498,MC0865,MC0865,M19_added_provisional_distinct,moderate,C424-C548 added in M19 list,"Tschopp et al., 2015a",,,MC0126,0.2726,"No existing canonical concept was merged in this conservative first pass. The highest lexical candidate is retained for review, but the character keeps a separate canonical ID until stronger lineage evidence supports equivalence."
REL-M19-499,,M19:C499,MC0866,MC0866,M19_added_provisional_distinct,moderate,C424-C548 added in M19 list,"Sereno et al., 2007; Tschopp et al., 2015a",,,MC0124,0.3722,"No existing canonical concept was merged in this conservative first pass. The highest lexical candidate is retained for review, but the character keeps a separate canonical ID until stronger lineage evidence supports equivalence."
REL-M19-500,,M19:C500,MC0867,MC0867,M19_added_provisional_distinct,moderate,C424-C548 added in M19 list,"Sereno et al., 2007",,,MC0284,0.297,"No existing canonical concept was merged in this conservative first pass. The highest lexical candidate is retained for review, but the character keeps a separate canonical ID until stronger lineage evidence supports equivalence."
REL-M19-501,,M19:C501,MC0868,MC0868,M19_added_provisional_distinct,moderate,C424-C548 added in M19 list,"Gallina et al., 2014; modified here",,,MC0281,0.1662,"No existing canonical concept was merged in this conservative first pass. The highest lexical candidate is retained for review, but the character keeps a separate canonical ID until stronger lineage evidence supports equivalence."
REL-M19-502,,M19:C502,MC0869,MC0869,M19_added_provisional_distinct,moderate,C424-C548 added in M19 list,"Whitlock, 2011a; modified here; note that this is based on the entire length of the rib, rather than just the medial portion",,,MC0347,0.1737,"No existing canonical concept was merged in this conservative first pass. The highest lexical candidate is retained for review, but the character keeps a separate canonical ID until stronger lineage evidence supports equivalence."
REL-M19-503,,M19:C503,MC0870,MC0870,M19_added_provisional_distinct,moderate,C424-C548 added in M19 list,"new character: based on Mannion et al., 2011",,,MC0343,0.1806,"No existing canonical concept was merged in this conservative first pass. The highest lexical candidate is retained for review, but the character keeps a separate canonical ID until stronger lineage evidence supports equivalence."
REL-M19-504,,M19:C504,MC0871,MC0871,M19_added_provisional_distinct,moderate,C424-C548 added in M19 list,"new character: based on Mannion et al., 2011",,,MC0279,0.1405,"No existing canonical concept was merged in this conservative first pass. The highest lexical candidate is retained for review, but the character keeps a separate canonical ID until stronger lineage evidence supports equivalence."
REL-M19-505,,M19:C505,MC0872,MC0872,M19_added_provisional_distinct,moderate,C424-C548 added in M19 list,"new character: based on Mannion et al., 2011",,,MC0282,0.2824,"No existing canonical concept was merged in this conservative first pass. The highest lexical candidate is retained for review, but the character keeps a separate canonical ID until stronger lineage evidence supports equivalence."
REL-M19-506,WIL02_REF:C132,M19:C506,MC0873,MC0873,split_derived,high,C424-C548 added in M19 list,"McIntosh, 1990; Upchurch, 1995, 1998; Wilson, 2002; revised here to separate an- terior and middle caudal vertebrae",,,MC0132,0.4357,M19 narrows an earlier broader character into a regionalized concept; retained as a separate canonical ID with an explicit parent relationship.
REL-M19-507,,M19:C507,MC0874,MC0874,M19_added_provisional_distinct,moderate,C424-C548 added in M19 list,"McIntosh, 1990; Upchurch, 1995, 1998; Upchurch et al., 2004; Mannion et al., 2013; revised here to separate anterior and middle caudal vertebrae",,,MC0132,0.1898,"No existing canonical concept was merged in this conservative first pass. The highest lexical candidate is retained for review, but the character keeps a separate canonical ID until stronger lineage evidence supports equivalence."
REL-M19-508,,M19:C508,MC0875,MC0875,M19_added_provisional_distinct,moderate,C424-C548 added in M19 list,"Wilson, 2002; Gallina & Apesteguía, 2005; Mannion et al., 2012",,,MC0131,0.269,"No existing canonical concept was merged in this conservative first pass. The highest lexical candidate is retained for review, but the character keeps a separate canonical ID until stronger lineage evidence supports equivalence."
REL-M19-509,,M19:C509,MC0876,MC0876,M19_added_provisional_distinct,moderate,C424-C548 added in M19 list,"Gallina et al., 2014; modified here",,,MC0132,0.1963,"No existing canonical concept was merged in this conservative first pass. The highest lexical candidate is retained for review, but the character keeps a separate canonical ID until stronger lineage evidence supports equivalence."
REL-M19-510,,M19:C510,MC0877,MC0877,M19_added_provisional_distinct,moderate,C424-C548 added in M19 list,"Gallina & Apesteguía, 2005; modified here",,,MC0378,0.2048,"No existing canonical concept was merged in this conservative first pass. The highest lexical candidate is retained for review, but the character keeps a separate canonical ID until stronger lineage evidence supports equivalence."
REL-M19-511,,M19:C511,MC0878,MC0878,M19_added_provisional_distinct,moderate,C424-C548 added in M19 list,"Gallina & Apesteguía, 2005; Mannion, 2009",,,MC0378,0.271,"No existing canonical concept was merged in this conservative first pass. The highest lexical candidate is retained for review, but the character keeps a separate canonical ID until stronger lineage evidence supports equivalence."
REL-M19-512,,M19:C512,MC0374,MC0879,M19_added_provisional_distinct,moderate,C424-C548 added in M19 list,"Upchurch, 1995; modified here",,,MC0296,0.2166,"No existing canonical concept was merged in this conservative first pass. The highest lexical candidate is retained for review, but the character keeps a separate canonical ID until stronger lineage evidence supports equivalence."
REL-M19-513,,M19:C513,MC0880,MC0880,M19_added_provisional_distinct,moderate,C424-C548 added in M19 list,"Whitlock, 2011a; modified here",,,MC0376,0.2007,"No existing canonical concept was merged in this conservative first pass. The highest lexical candidate is retained for review, but the character keeps a separate canonical ID until stronger lineage evidence supports equivalence."
REL-M19-514,,M19:C514,MC0881,MC0881,M19_added_provisional_distinct,moderate,C424-C548 added in M19 list,"Carballido et al., 2012; modified and polarity reversed here",,,MC0020,0.2397,"No existing canonical concept was merged in this conservative first pass. The highest lexical candidate is retained for review, but the character keeps a separate canonical ID until stronger lineage evidence supports equivalence."
REL-M19-515,,M19:C515,MC0882,MC0882,M19_added_provisional_distinct,moderate,C424-C548 added in M19 list,"new character: based on Mannion, 2009; Carballido et al., 2012",,,MC0253,0.2378,"No existing canonical concept was merged in this conservative first pass. The highest lexical candidate is retained for review, but the character keeps a separate canonical ID until stronger lineage evidence supports equivalence."
REL-M19-516,,M19:C516,MC0883,MC0883,M19_added_provisional_distinct,moderate,C424-C548 added in M19 list,"Gilmore, 1932; Tschopp et al., 2015a",,,MC0047,0.1504,"No existing canonical concept was merged in this conservative first pass. The highest lexical candidate is retained for review, but the character keeps a separate canonical ID until stronger lineage evidence supports equivalence."
REL-M19-517,,M19:C517,MC0884,MC0884,M19_added_provisional_distinct,moderate,C424-C548 added in M19 list,,,,MC0164,0.2865,"No existing canonical concept was merged in this conservative first pass. The highest lexical candidate is retained for review, but the character keeps a separate canonical ID until stronger lineage evidence supports equivalence."
REL-M19-518,,M19:C518,MC0885,MC0885,M19_added_provisional_distinct,moderate,C424-C548 added in M19 list,,,,MC0199,0.2037,"No existing canonical concept was merged in this conservative first pass. The highest lexical candidate is retained for review, but the character keeps a separate canonical ID until stronger lineage evidence supports equivalence."
REL-M19-519,,M19:C519,MC0886,MC0886,M19_added_provisional_distinct,moderate,C424-C548 added in M19 list,,,,MC0182,0.2359,"No existing canonical concept was merged in this conservative first pass. The highest lexical candidate is retained for review, but the character keeps a separate canonical ID until stronger lineage evidence supports equivalence."
REL-M19-520,,M19:C520,MC0887,MC0887,M19_added_provisional_distinct,moderate,C424-C548 added in M19 list,"Wilson, 2002; Tschopp et al., 2015a; modified here",,,MC0397,0.1603,"No existing canonical concept was merged in this conservative first pass. The highest lexical candidate is retained for review, but the character keeps a separate canonical ID until stronger lineage evidence supports equivalence."
REL-M19-521,,M19:C521,MC0888,MC0888,M19_added_provisional_distinct,moderate,C424-C548 added in M19 list,,,,MC0407,0.3243,"No existing canonical concept was merged in this conservative first pass. The highest lexical candidate is retained for review, but the character keeps a separate canonical ID until stronger lineage evidence supports equivalence."
REL-M19-522,,M19:C522,MC0189,MC0889,M19_added_provisional_distinct,moderate,C424-C548 added in M19 list,"McIntosh, 1990; Upchurch, 1998; modified here",,,MC0189,0.6465,"No existing canonical concept was merged in this conservative first pass. The highest lexical candidate is retained for review, but the character keeps a separate canonical ID until stronger lineage evidence supports equivalence."
REL-M19-523,,M19:C523,MC0890,MC0890,M19_added_provisional_distinct,moderate,C424-C548 added in M19 list,"McIntosh, 1990; Upchurch, 1995, 1998; only taxa with a well-developed ambiens process scored for this character",,,MC0189,0.3729,"No existing canonical concept was merged in this conservative first pass. The highest lexical candidate is retained for review, but the character keeps a separate canonical ID until stronger lineage evidence supports equivalence."
REL-M19-524,,M19:C524,MC0891,MC0891,M19_added_provisional_distinct,moderate,C424-C548 added in M19 list,"new character: based on Carballido et al., 2012; note that taxa are only scored with the derived state when the individual is an adult",,,MC0450,0.1205,"No existing canonical concept was merged in this conservative first pass. The highest lexical candidate is retained for review, but the character keeps a separate canonical ID until stronger lineage evidence supports equivalence."
REL-M19-525,,M19:C525,MC0892,MC0892,M19_added_provisional_distinct,moderate,C424-C548 added in M19 list,"new character: based on Salgado et al., 2004",,,MC0284,0.1805,"No existing canonical concept was merged in this conservative first pass. The highest lexical candidate is retained for review, but the character keeps a separate canonical ID until stronger lineage evidence supports equivalence."
REL-M19-526,,M19:C526,MC0893,MC0893,M19_added_provisional_distinct,moderate,C424-C548 added in M19 list,"Sereno et al., 2007",,,MC0296,0.1705,"No existing canonical concept was merged in this conservative first pass. The highest lexical candidate is retained for review, but the character keeps a separate canonical ID until stronger lineage evidence supports equivalence."
REL-M19-527,,M19:C527,MC0894,MC0894,M19_added_provisional_distinct,moderate,C424-C548 added in M19 list,"Mannion et al., 2012",,,MC0453,0.2189,"No existing canonical concept was merged in this conservative first pass. The highest lexical candidate is retained for review, but the character keeps a separate canonical ID until stronger lineage evidence supports equivalence."
REL-M19-528,,M19:C528,MC0895,MC0895,M19_added_provisional_distinct,moderate,C424-C548 added in M19 list,"Carballido et al., 2012",,,MC0394,0.2148,"No existing canonical concept was merged in this conservative first pass. The highest lexical candidate is retained for review, but the character keeps a separate canonical ID until stronger lineage evidence supports equivalence."
REL-M19-529,,M19:C529,MC0896,MC0896,M19_added_provisional_distinct,moderate,C424-C548 added in M19 list,"Salgado et al., 1997; Carballido et al., 2012",,,MC0295,0.3091,"No existing canonical concept was merged in this conservative first pass. The highest lexical candidate is retained for review, but the character keeps a separate canonical ID until stronger lineage evidence supports equivalence."
REL-M19-530,,M19:C530,MC0897,MC0897,M19_added_provisional_distinct,moderate,C424-C548 added in M19 list,"Sereno et al., 2007; modified here",,,MC0394,0.1552,"No existing canonical concept was merged in this conservative first pass. The highest lexical candidate is retained for review, but the character keeps a separate canonical ID until stronger lineage evidence supports equivalence."
REL-M19-531,,M19:C531,MC0898,MC0898,M19_added_provisional_distinct,moderate,C424-C548 added in M19 list,,,,MC0193,0.1322,"No existing canonical concept was merged in this conservative first pass. The highest lexical candidate is retained for review, but the character keeps a separate canonical ID until stronger lineage evidence supports equivalence."
REL-M19-532,,M19:C532,MC0194,MC0899,M19_added_provisional_distinct,moderate,C424-C548 added in M19 list,"Wilson, 2002; polarity reversed here",,,MC0194,0.5777,"No existing canonical concept was merged in this conservative first pass. The highest lexical candidate is retained for review, but the character keeps a separate canonical ID until stronger lineage evidence supports equivalence."
REL-M19-533,,M19:C533,MC0195,MC0900,M19_added_provisional_distinct,moderate,C424-C548 added in M19 list,"Upchurch, 1998; Wilson & Sereno, 1998",,,MC0195,0.3647,"No existing canonical concept was merged in this conservative first pass. The highest lexical candidate is retained for review, but the character keeps a separate canonical ID until stronger lineage evidence supports equivalence."
REL-M19-534,,M19:C534,MC0901,MC0901,M19_added_provisional_distinct,moderate,C424-C548 added in M19 list,"Mannion et al., 2012",,,MC0196,0.3394,"No existing canonical concept was merged in this conservative first pass. The highest lexical candidate is retained for review, but the character keeps a separate canonical ID until stronger lineage evidence supports equivalence."
REL-M19-535,,M19:C535,MC0902,MC0902,M19_added_provisional_distinct,moderate,C424-C548 added in M19 list,"Whitlock, 2011a",,,MC0243,0.1847,"No existing canonical concept was merged in this conservative first pass. The highest lexical candidate is retained for review, but the character keeps a separate canonical ID until stronger lineage evidence supports equivalence."
REL-M19-536,,M19:C536,MC0903,MC0903,M19_added_provisional_distinct,moderate,C424-C548 added in M19 list,"Tschopp et al., 2015a",,,MC0204,0.2664,"No existing canonical concept was merged in this conservative first pass. The highest lexical candidate is retained for review, but the character keeps a separate canonical ID until stronger lineage evidence supports equivalence."
REL-M19-537,,M19:C537,MC0904,MC0904,M19_added_provisional_distinct,moderate,C424-C548 added in M19 list,"Whitlock, 2011a; polarity reversed here",,,MC0399,0.1823,"No existing canonical concept was merged in this conservative first pass. The highest lexical candidate is retained for review, but the character keeps a separate canonical ID until stronger lineage evidence supports equivalence."
REL-M19-538,,M19:C538,MC0905,MC0905,M19_added_provisional_distinct,moderate,C424-C548 added in M19 list,"Whitlock, 2011a",,,MC0212,0.1698,"No existing canonical concept was merged in this conservative first pass. The highest lexical candidate is retained for review, but the character keeps a separate canonical ID until stronger lineage evidence supports equivalence."
REL-M19-539,,M19:C539,MC0406,MC0906,M19_added_provisional_distinct,moderate,C424-C548 added in M19 list,"Upchurch, 1995",,,MC0406,0.3738,"No existing canonical concept was merged in this conservative first pass. The highest lexical candidate is retained for review, but the character keeps a separate canonical ID until stronger lineage evidence supports equivalence."
REL-M19-540,,M19:C540,MC0907,MC0907,M19_added_provisional_distinct,moderate,C424-C548 added in M19 list,"new character: based on D’Emic et al., 2016",,,MC0462,0.1616,"No existing canonical concept was merged in this conservative first pass. The highest lexical candidate is retained for review, but the character keeps a separate canonical ID until stronger lineage evidence supports equivalence."
REL-M19-541,,M19:C541,MC0908,MC0908,M19_added_provisional_distinct,moderate,C424-C548 added in M19 list,"Tschopp et al., 2015a",,,MC0220,0.4137,"No existing canonical concept was merged in this conservative first pass. The highest lexical candidate is retained for review, but the character keeps a separate canonical ID until stronger lineage evidence supports equivalence."
REL-M19-542,,M19:C542,MC0407,MC0909,M19_added_provisional_distinct,moderate,C424-C548 added in M19 list,"McIntosh et al., 1992",,,MC0407,0.2872,"No existing canonical concept was merged in this conservative first pass. The highest lexical candidate is retained for review, but the character keeps a separate canonical ID until stronger lineage evidence supports equivalence."
REL-M19-543,,M19:C543,MC0910,MC0910,M19_added_provisional_distinct,moderate,C424-C548 added in M19 list,,,,MC0328,0.1393,"No existing canonical concept was merged in this conservative first pass. The highest lexical candidate is retained for review, but the character keeps a separate canonical ID until stronger lineage evidence supports equivalence."
REL-M19-544,,M19:C544,MC0911,MC0911,M19_added_provisional_distinct,moderate,C424-C548 added in M19 list,,,,MC0199,0.1807,"No existing canonical concept was merged in this conservative first pass. The highest lexical candidate is retained for review, but the character keeps a separate canonical ID until stronger lineage evidence supports equivalence."
REL-M19-545,,M19:C545,MC0912,MC0912,M19_added_provisional_distinct,moderate,C424-C548 added in M19 list,,,,MC0050,0.1808,"No existing canonical concept was merged in this conservative first pass. The highest lexical candidate is retained for review, but the character keeps a separate canonical ID until stronger lineage evidence supports equivalence."
REL-M19-546,,M19:C546,MC0913,MC0913,M19_added_provisional_distinct,moderate,C424-C548 added in M19 list,,,,MC0333,0.2048,"No existing canonical concept was merged in this conservative first pass. The highest lexical candidate is retained for review, but the character keeps a separate canonical ID until stronger lineage evidence supports equivalence."
REL-M19-547,,M19:C547,MC0914,MC0914,M19_added_provisional_distinct,moderate,C424-C548 added in M19 list,,,,MC0281,0.2546,"No existing canonical concept was merged in this conservative first pass. The highest lexical candidate is retained for review, but the character keeps a separate canonical ID until stronger lineage evidence supports equivalence."
REL-M19-548,,M19:C548,MC0915,MC0915,M19_added_provisional_distinct,moderate,C424-C548 added in M19 list,,,,MC0208,0.3222,"No existing canonical concept was merged in this conservative first pass. The highest lexical candidate is retained for review, but the character keeps a separate canonical ID until stronger lineage evidence supports equivalence."
REL-M26-001,M19:C1,M26:C1,MC0465,MC0465,inherited_unchanged,moderate,M19-retained C1-C548,"Wilson, 2002; Mannion et al., 2013",,,,,M26 retains the M19 character number and biological proposition; canonical ID propagated directly from M19.
REL-M26-002,WIL02_REF:C9,M26:C2,MC0009,MC0009,inherited_unchanged,moderate,M19-retained C1-C548,"McIntosh, 1990; Upchurch, 1995; Upchurch et al., 2004a; Mannion et al., 2013",,,,,M26 retains the M19 character number and biological proposition; canonical ID propagated directly from M19.
REL-M26-003,WIL02_REF:C21,M26:C3,MC0021,MC0021,inherited_unchanged,moderate,M19-retained C1-C548,"Wilson, 2002; Mannion et al., 2013",,,,,M26 retains the M19 character number and biological proposition; canonical ID propagated directly from M19.
REL-M26-004,WIL02_REF:C24,M26:C4,MC0024,MC0024,inherited_unchanged,high,M19-retained C1-C548,"Wilson, 2002; Mannion et al., 2013",,,,,M26 retains the M19 character number and biological proposition; canonical ID propagated directly from M19.
REL-M26-005,WIL02_REF:C32,M26:C5,MC0032,MC0032,inherited_unchanged,moderate,M19-retained C1-C548,"Upchurch, 1998; Wilson & Sereno, 1998; Mannion et al., 2013",,,,,M26 retains the M19 character number and biological proposition; canonical ID propagated directly from M19.
REL-M26-006,WIL02_REF:C43,M26:C6,MC0043,MC0043,inherited_unchanged,moderate,M19-retained C1-C548,"Wilson, 2002; Mannion et al., 2013",,,,,M26 retains the M19 character number and biological proposition; canonical ID propagated directly from M19.
REL-M26-007,M19:C7,M26:C7,MC0466,MC0466,inherited_unchanged,moderate,M19-retained C1-C548,"Mannion, 2011; Mannion et al., 2013",,,,,M26 retains the M19 character number and biological proposition; canonical ID propagated directly from M19.
REL-M26-008,WIL02_REF:C49,M26:C8,MC0049,MC0049,inherited_unchanged,moderate,M19-retained C1-C548,"Wilson, 2002; Mannion, 2011; Mannion et al., 2013",,,,,M26 retains the M19 character number and biological proposition; canonical ID propagated directly from M19.
REL-M26-009,WIL02_REF:C46,M26:C9,MC0046,MC0046,inherited_unchanged,moderate,M19-retained C1-C548,"Wilson, 2002; Upchurch et al., 2004a; Mannion et al., 2013; length is measured up to the base of the basal tubera",,,,,M26 retains the M19 character number and biological proposition; canonical ID propagated directly from M19.
REL-M26-010,WIL02_REF:C59,M26:C10,MC0059,MC0059,inherited_unchanged,moderate,M19-retained C1-C548,"Wilson & Sereno, 1998; Upchurch et al., 2004a; Mannion et al., 2013",,,,,M26 retains the M19 character number and biological proposition; canonical ID propagated directly from M19.
REL-M26-011,C12:C97,M26:C11,MC0332,MC0332,inherited_unchanged,moderate,M19-retained C1-C548,"Upchurch, 1998; Upchurch et al., 2004a; Mannion et al., 2013",,,,,M26 retains the M19 character number and biological proposition; canonical ID propagated directly from M19.
REL-M26-012,M19:C12,M26:C12,MC0467,MC0467,inherited_unchanged,moderate,M19-retained C1-C548,"Mannion et al., 2013",,,,,M26 retains the M19 character number and biological proposition; canonical ID propagated directly from M19.
REL-M26-013,WIL02_REF:C73,M26:C13,MC0073,MC0073,inherited_unchanged,moderate,M19-retained C1-C548,"Wilson & Sereno, 1998; Mannion et al., 2013",,,,,M26 retains the M19 character number and biological proposition; canonical ID propagated directly from M19.
REL-M26-014,WIL02_REF:C80,M26:C14,MC0080,MC0080,inherited_unchanged,moderate,M19-retained C1-C548,"Upchurch, 1995, 1998; Wilson & Sereno, 1998; Mannion et al., 2013",,,,,M26 retains the M19 character number and biological proposition; canonical ID propagated directly from M19.
REL-M26-015,WIL02_REF:C86,M26:C15,MC0086,MC0086,states_modified_minor,high,M19-retained C1-C548,"Upchurch, 1995, 1998; Upchurch et al., 2004a; Chure et al., 2010",,,,,M26 changes the upper cervical elongation-bin boundary from 'greater than 4.0' to '4.0 or greater'; the underlying elongation concept is unchanged.
REL-M26-016,WIL02_REF:C84,M26:C16,MC0084,MC0084,inherited_unchanged,moderate,M19-retained C1-C548,"Upchurch, 1998; Upchurch et al., 2004a; Mannion et al., 2013",,,,,M26 retains the M19 character number and biological proposition; canonical ID propagated directly from M19.
REL-M26-017,M19:C17,M26:C17,MC0468,MC0468,inherited_unchanged,moderate,M19-retained C1-C548,"Curry Rogers, 2005; Mannion et al., 2013",,,,,M26 retains the M19 character number and biological proposition; canonical ID propagated directly from M19.
REL-M26-018,M19:C18,M26:C18,MC0469,MC0469,inherited_unchanged,moderate,M19-retained C1-C548,"Bonaparte et al., 2006; Mannion et al., 2013",,,,,M26 retains the M19 character number and biological proposition; canonical ID propagated directly from M19.
REL-M26-019,DE12:C30,M26:C19,MC0426,MC0426,inherited_unchanged,moderate,M19-retained C1-C548,"D'Emic, 2012; Mannion et al., 2013",,,,,M26 retains the M19 character number and biological proposition; canonical ID propagated directly from M19.
REL-M26-020,WIL02_REF:C91,M26:C20,MC0091,MC0091,inherited_unchanged,moderate,M19-retained C1-C548,"McIntosh, 1990; Upchurch, 1998; Wilson & Sereno, 1998; Upchurch et al., 2004a",,,,,M26 retains the M19 character number and biological proposition; canonical ID propagated directly from M19.
REL-M26-021,M19:C21,M26:C21,MC0470,MC0470,inherited_unchanged,moderate,M19-retained C1-C548,"Mannion et al., 2013",,,,,M26 retains the M19 character number and biological proposition; canonical ID propagated directly from M19.
REL-M26-022,M19:C22,M26:C22,MC0358,MC0471,inherited_unchanged,moderate,M19-retained C1-C548,"Upchurch, 1998; Upchurch et al., 2004a; Mannion et al., 2013",,,,,M26 retains the M19 character number and biological proposition; canonical ID propagated directly from M19.
REL-M26-023,M19:C23,M26:C23,MC0472,MC0472,inherited_unchanged,moderate,M19-retained C1-C548,"McIntosh, 1990; Upchurch, 1995, 1998; Mannion et al., 2013",,,,,M26 retains the M19 character number and biological proposition; canonical ID propagated directly from M19.
REL-M26-024,WIL02_REF:C108,M26:C24,MC0108,MC0108,inherited_unchanged,high,M19-retained C1-C548,"McIntosh, 1990; Upchurch, 1995, 1998; Wilson & Sereno, 1998",,,,,M26 retains the M19 character number and biological proposition; canonical ID propagated directly from M19.
REL-M26-025,M19:C25,M26:C25,MC0365,MC0473,inherited_unchanged,moderate,M19-retained C1-C548,"Upchurch et al., 2004a; Mannion et al., 2013",,,,,M26 retains the M19 character number and biological proposition; canonical ID propagated directly from M19.
REL-M26-026,M19:C26,M26:C26,MC0366,MC0474,inherited_unchanged,moderate,M19-retained C1-C548,"Gauthier, 1986; Upchurch, 1995, 1998; Upchurch et al., 2004a; Mannion et al., 2013, 2019a",,,,,M26 retains the M19 character number and biological proposition; canonical ID propagated directly from M19.
REL-M26-027,WIL02_REF:C118,M26:C27,MC0118,MC0118,inherited_unchanged,moderate,M19-retained C1-C548,"McIntosh, 1990; Upchurch, 1995, 1998; Salgado et al., 1997; Wilson, 2002; Whitlock et al., 2011; Mannion et al., 2013, 2019a; note that the highest value for a taxon is always used",,,,,M26 retains the M19 character number and biological proposition; canonical ID propagated directly from M19.
REL-M26-028,M19:C28,M26:C28,MC0475,MC0475,inherited_unchanged,moderate,M19-retained C1-C548,"Upchurch et al., 2004a; Mannion et al., 2013",,,,,M26 retains the M19 character number and biological proposition; canonical ID propagated directly from M19.
REL-M26-029,M19:C29,M26:C29,MC0368,MC0476,inherited_unchanged,moderate,M19-retained C1-C548,"Upchurch & Martin, 2003; Upchurch et al., 2004a; Whitlock, 2011; Mannion et al., 2013",,,,,M26 retains the M19 character number and biological proposition; canonical ID propagated directly from M19.
REL-M26-030,M19:C30,M26:C30,MC0477,MC0477,inherited_unchanged,moderate,M19-retained C1-C548,"Upchurch et al., 2004a; Mannion et al., 2013",,,,,M26 retains the M19 character number and biological proposition; canonical ID propagated directly from M19.
REL-M26-031,M19:C31,M26:C31,MC0478,MC0478,inherited_unchanged,moderate,M19-retained C1-C548,"Upchurch & Martin, 2003; Upchurch et al., 2004a; Whitlock, 2011; Mannion et al., 2013",,,,,M26 retains the M19 character number and biological proposition; canonical ID propagated directly from M19.
REL-M26-032,M19:C32,M26:C32,MC0479,MC0479,inherited_unchanged,moderate,M19-retained C1-C548,"McIntosh, 1990; Calvo & Salgado, 1995; Upchurch, 1995, 1998; Mannion et al., 2013",,,,,M26 retains the M19 character number and biological proposition; canonical ID propagated directly from M19.
REL-M26-033,WIL02_REF:C126,M26:C33,MC0126,MC0126,inherited_unchanged,moderate,M19-retained C1-C548,"Upchurch, 1998; Mannion et al., 2013, 2019a; note that mediolateral width is measured at the same point as anteroposterior length",,,,,M26 retains the M19 character number and biological proposition; canonical ID propagated directly from M19.
REL-M26-034,M19:C34,M26:C34,MC0480,MC0480,inherited_unchanged,moderate,M19-retained C1-C548,"Canudo et al., 2008; Taylor, 2009; Mannion et al., 2013",,,,,M26 retains the M19 character number and biological proposition; canonical ID propagated directly from M19.
REL-M26-035,WIL02_REF:C146,M26:C35,MC0146,MC0146,inherited_unchanged,moderate,M19-retained C1-C548,"Curry Rogers & Forster, 2001; Wilson, 2002; Mannion et al., 2013; note that dorsoventral height of the haemal canal is measured from the proximal tip of the chevron down to the distal tip of the haemal canal, regardless of whether the chevron is dorsally bridged",,,,,M26 retains the M19 character number and biological proposition; canonical ID propagated directly from M19.
REL-M26-036,M19:C36,M26:C36,MC0481,MC0481,inherited_unchanged,moderate,M19-retained C1-C548,"Wilson & Sereno, 1998; Mannion et al., 2013; dorsoventral height is measured perpendicular to long-axis of scapular blade",,,,,M26 retains the M19 character number and biological proposition; canonical ID propagated directly from M19.
REL-M26-037,M19:C37,M26:C37,MC0482,MC0482,inherited_unchanged,moderate,M19-retained C1-C548,"Wilson, 2002; Rose, 2007; Mannion et al., 2013",,,,,M26 retains the M19 character number and biological proposition; canonical ID propagated directly from M19.
REL-M26-038,WIL02_REF:C155,M26:C38,MC0155,MC0155,inherited_unchanged,moderate,M19-retained C1-C548,"Wilson, 2002; Mannion et al., 2013",,,,,M26 retains the M19 character number and biological proposition; canonical ID propagated directly from M19.
REL-M26-039,C12:C222,M26:C39,MC0379,MC0379,inherited_unchanged,moderate,M19-retained C1-C548,"McIntosh, 1990; Upchurch, 1998; Mannion et al., 2013",,,,,M26 retains the M19 character number and biological proposition; canonical ID propagated directly from M19.
REL-M26-040,WIL02_REF:C172,M26:C40,MC0172,MC0172,inherited_unchanged,moderate,M19-retained C1-C548,"Wilson, 2002; Upchurch et al., 2004a; Tschopp et al., 2015; Poropat et al., 2016; Mannion et al., 2017; an additional state has been added for taxa with ratios of 0.7 or less",,,,,M26 retains the M19 character number and biological proposition; canonical ID propagated directly from M19.
REL-M26-041,M19:C41,M26:C41,MC0290,MC0483,inherited_unchanged,moderate,M19-retained C1-C548,"Mannion et al., 2013",,,,,M26 retains the M19 character number and biological proposition; canonical ID propagated directly from M19.
REL-M26-042,M19:C42,M26:C42,MC0484,MC0484,inherited_unchanged,moderate,M19-retained C1-C548,"Curry Rogers, 2005; Mannion et al., 2013",,,,,M26 retains the M19 character number and biological proposition; canonical ID propagated directly from M19.
REL-M26-043,M19:C43,M26:C43,MC0485,MC0485,inherited_unchanged,moderate,M19-retained C1-C548,"Wilson, 2002; Mannion et al., 2012, 2013",,,,,M26 retains the M19 character number and biological proposition; canonical ID propagated directly from M19.
REL-M26-044,M19:C44,M26:C44,MC0486,MC0486,inherited_unchanged,moderate,M19-retained C1-C548,"Yates & Kitching, 2003; Mannion et al., 2013",,,,,M26 retains the M19 character number and biological proposition; canonical ID propagated directly from M19.
REL-M26-045,C12:C239,M26:C45,MC0386,MC0386,inherited_unchanged,moderate,M19-retained C1-C548,"McIntosh, 1990; Upchurch, 1995, 1998; Upchurch et al., 2004a",,,,,M26 retains the M19 character number and biological proposition; canonical ID propagated directly from M19.
REL-M26-046,M19:C46,M26:C46,MC0487,MC0487,inherited_unchanged,moderate,M19-retained C1-C548,"Curry Rogers, 2005; Mannion et al., 2013; note that in taxa with a twisted radius, the dimension of the long axis of the distal end is used",,,,,M26 retains the M19 character number and biological proposition; canonical ID propagated directly from M19.
REL-M26-047,M19:C47,M26:C47,MC0488,MC0488,inherited_unchanged,moderate,M19-retained C1-C548,"Wilson, 2002; Rose, 2007; Mannion et al., 2013; note that in taxa with a twisted radius, the dimension of the long axis of the distal end is used",,,,,M26 retains the M19 character number and biological proposition; canonical ID propagated directly from M19.
REL-M26-048,M19:C48,M26:C48,MC0489,MC0489,inherited_unchanged,moderate,M19-retained C1-C548,"Wilson & Sereno, 1998; Mannion et al., 2013",,,,,M26 retains the M19 character number and biological proposition; canonical ID propagated directly from M19.
REL-M26-049,M19:C49,M26:C49,MC0171,MC0490,inherited_unchanged,moderate,M19-retained C1-C548,"Curry Rogers & Forster, 2001; Wilson, 2002; Mannion et al., 2013; note that in most taxa only the lateral half of the distal end is bevelled, but this is used as the measurement in those instances",,,,,M26 retains the M19 character number and biological proposition; canonical ID propagated directly from M19.
REL-M26-050,WIL02_REF:C168,M26:C50,MC0168,MC0168,inherited_unchanged,moderate,M19-retained C1-C548,"Wilson, 2002; Curry Rogers, 2005; Mannion et al., 2013",,,,,M26 retains the M19 character number and biological proposition; canonical ID propagated directly from M19.
REL-M26-051,M19:C51,M26:C51,MC0491,MC0491,inherited_unchanged,moderate,M19-retained C1-C548,"Wilson 2002; Mannion et al. 2013; Upchurch et al. 2015; the long-axes of the anteromedial and anterolateral processes are extrapolated posteriorly so that they intersect close to the position of the olecranon, and each process length is then measured from this intersection to the tip of each process",,,,,M26 retains the M19 character number and biological proposition; canonical ID propagated directly from M19.
REL-M26-052,M19:C52,M26:C52,MC0177,MC0492,inherited_unchanged,moderate,M19-retained C1-C548,"McIntosh, 1990; Calvo & Salgado, 1995; Upchurch, 1998; Wilson & Sereno, 1998; Upchurch et al., 2004a",,,,,M26 retains the M19 character number and biological proposition; canonical ID propagated directly from M19.
REL-M26-053,M19:C53,M26:C53,MC0493,MC0493,inherited_unchanged,moderate,M19-retained C1-C548,"Apestegua, 2005a; Mannion & Calvo, 2011; Mannion et al., 2013; note that the metacarpal is measured with the flat surface of the 'D' shape facing laterally, such that the long axis is dorsoventrally aligned",,,,,M26 retains the M19 character number and biological proposition; canonical ID propagated directly from M19.
REL-M26-054,C12:C249,M26:C54,MC0388,MC0388,inherited_unchanged,moderate,M19-retained C1-C548,"Upchurch, 1998; note that an average is taken when both metacarpals II and III are preserved",,,,,M26 retains the M19 character number and biological proposition; canonical ID propagated directly from M19.
REL-M26-055,M19:C55,M26:C55,MC0178,MC0494,inherited_unchanged,moderate,M19-retained C1-C548,"Wilson & Sereno, 1998",,,,,M26 retains the M19 character number and biological proposition; canonical ID propagated directly from M19.
REL-M26-056,M19:C56,M26:C56,MC0390,MC0495,inherited_unchanged,moderate,M19-retained C1-C548,"Upchurch et al., 2004a; Mannion et al., 2013, 2019a; taxa that have lost their manual phalanges [derived state for C242] are scored as a ""?""",,,,,M26 retains the M19 character number and biological proposition; canonical ID propagated directly from M19.
REL-M26-057,M19:C57,M26:C57,MC0452,MC0496,inherited_unchanged,moderate,M19-retained C1-C548,"Taylor, 2009; Mannion et al., 2013",,,,,M26 retains the M19 character number and biological proposition; canonical ID propagated directly from M19.
REL-M26-058,M19:C58,M26:C58,MC0497,MC0497,inherited_unchanged,moderate,M19-retained C1-C548,"Mannion & Calvo, 2011; Mannion et al., 2013",,,,,M26 retains the M19 character number and biological proposition; canonical ID propagated directly from M19.
REL-M26-059,M19:C59,M26:C59,MC0498,MC0498,inherited_unchanged,moderate,M19-retained C1-C548,"Salgado et al., 1997; Wilson & Sereno, 1998; Upchurch et al., 2004a; Mannion et al., 2013",,,,,M26 retains the M19 character number and biological proposition; canonical ID propagated directly from M19.
REL-M26-060,M19:C60,M26:C60,MC0242,MC0499,inherited_unchanged,moderate,M19-retained C1-C548,"Calvo & Salgado, 1995; Salgado et al., 1997; Upchurch, 1998; Mannion et al., 2013",,,,,M26 retains the M19 character number and biological proposition; canonical ID propagated directly from M19.
REL-M26-061,M19:C61,M26:C61,MC0500,MC0500,inherited_unchanged,moderate,M19-retained C1-C548,"Mannion et al., 2013",,,,,M26 retains the M19 character number and biological proposition; canonical ID propagated directly from M19.
REL-M26-062,DE12:C105,M26:C62,MC0454,MC0454,inherited_unchanged,moderate,M19-retained C1-C548,"Wilson, 2002; D'Emic, 2012; Mannion et al., 2013",,,,,M26 retains the M19 character number and biological proposition; canonical ID propagated directly from M19.
REL-M26-063,M19:C63,M26:C63,MC0501,MC0501,inherited_unchanged,moderate,M19-retained C1-C548,"Jacobs et al., 1993; Upchurch, 1998; Upchurch et al., 2004a; Mannion et al., 2013",,,,,M26 retains the M19 character number and biological proposition; canonical ID propagated directly from M19.
REL-M26-064,M19:C64,M26:C64,MC0502,MC0502,inherited_unchanged,moderate,M19-retained C1-C548,"Berman & McIntosh, 1978; McIntosh, 1990; Upchurch, 1995, 1998; Mannion et al., 2013",,,,,M26 retains the M19 character number and biological proposition; canonical ID propagated directly from M19.
REL-M26-065,M19:C65,M26:C65,MC0503,MC0503,inherited_unchanged,moderate,M19-retained C1-C548,"Wilson, 2002; Mannion et al., 2013",,,,,M26 retains the M19 character number and biological proposition; canonical ID propagated directly from M19.
REL-M26-066,M19:C66,M26:C66,MC0504,MC0504,inherited_unchanged,moderate,M19-retained C1-C548,"Upchurch et al., 2004a; Mannion et al., 2013",,,,,M26 retains the M19 character number and biological proposition; canonical ID propagated directly from M19.
REL-M26-067,M19:C67,M26:C67,MC0505,MC0505,inherited_unchanged,moderate,M19-retained C1-C548,"Wilson, 2002; Mannion et al., 2013",,,,,M26 retains the M19 character number and biological proposition; canonical ID propagated directly from M19.
REL-M26-068,M19:C68,M26:C68,MC0506,MC0506,inherited_unchanged,moderate,M19-retained C1-C548,"Salgado et al., 1997; Upchurch et al., 2004a; Mannion et al., 2013",,,,,M26 retains the M19 character number and biological proposition; canonical ID propagated directly from M19.
REL-M26-069,M19:C69,M26:C69,MC0507,MC0507,inherited_unchanged,moderate,M19-retained C1-C548,"Wilson, 2002; Mannion et al., 2013",,,,,M26 retains the M19 character number and biological proposition; canonical ID propagated directly from M19.
REL-M26-070,M19:C70,M26:C70,MC0214,MC0508,inherited_unchanged,moderate,M19-retained C1-C548,"Wilson, 2002; Mannion et al., 2013",,,,,M26 retains the M19 character number and biological proposition; canonical ID propagated directly from M19.
REL-M26-071,M19:C71,M26:C71,MC0509,MC0509,inherited_unchanged,moderate,M19-retained C1-C548,"D'Emic, 2012; Mannion et al., 2013",,,,,M26 retains the M19 character number and biological proposition; canonical ID propagated directly from M19.
REL-M26-072,GA11:C76,M26:C72,MC0300,MC0300,inherited_unchanged,moderate,M19-retained C1-C548,"Mannion et al., 2013",,,,,M26 retains the M19 character number and biological proposition; canonical ID propagated directly from M19.
REL-M26-073,WIL02_REF:C223,M26:C73,MC0223,MC0223,inherited_unchanged,moderate,M19-retained C1-C548,"Wilson & Sereno, 1998; Upchurch et al., 2004a; Mannion et al., 2013",,,,,M26 retains the M19 character number and biological proposition; canonical ID propagated directly from M19.
REL-M26-074,M19:C74,M26:C74,MC0510,MC0510,inherited_unchanged,moderate,M19-retained C1-C548,"Mannion et al., 2013",,,,,M26 retains the M19 character number and biological proposition; canonical ID propagated directly from M19.
REL-M26-075,WIL02_REF:C1,M26:C75,MC0001,MC0001,inherited_unchanged,high,M19-retained C1-C548,"Upchurch, 1998; Wilson & Sereno, 1998",,,,,M26 retains the M19 character number and biological proposition; canonical ID propagated directly from M19.
REL-M26-076,WIL02_REF:C2,M26:C76,MC0002,MC0002,inherited_unchanged,high,M19-retained C1-C548,"Upchurch, 1995, 1998; Wilson & Sereno, 1998; Mannion et al., 2013",,,,,M26 retains the M19 character number and biological proposition; canonical ID propagated directly from M19.
REL-M26-077,DE12:C2,M26:C77,MC0414,MC0414,inherited_unchanged,moderate,M19-retained C1-C548,"Chure et al., 2010",,,,,M26 retains the M19 character number and biological proposition; canonical ID propagated directly from M19.
REL-M26-078,C12:C6,M26:C78,MC0303,MC0303,inherited_unchanged,moderate,M19-retained C1-C548,"Upchurch, 1998",,,,,M26 retains the M19 character number and biological proposition; canonical ID propagated directly from M19.
REL-M26-079,WIL02_REF:C4,M26:C79,MC0004,MC0004,inherited_unchanged,high,M19-retained C1-C548,"Berman & McIntosh, 1978; Upchurch, 1995, 1998; Wilson & Sereno, 1998",,,,,M26 retains the M19 character number and biological proposition; canonical ID propagated directly from M19.
REL-M26-080,WIL02_REF:C11,M26:C80,MC0011,MC0011,inherited_unchanged,high,M19-retained C1-C548,"Wilson, 2002; polarity reversed here",,,,,M26 retains the M19 character number and biological proposition; canonical ID propagated directly from M19.
REL-M26-081,M19:C81,M26:C81,MC0511,MC0511,inherited_unchanged,moderate,M19-retained C1-C548,"Curry Rogers, 2005; Mannion et al., 2013",,,,,M26 retains the M19 character number and biological proposition; canonical ID propagated directly from M19.
REL-M26-082,M19:C82,M26:C82,MC0512,MC0512,inherited_unchanged,moderate,M19-retained C1-C548,"Berman & McIntosh, 1978; Upchurch, 1998; Mannion et al., 2013",,,,,M26 retains the M19 character number and biological proposition; canonical ID propagated directly from M19.
REL-M26-083,M19:C83,M26:C83,MC0513,MC0513,inherited_unchanged,moderate,M19-retained C1-C548,"Curry Rogers, 2005",,,,,M26 retains the M19 character number and biological proposition; canonical ID propagated directly from M19.
REL-M26-084,M19:C84,M26:C84,MC0514,MC0514,inherited_unchanged,moderate,M19-retained C1-C548,"Tschopp & Mateus, 2013",,,,,M26 retains the M19 character number and biological proposition; canonical ID propagated directly from M19.
REL-M26-085,WIL02_REF:C22,M26:C85,MC0022,MC0022,inherited_unchanged,high,M19-retained C1-C548,"Wilson, 2002",,,,,M26 retains the M19 character number and biological proposition; canonical ID propagated directly from M19.
REL-M26-086,WIL02_REF:C29,M26:C86,MC0029,MC0029,inherited_unchanged,high,M19-retained C1-C548,"Wilson & Sereno, 1998; Mannion et al., 2013",,,,,M26 retains the M19 character number and biological proposition; canonical ID propagated directly from M19.
REL-M26-087,M19:C87,M26:C87,MC0016,MC0515,inherited_unchanged,moderate,M19-retained C1-C548,"Wilson & Sereno, 1998; Upchurch et al., 2004a",,,,,M26 retains the M19 character number and biological proposition; canonical ID propagated directly from M19.
REL-M26-088,M19:C88,M26:C88,MC0030,MC0516,inherited_unchanged,moderate,M19-retained C1-C548,"Upchurch, 1995, 1998; Ksepka & Norell, 2010; Mannion et al., 2013",,,,,M26 retains the M19 character number and biological proposition; canonical ID propagated directly from M19.
REL-M26-089,WIL02_REF:C31,M26:C89,MC0031,MC0031,inherited_unchanged,high,M19-retained C1-C548,"Gauthier, 1986; Upchurch, 1995, 1998; Wilson & Sereno, 1998",,,,,M26 retains the M19 character number and biological proposition; canonical ID propagated directly from M19.
REL-M26-090,M19:C90,M26:C90,MC0517,MC0517,inherited_unchanged,moderate,M19-retained C1-C548,"D'Emic, 2012",,,,,M26 retains the M19 character number and biological proposition; canonical ID propagated directly from M19.
REL-M26-091,M19:C91,M26:C91,MC0518,MC0518,inherited_unchanged,moderate,M19-retained C1-C548,"Wilson & Sereno, 1998; Upchurch et al., 2004a",,,,,M26 retains the M19 character number and biological proposition; canonical ID propagated directly from M19.
REL-M26-092,WIL02_REF:C35,M26:C92,MC0035,MC0035,inherited_unchanged,high,M19-retained C1-C548,"Wilson, 2002",,,,,M26 retains the M19 character number and biological proposition; canonical ID propagated directly from M19.
REL-M26-093,M19:C93,M26:C93,MC0519,MC0519,inherited_unchanged,moderate,M19-retained C1-C548,"Madsen et al., 1995; Upchurch, 1998; Wilson & Sereno, 1998; Wilson, 2002; Mannion et al., 2013",,,,,M26 retains the M19 character number and biological proposition; canonical ID propagated directly from M19.
REL-M26-094,M19:C94,M26:C94,MC0520,MC0520,inherited_unchanged,moderate,M19-retained C1-C548,"Wilson & Upchurch, 2009; Mannion et al., 2013",,,,,M26 retains the M19 character number and biological proposition; canonical ID propagated directly from M19.
REL-M26-095,WIL02_REF:C42,M26:C95,MC0042,MC0042,inherited_unchanged,high,M19-retained C1-C548,"Wilson, 2002",,,,,M26 retains the M19 character number and biological proposition; canonical ID propagated directly from M19.
REL-M26-096,WIL02_REF:C44,M26:C96,MC0044,MC0044,inherited_unchanged,high,M19-retained C1-C548,"Wilson, 2002",,,,,M26 retains the M19 character number and biological proposition; canonical ID propagated directly from M19.
REL-M26-097,M19:C97,M26:C97,MC0521,MC0521,inherited_unchanged,moderate,M19-retained C1-C548,"Curry Rogers, 2005; Mannion, 2011; Mannion et al., 2013",,,,,M26 retains the M19 character number and biological proposition; canonical ID propagated directly from M19.
REL-M26-098,M19:C98,M26:C98,MC0522,MC0522,inherited_unchanged,moderate,M19-retained C1-C548,"Wilson, 2002; Mannion, 2011; Mannion et al., 2013, 2019a; Tschopp et al., 2015",,,,,M26 retains the M19 character number and biological proposition; canonical ID propagated directly from M19.
REL-M26-099,M19:C99,M26:C99,MC0523,MC0523,inherited_unchanged,moderate,M19-retained C1-C548,"Wilson, 2002; Mannion, 2011; Mannion et al., 2013",,,,,M26 retains the M19 character number and biological proposition; canonical ID propagated directly from M19.
REL-M26-100,M19:C100,M26:C100,MC0524,MC0524,inherited_unchanged,moderate,M19-retained C1-C548,"Wilson, 2002, 2005; Mannion, 2011; Mannion et al., 2019a",,,,,M26 retains the M19 character number and biological proposition; canonical ID propagated directly from M19.
REL-M26-101,C12:C77,M26:C101,MC0325,MC0325,inherited_unchanged,moderate,M19-retained C1-C548,"Upchurch et al., 2004a",,,,,M26 retains the M19 character number and biological proposition; canonical ID propagated directly from M19.
REL-M26-102,WIL02_REF:C58,M26:C102,MC0058,MC0058,inherited_unchanged,high,M19-retained C1-C548,"McIntosh, 1990; Upchurch, 1995",,,,,M26 retains the M19 character number and biological proposition; canonical ID propagated directly from M19.
REL-M26-103,KN10:C235,M26:C103,MC0247,MC0247,inherited_unchanged,high,M19-retained C1-C548,"Chure et al., 2010",,,,,M26 retains the M19 character number and biological proposition; canonical ID propagated directly from M19.
REL-M26-104,WIL02_REF:C66,M26:C104,MC0066,MC0066,inherited_unchanged,moderate,M19-retained C1-C548,"Gauthier, 1986; Upchurch, 1998; Wilson, 2002; Chure et al., 2010; Mannion et al., 2013",,,,,M26 retains the M19 character number and biological proposition; canonical ID propagated directly from M19.
REL-M26-105,WIL02_REF:C68,M26:C105,MC0068,MC0068,inherited_unchanged,high,M19-retained C1-C548,"Wilson & Sereno, 1998",,,,,M26 retains the M19 character number and biological proposition; canonical ID propagated directly from M19.
REL-M26-106,WIL02_REF:C69,M26:C106,MC0069,MC0069,inherited_unchanged,high,M19-retained C1-C548,"Wilson, 2002; Mannion et al., 2013",,,,,M26 retains the M19 character number and biological proposition; canonical ID propagated directly from M19.
REL-M26-107,M19:C107,M26:C107,MC0525,MC0525,inherited_unchanged,moderate,M19-retained C1-C548,"Chure et al., 2010",,,,,M26 retains the M19 character number and biological proposition; canonical ID propagated directly from M19.
REL-M26-108,M19:C108,M26:C108,MC0264,MC0526,inherited_unchanged,moderate,M19-retained C1-C548,"Calvo, 1994; Upchurch, 1998",,,,,M26 retains the M19 character number and biological proposition; canonical ID propagated directly from M19.
REL-M26-109,WIL02_REF:C70,M26:C109,MC0070,MC0070,inherited_unchanged,high,M19-retained C1-C548,"Wilson & Sereno, 1998; Mannion et al., 2013",,,,,M26 retains the M19 character number and biological proposition; canonical ID propagated directly from M19.
REL-M26-110,M19:C110,M26:C110,MC0527,MC0527,inherited_unchanged,moderate,M19-retained C1-C548,"Upchurch, 1998; Upchurch et al., 2004a; Mannion et al., 2013",,,,,M26 retains the M19 character number and biological proposition; canonical ID propagated directly from M19.
REL-M26-111,M19:C111,M26:C111,MC0528,MC0528,inherited_unchanged,moderate,M19-retained C1-C548,"Barrett et al., 2002; Mannion et al., 2013",,,,,M26 retains the M19 character number and biological proposition; canonical ID propagated directly from M19.
REL-M26-112,M19:C112,M26:C112,MC0529,MC0529,inherited_unchanged,moderate,M19-retained C1-C548,"Mannion, 2011; Mannion et al., 2013; note that the asymmetrial enamel in derived rebbachisaurids results in the superficial appearance of carinae",,,,,M26 retains the M19 character number and biological proposition; canonical ID propagated directly from M19.
REL-M26-113,M19:C113,M26:C113,MC0072,MC0530,inherited_unchanged,moderate,M19-retained C1-C548,"Wilson, 2002; Upchurch et al., 2004a; Mannion et al., 2013",,,,,M26 retains the M19 character number and biological proposition; canonical ID propagated directly from M19.
REL-M26-114,DE12:C15,M26:C114,MC0418,MC0418,inherited_unchanged,high,M19-retained C1-C548,"Chure et al., 2010; D'Emic, 2012",,,,,M26 retains the M19 character number and biological proposition; canonical ID propagated directly from M19.
REL-M26-115,M19:C115,M26:C115,MC0531,MC0531,inherited_unchanged,moderate,M19-retained C1-C548,"Wilson & Sereno, 1998; Carballido et al., 2011; Mannion et al., 2013",,,,,M26 retains the M19 character number and biological proposition; canonical ID propagated directly from M19.
REL-M26-116,WIL02_REF:C79,M26:C116,MC0079,MC0079,inherited_unchanged,high,M19-retained C1-C548,"Wilson, 2002",,,,,M26 retains the M19 character number and biological proposition; canonical ID propagated directly from M19.
REL-M26-117,M19:C117,M26:C117,MC0532,MC0532,inherited_unchanged,moderate,M19-retained C1-C548,"Mannion, 2011; Mannion et al., 2013",,,,,M26 retains the M19 character number and biological proposition; canonical ID propagated directly from M19.
REL-M26-118,M19:C118,M26:C118,MC0533,MC0533,inherited_unchanged,moderate,M19-retained C1-C548,"Upchurch, 1998; Mannion et al., 2013",,,,,M26 retains the M19 character number and biological proposition; canonical ID propagated directly from M19.
REL-M26-119,M19:C119,M26:C119,MC0534,MC0534,inherited_unchanged,moderate,M19-retained C1-C548,"Upchurch, 1998; Mannion et al., 2013",,,,,M26 retains the M19 character number and biological proposition; canonical ID propagated directly from M19.
REL-M26-120,M19:C120,M26:C120,MC0535,MC0535,inherited_unchanged,moderate,M19-retained C1-C548,"Upchurch, 1998; Mannion et al., 2013",,,,,M26 retains the M19 character number and biological proposition; canonical ID propagated directly from M19.
REL-M26-121,M19:C121,M26:C121,MC0536,MC0536,inherited_unchanged,moderate,M19-retained C1-C548,"Upchurch, 1998; Mannion et al., 2013",,,,,M26 retains the M19 character number and biological proposition; canonical ID propagated directly from M19.
REL-M26-122,M19:C122,M26:C122,MC0916,MC0916,split_derived,high,M19-retained C1-C548,"McIntosh, 1990; Russell & Zheng, 1993; Upchurch, 1995, 1998; revised here",,,,,"M19 C122 combined depth of the cervical lateral pneumatic excavation with subdivision by accessory laminae. M26 C122 retains only the shallow/no excavation versus deep, clearly bounded foramen component; division by laminae is separated into M26 C557."
REL-M26-123,M19:C123,M26:C123,MC0538,MC0538,inherited_unchanged,moderate,M19-retained C1-C548,"Wedel et al., 2000; D'Emic, 2013; Mannion et al., 2013",,,,,M26 retains the M19 character number and biological proposition; canonical ID propagated directly from M19.
REL-M26-124,M19:C124,M26:C124,MC0425,MC0539,inherited_unchanged,moderate,M19-retained C1-C548,"Wilson & Upchurch, 2009; D'Emic, 2012; Mannion et al., 2013",,,,,M26 retains the M19 character number and biological proposition; canonical ID propagated directly from M19.
REL-M26-125,M19:C125,M26:C125,MC0540,MC0540,inherited_unchanged,moderate,M19-retained C1-C548,"D'Emic, 2012; Mannion et al., 2013",,,,,M26 retains the M19 character number and biological proposition; canonical ID propagated directly from M19.
REL-M26-126,M19:C126,M26:C126,MC0541,MC0541,inherited_unchanged,moderate,M19-retained C1-C548,"Wilson & Upchurch, 2009; Mannion et al., 2013",,,,,M26 retains the M19 character number and biological proposition; canonical ID propagated directly from M19.
REL-M26-127,M19:C127,M26:C127,MC0542,MC0542,inherited_unchanged,moderate,M19-retained C1-C548,"Yates, 2007",,,,,M26 retains the M19 character number and biological proposition; canonical ID propagated directly from M19.
REL-M26-128,M19:C128,M26:C128,MC0420,MC0543,inherited_unchanged,moderate,M19-retained C1-C548,"Sereno et al., 1993; Yates, 2007; D'Emic, 2012; Mannion et al., 2013",,,,,M26 retains the M19 character number and biological proposition; canonical ID propagated directly from M19.
REL-M26-129,M19:C129,M26:C129,MC0544,MC0544,inherited_unchanged,moderate,M19-retained C1-C548,"Sereno et al., 2007; Wilson & Upchurch, 2009",,,,,M26 retains the M19 character number and biological proposition; canonical ID propagated directly from M19.
REL-M26-130,M19:C130,M26:C130,MC0088,MC0545,inherited_unchanged,moderate,M19-retained C1-C548,"Upchurch, 1995, 1998; Wilson, 2002; Whitlock 2011a; Mannion et al., 2013",,,,,M26 retains the M19 character number and biological proposition; canonical ID propagated directly from M19.
REL-M26-131,M19:C131,M26:C131,MC0422,MC0546,inherited_unchanged,moderate,M19-retained C1-C548,"D'Emic, 2012; Mannion et al., 2013",,,,,M26 retains the M19 character number and biological proposition; canonical ID propagated directly from M19.
REL-M26-132,WIL02_REF:C89,M26:C132,MC0089,MC0089,inherited_unchanged,moderate,M19-retained C1-C548,"Gauthier, 1986; McIntosh, 1990; Upchurch, 1995, 1998; Wilson & Sereno, 1998",,,,,M26 retains the M19 character number and biological proposition; canonical ID propagated directly from M19.
REL-M26-133,M19:C133,M26:C133,MC0547,MC0547,inherited_unchanged,moderate,M19-retained C1-C548,"Gauthier, 1986; McIntosh, 1990; Upchurch, 1995, 1998; Wilson & Sereno, 1998; Mannion et al., 2013",,,,,M26 retains the M19 character number and biological proposition; canonical ID propagated directly from M19.
REL-M26-134,M19:C134,M26:C134,MC0548,MC0548,inherited_unchanged,moderate,M19-retained C1-C548,"Wedel et al., 2000; Rose, 2007; Mannion et al., 2013",,,,,M26 retains the M19 character number and biological proposition; canonical ID propagated directly from M19.
REL-M26-135,M19:C135,M26:C135,MC0549,MC0549,inherited_unchanged,moderate,M19-retained C1-C548,"D'Emic, 2013; Mannion et al., 2013",,,,,M26 retains the M19 character number and biological proposition; canonical ID propagated directly from M19.
REL-M26-136,DE12:C31,M26:C136,MC0427,MC0427,inherited_unchanged,moderate,M19-retained C1-C548,"Salgado et al., 1997; Salgado & Powell, 2010; D'Emic, 2012",,,,,M26 retains the M19 character number and biological proposition; canonical ID propagated directly from M19.
REL-M26-137,M19:C137,M26:C137,MC0550,MC0550,inherited_unchanged,moderate,M19-retained C1-C548,"Salgado et al., 1997; D'Emic, 2012",,,,,M26 retains the M19 character number and biological proposition; canonical ID propagated directly from M19.
REL-M26-138,WIL02_REF:C90,M26:C138,MC0090,MC0090,inherited_unchanged,moderate,M19-retained C1-C548,"Wilson & Upchurch, 2009; D'Emic, 2012; Mannion et al., 2013",,,,,M26 retains the M19 character number and biological proposition; canonical ID propagated directly from M19.
REL-M26-139,M19:C139,M26:C139,MC0551,MC0551,inherited_unchanged,moderate,M19-retained C1-C548,"McIntosh, 1990; Upchurch, 1995, 1998; Mannion et al., 2013",,,,,M26 retains the M19 character number and biological proposition; canonical ID propagated directly from M19.
REL-M26-140,M19:C140,M26:C140,MC0552,MC0552,inherited_unchanged,moderate,M19-retained C1-C548,"Wedel et al., 2000; Mannion et al., 2013, 2019a; taxa with short ribs [scored with the plesiomorphic state for C139] are scored as a ""?""",,,,,M26 retains the M19 character number and biological proposition; canonical ID propagated directly from M19.
REL-M26-141,M19:C141,M26:C141,MC0553,MC0553,inherited_unchanged,moderate,M19-retained C1-C548,"Wilson & Sereno, 1998; Carballido et al., 2011; Mannion et al., 2013",,,,,M26 retains the M19 character number and biological proposition; canonical ID propagated directly from M19.
REL-M26-142,M19:C142,M26:C142,MC0434,MC0554,inherited_unchanged,moderate,M19-retained C1-C548,"Mannion et al., 2012; Poropat et al., 2016",,,,,M26 retains the M19 character number and biological proposition; canonical ID propagated directly from M19.
REL-M26-143,M19:C143,M26:C143,MC0555,MC0555,inherited_unchanged,moderate,M19-retained C1-C548,"Upchurch, 1998",,,,,M26 retains the M19 character number and biological proposition; canonical ID propagated directly from M19.
REL-M26-144,M19:C144,M26:C144,MC0556,MC0556,inherited_unchanged,moderate,M19-retained C1-C548,"Upchurch, 1998; Mannion et al., 2013",,,,,M26 retains the M19 character number and biological proposition; canonical ID propagated directly from M19.
REL-M26-145,M19:C145,M26:C145,MC0342,MC0557,inherited_unchanged,moderate,M19-retained C1-C548,"Bonaparte & Coria, 1993; Upchurch et al., 2004a",,,,,M26 retains the M19 character number and biological proposition; canonical ID propagated directly from M19.
REL-M26-146,M19:C146,M26:C146,MC0558,MC0558,inherited_unchanged,moderate,M19-retained C1-C548,"Upchurch, 1998",,,,,M26 retains the M19 character number and biological proposition; canonical ID propagated directly from M19.
REL-M26-147,M19:C147,M26:C147,MC0559,MC0559,inherited_unchanged,moderate,M19-retained C1-C548,"Salgado et al., 1997; Wilson & Sereno, 1998; Mannion et al., 2013",,,,,M26 retains the M19 character number and biological proposition; canonical ID propagated directly from M19.
REL-M26-148,WIL02_REF:C98,M26:C148,MC0098,MC0098,inherited_unchanged,high,M19-retained C1-C548,"Upchurch, 1998; Wilson, 2002; D'Emic, 2012; Mannion et al., 2013",,,,,M26 retains the M19 character number and biological proposition; canonical ID propagated directly from M19.
REL-M26-149,WIL02_REF:C106,M26:C149,MC0106,MC0106,inherited_unchanged,high,M19-retained C1-C548,"Salgado et al., 1997; Upchurch, 1998",,,,,M26 retains the M19 character number and biological proposition; canonical ID propagated directly from M19.
REL-M26-150,M19:C150,M26:C150,MC0560,MC0560,inherited_unchanged,moderate,M19-retained C1-C548,"Apestegua, 2005b; Mannion et al., 2013",,,,,M26 retains the M19 character number and biological proposition; canonical ID propagated directly from M19.
REL-M26-151,M19:C151,M26:C151,MC0561,MC0561,inherited_unchanged,moderate,M19-retained C1-C548,"Salgado et al., 1997",,,,,M26 retains the M19 character number and biological proposition; canonical ID propagated directly from M19.
REL-M26-152,M19:C152,M26:C152,MC0562,MC0562,inherited_unchanged,moderate,M19-retained C1-C548,"Salgado et al., 1997; Sanz et al., 1999; Mannion et al., 2013",,,,,M26 retains the M19 character number and biological proposition; canonical ID propagated directly from M19.
REL-M26-153,M19:C153,M26:C153,MC0563,MC0563,inherited_unchanged,moderate,M19-retained C1-C548,"Upchurch, 1998; Mannion et al., 2013",,,,,M26 retains the M19 character number and biological proposition; canonical ID propagated directly from M19.
REL-M26-154,M19:C154,M26:C154,MC0564,MC0564,inherited_unchanged,moderate,M19-retained C1-C548,"Janensch, 1950; Taylor, 2009; D'Emic, 2012",,,,,M26 retains the M19 character number and biological proposition; canonical ID propagated directly from M19.
REL-M26-155,M19:C155,M26:C155,MC0565,MC0565,inherited_unchanged,moderate,M19-retained C1-C548,"Upchurch, 1998; Mannion et al., 2013",,,,,M26 retains the M19 character number and biological proposition; canonical ID propagated directly from M19.
REL-M26-156,M19:C156,M26:C156,MC0566,MC0566,inherited_unchanged,moderate,M19-retained C1-C548,"Sanz et al., 1999; Upchurch et al., 2004a; D'Emic, 2012",,,,,M26 retains the M19 character number and biological proposition; canonical ID propagated directly from M19.
REL-M26-157,M19:C157,M26:C157,MC0567,MC0567,inherited_unchanged,moderate,M19-retained C1-C548,"Upchurch, 1998",,,,,M26 retains the M19 character number and biological proposition; canonical ID propagated directly from M19.
REL-M26-158,M19:C158,M26:C158,MC0568,MC0568,inherited_unchanged,moderate,M19-retained C1-C548,"Wilson, 2002; Taylor, 2009; Mannion et al., 2013",,,,,M26 retains the M19 character number and biological proposition; canonical ID propagated directly from M19.
REL-M26-159,M19:C159,M26:C159,MC0569,MC0569,inherited_unchanged,moderate,M19-retained C1-C548,"Taylor, 2009; Mannion et al., 2013",,,,,M26 retains the M19 character number and biological proposition; canonical ID propagated directly from M19.
REL-M26-160,M19:C160,M26:C160,MC0273,MC0570,inherited_unchanged,moderate,M19-retained C1-C548,"Upchurch et al., 2004a; Mannion et al., 2013, 2019a",,,,,M26 retains the M19 character number and biological proposition; canonical ID propagated directly from M19.
REL-M26-161,M19:C161,M26:C161,MC0571,MC0571,inherited_unchanged,moderate,M19-retained C1-C548,"Mannion et al., 2013",,,,,M26 retains the M19 character number and biological proposition; canonical ID propagated directly from M19.
REL-M26-162,M19:C162,M26:C162,MC0102,MC0572,inherited_unchanged,moderate,M19-retained C1-C548,"Upchurch, 1998; Wilson & Sereno, 1998; Wilson, 2002; Upchurch et al., 2004a",,,,,M26 retains the M19 character number and biological proposition; canonical ID propagated directly from M19.
REL-M26-163,M19:C163,M26:C163,MC0573,MC0573,inherited_unchanged,moderate,M19-retained C1-C548,"Upchurch, 1998; Wilson & Sereno, 1998; Wilson, 2002; Upchurch et al., 2004a; Mannion et al., 2019a; only taxa with aliform processes scored for this character",,,,,M26 retains the M19 character number and biological proposition; canonical ID propagated directly from M19.
REL-M26-164,M19:C164,M26:C164,MC0574,MC0574,inherited_unchanged,moderate,M19-retained C1-C548,"Wilson 2002; Poropat et al., 2016; note that this excludes the posteriormost dorsal neural spines, which usually revert to being dorsally directed",,,,,M26 retains the M19 character number and biological proposition; canonical ID propagated directly from M19.
REL-M26-165,M19:C165,M26:C165,MC0100,MC0575,inherited_unchanged,moderate,M19-retained C1-C548,"Wilson, 1999, 2002",,,,,M26 retains the M19 character number and biological proposition; canonical ID propagated directly from M19.
REL-M26-166,WIL02_REF:C99,M26:C166,MC0099,MC0099,inherited_unchanged,moderate,M19-retained C1-C548,"Wilson, 2002; Upchurch et al., 2004a",,,,,M26 retains the M19 character number and biological proposition; canonical ID propagated directly from M19.
REL-M26-167,M19:C167,M26:C167,MC0576,MC0576,inherited_unchanged,moderate,M19-retained C1-C548,"Mannion et al., 2013",,,,,M26 retains the M19 character number and biological proposition; canonical ID propagated directly from M19.
REL-M26-168,GA11:C36,M26:C168,MC0275,MC0275,inherited_unchanged,moderate,M19-retained C1-C548,"Salgado et al., 1997; Curry Rogers, 2005; Mannion et al., 2013; note that taxa coded as '0' for C167 are scored as a '?' here",,,,,M26 retains the M19 character number and biological proposition; canonical ID propagated directly from M19.
REL-M26-169,M19:C169,M26:C169,MC0577,MC0577,inherited_unchanged,moderate,M19-retained C1-C548,"Bonaparte, 1986; Upchurch, 1995, 1998; Curry Rogers, 2005; Mannion et al., 2013; note that taxa coded as '0' for C167 are scored as a '?' here",,,,,M26 retains the M19 character number and biological proposition; canonical ID propagated directly from M19.
REL-M26-170,WIL02_REF:C141,M26:C170,MC0141,MC0141,inherited_unchanged,high,M19-retained C1-C548,"Wilson & Sereno, 1998",,,,,M26 retains the M19 character number and biological proposition; canonical ID propagated directly from M19.
REL-M26-171,WIL02_REF:C142,M26:C171,MC0142,MC0142,inherited_unchanged,high,M19-retained C1-C548,"Wilson, 2002",,,,,M26 retains the M19 character number and biological proposition; canonical ID propagated directly from M19.
REL-M26-172,M19:C172,M26:C172,MC0578,MC0578,inherited_unchanged,moderate,M19-retained C1-C548,"Mannion et al., 2013",,,,,M26 retains the M19 character number and biological proposition; canonical ID propagated directly from M19.
REL-M26-173,M19:C173,M26:C173,MC0579,MC0579,inherited_unchanged,moderate,M19-retained C1-C548,"Upchurch, 1998",,,,,M26 retains the M19 character number and biological proposition; canonical ID propagated directly from M19.
REL-M26-174,M19:C174,M26:C174,MC0580,MC0580,inherited_unchanged,moderate,M19-retained C1-C548,"L et al., 2007; Mannion et al., 2013",,,,,M26 retains the M19 character number and biological proposition; canonical ID propagated directly from M19.
REL-M26-175,WIL02_REF:C114,M26:C175,MC0114,MC0114,inherited_unchanged,high,M19-retained C1-C548,"Wilson 2002; Mannion et al., 2013",,,,,M26 retains the M19 character number and biological proposition; canonical ID propagated directly from M19.
REL-M26-176,M19:C176,M26:C176,MC0917,MC0917,split_derived,high,M19-retained C1-C548,"Powell, 1986; Wilson, 2002; Beeston et al. 2024",,,,,"M19 C176 referred broadly to camellate internal tissue in anteriormost caudal vertebrae. M26 restricts C176 to the centra, while new C571 separately scores the neural arches."
REL-M26-177,M19:C177,M26:C177,MC0582,MC0582,inherited_unchanged,moderate,M19-retained C1-C548,"Mannion et al., 2013, 2019a; only includes taxa with some procoely in the anterior caudal sequence - taxa lacking procoelous anterior caudal vertebrae are scored as a ""?""",,,,,M26 retains the M19 character number and biological proposition; canonical ID propagated directly from M19.
REL-M26-178,M19:C178,M26:C178,MC0583,MC0583,inherited_unchanged,moderate,M19-retained C1-C548,"McIntosh, 1990; Upchurch, 1995",,,,,M26 retains the M19 character number and biological proposition; canonical ID propagated directly from M19.
REL-M26-179,M19:C179,M26:C179,MC0584,MC0584,inherited_unchanged,moderate,M19-retained C1-C548,"Tidwell et al., 2001; Whitlock et al., 2011; Mannion et al., 2013",,,,,M26 retains the M19 character number and biological proposition; canonical ID propagated directly from M19.
REL-M26-180,M19:C180,M26:C180,MC0585,MC0585,inherited_unchanged,moderate,M19-retained C1-C548,"Mannion & Calvo, 2011; Mannion et al., 2013",,,,,M26 retains the M19 character number and biological proposition; canonical ID propagated directly from M19.
REL-M26-181,M19:C181,M26:C181,MC0586,MC0586,inherited_unchanged,moderate,M19-retained C1-C548,"McIntosh, 1990; Upchurch, 1995, 1998; Wilson, 2002; Mannion et al., 2019a",,,,,M26 retains the M19 character number and biological proposition; canonical ID propagated directly from M19.
REL-M26-182,M19:C182,M26:C182,MC0587,MC0587,inherited_unchanged,moderate,M19-retained C1-C548,"McIntosh, 1990; Upchurch, 1995, 1998; Upchurch et al., 2004a; Mannion et al., 2013, 2019a",,,,,M26 retains the M19 character number and biological proposition; canonical ID propagated directly from M19.
REL-M26-183,M19:C183,M26:C183,MC0588,MC0588,inherited_unchanged,moderate,M19-retained C1-C548,"Upchurch & Martin, 2003; Mannion et al., 2013",,,,,M26 retains the M19 character number and biological proposition; canonical ID propagated directly from M19.
REL-M26-184,M19:C184,M26:C184,MC0589,MC0589,inherited_unchanged,moderate,M19-retained C1-C548,"Jacobs et al., 1993; Upchurch, 1995, 1998; Salgado et al., 1997; Wilson, 2002",,,,,M26 retains the M19 character number and biological proposition; canonical ID propagated directly from M19.
REL-M26-185,M19:C185,M26:C185,MC0590,MC0590,inherited_unchanged,moderate,M19-retained C1-C548,"Mannion et al., 2013",,,,,M26 retains the M19 character number and biological proposition; canonical ID propagated directly from M19.
REL-M26-186,M19:C186,M26:C186,MC0591,MC0591,inherited_unchanged,moderate,M19-retained C1-C548,"Wilson & Sereno, 1998",,,,,M26 retains the M19 character number and biological proposition; canonical ID propagated directly from M19.
REL-M26-187,C12:C178,M26:C187,MC0367,MC0367,inherited_unchanged,high,M19-retained C1-C548,"Upchurch, 1998; Mannion et al., 2013; usually only present in the anteriormost region of the tail",,,,,M26 retains the M19 character number and biological proposition; canonical ID propagated directly from M19.
REL-M26-188,M19:C188,M26:C188,MC0592,MC0592,inherited_unchanged,moderate,M19-retained C1-C548,"Taylor, 2009; Mannion et al., 2013",,,,,M26 retains the M19 character number and biological proposition; canonical ID propagated directly from M19.
REL-M26-189,M19:C189,M26:C189,MC0593,MC0593,inherited_unchanged,moderate,M19-retained C1-C548,"Chure et al., 2010; usually only present in the anteriormost region of the tail",,,,,M26 retains the M19 character number and biological proposition; canonical ID propagated directly from M19.
REL-M26-190,M19:C190,M26:C190,MC0594,MC0594,inherited_unchanged,moderate,M19-retained C1-C548,"postzygapophyseal centrodiapophyseal fossa [POCDF] of Wilson et al., 2011 | L et al., 2008; Whitlock et al., 2011; Mannion et al., 2013",,,,,M26 retains the M19 character number and biological proposition; canonical ID propagated directly from M19.
REL-M26-191,M19:C191,M26:C191,MC0595,MC0595,inherited_unchanged,moderate,M19-retained C1-C548,"Mannion & Calvo, 2011; Mannion et al., 2013",,,,,M26 retains the M19 character number and biological proposition; canonical ID propagated directly from M19.
REL-M26-192,M19:C192,M26:C192,MC0437,MC0596,inherited_unchanged,moderate,M19-retained C1-C548,"Calvo & Salgado, 1995; Upchurch, 1995, 1998; Salgado et al., 1997",,,,,M26 retains the M19 character number and biological proposition; canonical ID propagated directly from M19.
REL-M26-193,M19:C193,M26:C193,MC0286,MC0597,inherited_unchanged,moderate,M19-retained C1-C548,"Gonzlez Riga, 2003; Mannion et al., 2013; note that in taxa without anteriorly biased neural arches this prezygapophyseal extension is extrapolated as if the arch was anteriorly positioned on the centrum",,,,,M26 retains the M19 character number and biological proposition; canonical ID propagated directly from M19.
REL-M26-194,M19:C194,M26:C194,MC0598,MC0598,inherited_unchanged,moderate,M19-retained C1-C548,"spinodiapophyseal fossa [SDF] of Wilson et al., 2011 | Wilson, 2002; Whitlock et al., 2011; Wilson et al., 2011; Mannion et al., 2013",,,,,M26 retains the M19 character number and biological proposition; canonical ID propagated directly from M19.
REL-M26-195,M19:C195,M26:C195,MC0599,MC0599,inherited_unchanged,moderate,M19-retained C1-C548,"Gonzalez Riga et al., 2009; Mannion et al., 2013; Poropat et al., 2016",,,,,M26 retains the M19 character number and biological proposition; canonical ID propagated directly from M19.
REL-M26-196,M19:C196,M26:C196,MC0600,MC0600,inherited_unchanged,moderate,M19-retained C1-C548,"Salgado et al., 1997; Mannion et al., 2013",,,,,M26 retains the M19 character number and biological proposition; canonical ID propagated directly from M19.
REL-M26-197,M19:C197,M26:C197,MC0601,MC0601,inherited_unchanged,moderate,M19-retained C1-C548,"Mannion et al., 2013",,,,,M26 retains the M19 character number and biological proposition; canonical ID propagated directly from M19.
REL-M26-198,M19:C198,M26:C198,MC0122,MC0602,inherited_unchanged,moderate,M19-retained C1-C548,"Wilson, 1999, 2002; Mannion et al., 2019a; only taxa in which the SPRL extends onto the lateral surface are scored",,,,,M26 retains the M19 character number and biological proposition; canonical ID propagated directly from M19.
REL-M26-199,M19:C199,M26:C199,MC0603,MC0603,inherited_unchanged,moderate,M19-retained C1-C548,"Mannion et al., 2013",,,,,M26 retains the M19 character number and biological proposition; canonical ID propagated directly from M19.
REL-M26-200,M19:C200,M26:C200,MC0604,MC0604,inherited_unchanged,moderate,M19-retained C1-C548,"Remes et al., 2009; Mannion et al., 2013; note that in taxa with anteriorly biased neural arches this posterior extension is extrapolated as if the arch was centrally positioned on the centrum",,,,,M26 retains the M19 character number and biological proposition; canonical ID propagated directly from M19.
REL-M26-201,M19:C201,M26:C201,MC0605,MC0605,inherited_unchanged,moderate,M19-retained C1-C548,"Upchurch, 1998; Wilson, 2002",,,,,M26 retains the M19 character number and biological proposition; canonical ID propagated directly from M19.
REL-M26-202,KN10:C239,M26:C202,MC0251,MC0251,inherited_unchanged,high,M19-retained C1-C548,"Wilson, 2002; Chure et al., 2010; note that this feature is sometimes present in subsequent caudal vertebrae too: consequently, this character is coded as the derived state if present in any anterior caudal vertebrae, but coded as a '?' if the first caudal vertebra is not preserved and the feature is absent in other anterior caudal vertebrae",,,,,M26 retains the M19 character number and biological proposition; canonical ID propagated directly from M19.
REL-M26-203,M19:C203,M26:C203,MC0606,MC0606,inherited_unchanged,moderate,M19-retained C1-C548,"Suteethorn et al., 2010; Mannion et al., 2013",,,,,M26 retains the M19 character number and biological proposition; canonical ID propagated directly from M19.
REL-M26-204,M19:C204,M26:C204,MC0128,MC0607,inherited_unchanged,moderate,M19-retained C1-C548,"Berman & McIntosh, 1978; McIntosh, 1990; Upchurch, 1995, 1998; Whitlock et al., 2011",,,,,M26 retains the M19 character number and biological proposition; canonical ID propagated directly from M19.
REL-M26-205,M19:C205,M26:C205,MC0608,MC0608,inherited_unchanged,moderate,M19-retained C1-C548,"Mannion & Calvo, 2011; D'Emic, 2012; Mannion et al., 2013",,,,,M26 retains the M19 character number and biological proposition; canonical ID propagated directly from M19.
REL-M26-206,M19:C206,M26:C206,MC0609,MC0609,inherited_unchanged,moderate,M19-retained C1-C548,"Mannion & Calvo, 2011; Mannion et al., 2013, 2019a; only taxa with posterolaterally directed caudal ribs are scored for this character",,,,,M26 retains the M19 character number and biological proposition; canonical ID propagated directly from M19.
REL-M26-207,M19:C207,M26:C207,MC0610,MC0610,inherited_unchanged,moderate,M19-retained C1-C548,"Gomani, 2005; Rauhut, 2006; Mannion & Calvo, 2011; Mannion et al., 2013",,,,,M26 retains the M19 character number and biological proposition; canonical ID propagated directly from M19.
REL-M26-208,M19:C208,M26:C208,MC0611,MC0611,inherited_unchanged,moderate,M19-retained C1-C548,"Powell, 1992; Calvo & Salgado, 1995; Upchurch, 1995, 1998; Mannion et al., 2013",,,,,M26 retains the M19 character number and biological proposition; canonical ID propagated directly from M19.
REL-M26-209,M19:C209,M26:C209,MC0612,MC0612,inherited_unchanged,moderate,M19-retained C1-C548,"Mannion et al., 2013",,,,,M26 retains the M19 character number and biological proposition; canonical ID propagated directly from M19.
REL-M26-210,M19:C210,M26:C210,MC0613,MC0613,inherited_unchanged,moderate,M19-retained C1-C548,"Berman & McIntosh, 1978; Upchurch, 1995, 1998; Wilson & Sereno, 1998; Mannion et al., 2013",,,,,M26 retains the M19 character number and biological proposition; canonical ID propagated directly from M19.
REL-M26-211,M19:C211,M26:C211,MC0614,MC0614,inherited_unchanged,moderate,M19-retained C1-C548,"Berman & McIntosh, 1978; Upchurch, 1995, 1998; Wilson & Sereno, 1998; Mannion et al., 2013",,,,,M26 retains the M19 character number and biological proposition; canonical ID propagated directly from M19.
REL-M26-212,M19:C212,M26:C212,MC0375,MC0615,inherited_unchanged,moderate,M19-retained C1-C548,"Upchurch et al., 2004a",,,,,M26 retains the M19 character number and biological proposition; canonical ID propagated directly from M19.
REL-M26-213,M19:C213,M26:C213,MC0153,MC0616,inherited_unchanged,moderate,M19-retained C1-C548,"Wilson & Sereno, 1998; Upchurch et al., 2004a",,,,,M26 retains the M19 character number and biological proposition; canonical ID propagated directly from M19.
REL-M26-214,M19:C214,M26:C214,MC0617,MC0617,inherited_unchanged,moderate,M19-retained C1-C548,"Rauhut et al., 2005; Mannion, 2009; Mannion et al., 2013",,,,,M26 retains the M19 character number and biological proposition; canonical ID propagated directly from M19.
REL-M26-215,M19:C215,M26:C215,MC0618,MC0618,inherited_unchanged,moderate,M19-retained C1-C548,"Smith et al., 2001; Bonaparte et al., 2006; Carballido et al., 2011; D'Emic et al., 2011; Mannion et al., 2013",,,,,M26 retains the M19 character number and biological proposition; canonical ID propagated directly from M19.
REL-M26-216,M19:C216,M26:C216,MC0619,MC0619,inherited_unchanged,moderate,M19-retained C1-C548,"Carballido et al., 2011; D'Emic et al., 2011; Mannion et al., 2013",,,,,M26 retains the M19 character number and biological proposition; canonical ID propagated directly from M19.
REL-M26-217,WIL02_REF:C154,M26:C217,MC0154,MC0154,inherited_unchanged,high,M19-retained C1-C548,"Wilson, 2002",,,,,M26 retains the M19 character number and biological proposition; canonical ID propagated directly from M19.
REL-M26-218,M19:C218,M26:C218,MC0620,MC0620,inherited_unchanged,moderate,M19-retained C1-C548,"Upchurch, 1998",,,,,M26 retains the M19 character number and biological proposition; canonical ID propagated directly from M19.
REL-M26-219,M19:C219,M26:C219,MC0378,MC0621,inherited_unchanged,moderate,M19-retained C1-C548,"Upchurch, 1995, 1998; Upchurch et al., 2004a; Mannion et al., 2013",,,,,M26 retains the M19 character number and biological proposition; canonical ID propagated directly from M19.
REL-M26-220,M19:C220,M26:C220,MC0622,MC0622,inherited_unchanged,moderate,M19-retained C1-C548,"Wilson, 2002; Mannion et al., 2013",,,,,M26 retains the M19 character number and biological proposition; canonical ID propagated directly from M19.
REL-M26-221,M19:C221,M26:C221,MC0158,MC0623,inherited_unchanged,moderate,M19-retained C1-C548,"Calvo & Salgado, 1995; Upchurch, 1998; Wilson, 2002; Upchurch et al., 2004a",,,,,M26 retains the M19 character number and biological proposition; canonical ID propagated directly from M19.
REL-M26-222,M19:C222,M26:C222,MC0624,MC0624,inherited_unchanged,moderate,M19-retained C1-C548,"McIntosh, 1990; Upchurch, 1998",,,,,M26 retains the M19 character number and biological proposition; canonical ID propagated directly from M19.
REL-M26-223,WIL02_REF:C159,M26:C223,MC0159,MC0159,inherited_unchanged,moderate,M19-retained C1-C548,"Upchurch, 1999; Wilson, 2002; Upchurch et al., 2004a; Harris, 2006; Mannion et al., 2013",,,,,M26 retains the M19 character number and biological proposition; canonical ID propagated directly from M19.
REL-M26-224,M19:C224,M26:C224,MC0625,MC0625,inherited_unchanged,moderate,M19-retained C1-C548,"Curry Rogers, 2005; Mannion et al., 2013",,,,,M26 retains the M19 character number and biological proposition; canonical ID propagated directly from M19.
REL-M26-225,M19:C225,M26:C225,MC0383,MC0626,inherited_unchanged,moderate,M19-retained C1-C548,"Mannion et al., 2013; Upchurch et al., 2015; Poropat et al., 2016",,,,,M26 retains the M19 character number and biological proposition; canonical ID propagated directly from M19.
REL-M26-226,DE12:C80,M26:C226,MC0445,MC0445,inherited_unchanged,moderate,M19-retained C1-C548,"Borsuk-Bia?ynicka, 1977; Otero, 2010; D'Emic, 2012",,,,,M26 retains the M19 character number and biological proposition; canonical ID propagated directly from M19.
REL-M26-227,M19:C227,M26:C227,MC0446,MC0627,inherited_unchanged,moderate,M19-retained C1-C548,"D'Emic, 2012",,,,,M26 retains the M19 character number and biological proposition; canonical ID propagated directly from M19.
REL-M26-228,M19:C228,M26:C228,MC0384,MC0628,inherited_unchanged,moderate,M19-retained C1-C548,"Upchurch et al., 2004a",,,,,M26 retains the M19 character number and biological proposition; canonical ID propagated directly from M19.
REL-M26-229,M19:C229,M26:C229,MC0163,MC0629,inherited_unchanged,moderate,M19-retained C1-C548,"Wilson, 2002; Upchurch et al., 2004a",,,,,M26 retains the M19 character number and biological proposition; canonical ID propagated directly from M19.
REL-M26-230,WIL02_REF:C164,M26:C230,MC0164,MC0164,inherited_unchanged,moderate,M19-retained C1-C548,"Wilson, 2002; Mannion et al., 2013",,,,,M26 retains the M19 character number and biological proposition; canonical ID propagated directly from M19.
REL-M26-231,M19:C231,M26:C231,MC0630,MC0630,inherited_unchanged,moderate,M19-retained C1-C548,"Mannion et al., 2013",,,,,M26 retains the M19 character number and biological proposition; canonical ID propagated directly from M19.
REL-M26-232,M19:C232,M26:C232,MC0631,MC0631,inherited_unchanged,moderate,M19-retained C1-C548,"Curry Rogers, 2005; Mannion et al., 2013",,,,,M26 retains the M19 character number and biological proposition; canonical ID propagated directly from M19.
REL-M26-233,WIL02_REF:C167,M26:C233,MC0167,MC0167,inherited_unchanged,high,M19-retained C1-C548,"McIntosh, 1990; Wilson & Sereno, 1998; Mannion et al., 2013",,,,,M26 retains the M19 character number and biological proposition; canonical ID propagated directly from M19.
REL-M26-234,M19:C234,M26:C234,MC0385,MC0632,inherited_unchanged,moderate,M19-retained C1-C548,"Upchurch, 1995, 1998",,,,,M26 retains the M19 character number and biological proposition; canonical ID propagated directly from M19.
REL-M26-235,M19:C235,M26:C235,MC0633,MC0633,inherited_unchanged,moderate,M19-retained C1-C548,"Mannion et al., 2013",,,,,M26 retains the M19 character number and biological proposition; canonical ID propagated directly from M19.
REL-M26-236,M19:C236,M26:C236,MC0447,MC0634,inherited_unchanged,moderate,M19-retained C1-C548,"D'Emic, 2012",,,,,M26 retains the M19 character number and biological proposition; canonical ID propagated directly from M19.
REL-M26-237,WIL02_REF:C173,M26:C237,MC0173,MC0173,inherited_unchanged,high,M19-retained C1-C548,"Upchurch, 1995, 1998",,,,,M26 retains the M19 character number and biological proposition; canonical ID propagated directly from M19.
REL-M26-238,M19:C238,M26:C238,MC0635,MC0635,inherited_unchanged,moderate,M19-retained C1-C548,"Upchurch, 1995, 1998",,,,,M26 retains the M19 character number and biological proposition; canonical ID propagated directly from M19.
REL-M26-239,M19:C239,M26:C239,MC0450,MC0636,inherited_unchanged,moderate,M19-retained C1-C548,"Salgado et al., 1997; D'Emic, 2012",,,,,M26 retains the M19 character number and biological proposition; canonical ID propagated directly from M19.
REL-M26-240,WIL02_REF:C180,M26:C240,MC0180,MC0180,inherited_unchanged,high,M19-retained C1-C548,"Wilson, 2002; Mannion et al., 2013",,,,,M26 retains the M19 character number and biological proposition; canonical ID propagated directly from M19.
REL-M26-241,M19:C241,M26:C241,MC0448,MC0637,inherited_unchanged,moderate,M19-retained C1-C548,"D'Emic, 2012; Mannion et al., 2013",,,,,M26 retains the M19 character number and biological proposition; canonical ID propagated directly from M19.
REL-M26-242,M19:C242,M26:C242,MC0638,MC0638,inherited_unchanged,moderate,M19-retained C1-C548,"Wilson, 2002; Upchurch et al., 2004a",,,,,M26 retains the M19 character number and biological proposition; canonical ID propagated directly from M19.
REL-M26-243,WIL02_REF:C182,M26:C243,MC0182,MC0182,inherited_unchanged,high,M19-retained C1-C548,"Wilson, 2002",,,,,M26 retains the M19 character number and biological proposition; canonical ID propagated directly from M19.
REL-M26-244,M19:C244,M26:C244,MC0639,MC0639,inherited_unchanged,moderate,M19-retained C1-C548,"Upchurch et al., 2004a",,,,,M26 retains the M19 character number and biological proposition; canonical ID propagated directly from M19.
REL-M26-245,M19:C245,M26:C245,MC0298,MC0640,inherited_unchanged,moderate,M19-retained C1-C548,"McIntosh, 1990; Powell, 1992; Upchurch, 1995, 1998",,,,,M26 retains the M19 character number and biological proposition; canonical ID propagated directly from M19.
REL-M26-246,M19:C246,M26:C246,MC0641,MC0641,inherited_unchanged,moderate,M19-retained C1-C548,"Calvo & Salgado, 1995; Upchurch, 1998; Wilson & Sereno, 1998; Mannion et al., 2013",,,,,M26 retains the M19 character number and biological proposition; canonical ID propagated directly from M19.
REL-M26-247,DE12:C99,M26:C247,MC0451,MC0451,inherited_unchanged,high,M19-retained C1-C548,"D'Emic, 2012",,,,,M26 retains the M19 character number and biological proposition; canonical ID propagated directly from M19.
REL-M26-248,KN10:C241,M26:C248,MC0253,MC0253,inherited_unchanged,high,M19-retained C1-C548,"Upchurch, 1998; Mannion et al., 2013",,,,,M26 retains the M19 character number and biological proposition; canonical ID propagated directly from M19.
REL-M26-249,M19:C249,M26:C249,MC0642,MC0642,inherited_unchanged,moderate,M19-retained C1-C548,"Wilson & Upchurch, 2009; Mannion et al., 2013",,,,,M26 retains the M19 character number and biological proposition; canonical ID propagated directly from M19.
REL-M26-250,M19:C250,M26:C250,MC0643,MC0643,inherited_unchanged,moderate,M19-retained C1-C548,"Mannion & Calvo, 2011; Mannion et al., 2013",,,,,M26 retains the M19 character number and biological proposition; canonical ID propagated directly from M19.
REL-M26-251,M19:C251,M26:C251,MC0644,MC0644,inherited_unchanged,moderate,M19-retained C1-C548,"Naish & Martill, 2001; Mannion et al., 2013",,,,,M26 retains the M19 character number and biological proposition; canonical ID propagated directly from M19.
REL-M26-252,M19:C252,M26:C252,MC0453,MC0645,inherited_unchanged,moderate,M19-retained C1-C548,"D'Emic, 2012; Mannion et al., 2013",,,,,M26 retains the M19 character number and biological proposition; canonical ID propagated directly from M19.
REL-M26-253,M19:C253,M26:C253,MC0193,MC0646,inherited_unchanged,moderate,M19-retained C1-C548,"McIntosh, 1990; Upchurch, 1998; Wilson, 2002",,,,,M26 retains the M19 character number and biological proposition; canonical ID propagated directly from M19.
REL-M26-254,C12:C271,M26:C254,MC0394,MC0394,inherited_unchanged,moderate,M19-retained C1-C548,"Upchurch, 1995, 1998; Wilson and Sereno, 1998; Mannion et al., 2019a",,,,,M26 retains the M19 character number and biological proposition; canonical ID propagated directly from M19.
REL-M26-255,M19:C255,M26:C255,MC0647,MC0647,inherited_unchanged,moderate,M19-retained C1-C548,"McIntosh, 1990; Calvo & Salgado, 1995; Salgado et al., 1997; Royo-Torres, 2009; Royo- Torres et al., 2012; Mannion et al., 2013",,,,,M26 retains the M19 character number and biological proposition; canonical ID propagated directly from M19.
REL-M26-256,M19:C256,M26:C256,MC0648,MC0648,inherited_unchanged,moderate,M19-retained C1-C548,"Mannion et al., 2013",,,,,M26 retains the M19 character number and biological proposition; canonical ID propagated directly from M19.
REL-M26-257,M19:C257,M26:C257,MC0456,MC0649,inherited_unchanged,moderate,M19-retained C1-C548,"Otero, 2010; D'Emic, 2012",,,,,M26 retains the M19 character number and biological proposition; canonical ID propagated directly from M19.
REL-M26-258,M19:C258,M26:C258,MC0650,MC0650,inherited_unchanged,moderate,M19-retained C1-C548,"Gallina & Apestegua, 2005; Whitlock, 2011",,,,,M26 retains the M19 character number and biological proposition; canonical ID propagated directly from M19.
REL-M26-259,M19:C259,M26:C259,MC0201,MC0651,inherited_unchanged,moderate,M19-retained C1-C548,"Wilson, 2002; Mannion et al., 2013",,,,,M26 retains the M19 character number and biological proposition; canonical ID propagated directly from M19.
REL-M26-260,WIL02_REF:C204,M26:C260,MC0204,MC0204,inherited_unchanged,high,M19-retained C1-C548,"Wilson & Sereno, 1998; Mannion et al., 2013; note that the tibia is oriented so that the flat, mediolaterally wide triangular surface of the distal end faces anteriorly",,,,,M26 retains the M19 character number and biological proposition; canonical ID propagated directly from M19.
REL-M26-261,M19:C261,M26:C261,MC0652,MC0652,inherited_unchanged,moderate,M19-retained C1-C548,"the ""second cnemial crest"" of Bonaparte et al., 2000 | Bonaparte et al., 2000; Mannion et al., 2013",,,,,M26 retains the M19 character number and biological proposition; canonical ID propagated directly from M19.
REL-M26-262,M19:C262,M26:C262,MC0457,MC0653,inherited_unchanged,moderate,M19-retained C1-C548,"Wilson & Upchurch, 2009; D'Emic, 2012; Mannion et al., 2013",,,,,M26 retains the M19 character number and biological proposition; canonical ID propagated directly from M19.
REL-M26-263,M19:C263,M26:C263,MC0654,MC0654,inherited_unchanged,moderate,M19-retained C1-C548,"Powell, 1992; Upchurch, 1998",,,,,M26 retains the M19 character number and biological proposition; canonical ID propagated directly from M19.
REL-M26-264,M19:C264,M26:C264,MC0459,MC0655,inherited_unchanged,moderate,M19-retained C1-C548,"Canudo et al., 2008; Royo-Torres, 2009",,,,,M26 retains the M19 character number and biological proposition; canonical ID propagated directly from M19.
REL-M26-265,M19:C265,M26:C265,MC0403,MC0656,inherited_unchanged,moderate,M19-retained C1-C548,"Cooper, 1981; Upchurch, 1995, 1998; Wilson & Sereno, 1998",,,,,M26 retains the M19 character number and biological proposition; canonical ID propagated directly from M19.
REL-M26-266,WIL02_REF:C212,M26:C266,MC0212,MC0212,inherited_unchanged,moderate,M19-retained C1-C548,"Wilson & Sereno, 1998; Wilson, 2002; Tschopp et al., 2015; Mannion et al., 2019a",,,,,M26 retains the M19 character number and biological proposition; canonical ID propagated directly from M19.
REL-M26-267,M19:C267,M26:C267,MC0657,MC0657,inherited_unchanged,moderate,M19-retained C1-C548,"Wilson & Upchurch, 2009; Mannion et al., 2013",,,,,M26 retains the M19 character number and biological proposition; canonical ID propagated directly from M19.
REL-M26-268,KN10:C243,M26:C268,MC0255,MC0255,inherited_unchanged,high,M19-retained C1-C548,"Wilson & Upchurch, 2009; Ksepka & Norell, 2010",,,,,M26 retains the M19 character number and biological proposition; canonical ID propagated directly from M19.
REL-M26-269,M19:C269,M26:C269,MC0462,MC0658,inherited_unchanged,moderate,M19-retained C1-C548,"D'Emic, 2012; Mannion et al., 2013",,,,,M26 retains the M19 character number and biological proposition; canonical ID propagated directly from M19.
REL-M26-270,WIL02_REF:C215,M26:C270,MC0215,MC0215,inherited_unchanged,high,M19-retained C1-C548,"McIntosh, 1990; Upchurch, 1995, 1998",,,,,M26 retains the M19 character number and biological proposition; canonical ID propagated directly from M19.
REL-M26-271,M19:C271,M26:C271,MC0659,MC0659,inherited_unchanged,moderate,M19-retained C1-C548,"Wilson & Upchurch, 2009; Mannion et al., 2013",,,,,M26 retains the M19 character number and biological proposition; canonical ID propagated directly from M19.
REL-M26-272,M19:C272,M26:C272,MC0660,MC0660,inherited_unchanged,moderate,M19-retained C1-C548,"Berman & McIntosh, 1978; McIntosh, 1990; Upchurch, 1995, 1998; D'Emic et al., 2011; Mannion et al., 2013",,,,,M26 retains the M19 character number and biological proposition; canonical ID propagated directly from M19.
REL-M26-273,M19:C273,M26:C273,MC0661,MC0661,inherited_unchanged,moderate,M19-retained C1-C548,"Mannion et al., 2013",,,,,M26 retains the M19 character number and biological proposition; canonical ID propagated directly from M19.
REL-M26-274,M19:C274,M26:C274,MC0662,MC0662,inherited_unchanged,moderate,M19-retained C1-C548,"D'Emic et al., 2011; Mannion et al., 2013",,,,,M26 retains the M19 character number and biological proposition; canonical ID propagated directly from M19.
REL-M26-275,M19:C275,M26:C275,MC0463,MC0663,inherited_unchanged,moderate,M19-retained C1-C548,"D'Emic et al., 2011; D'Emic, 2012",,,,,M26 retains the M19 character number and biological proposition; canonical ID propagated directly from M19.
REL-M26-276,M19:C276,M26:C276,MC0464,MC0664,inherited_unchanged,moderate,M19-retained C1-C548,"D'Emic, 2012",,,,,M26 retains the M19 character number and biological proposition; canonical ID propagated directly from M19.
REL-M26-277,C12:C324,M26:C277,MC0410,MC0410,inherited_unchanged,moderate,M19-retained C1-C548,"Upchurch, 1995, 1998; Upchurch et al., 2004a",,,,,M26 retains the M19 character number and biological proposition; canonical ID propagated directly from M19.
REL-M26-278,M19:C278,M26:C278,MC0665,MC0665,inherited_unchanged,moderate,M19-retained C1-C548,"Canudo et al., 2008; Mannion et al., 2013",,,,,M26 retains the M19 character number and biological proposition; canonical ID propagated directly from M19.
REL-M26-279,WIL02_REF:C234,M26:C279,MC0234,MC0234,inherited_unchanged,high,M19-retained C1-C548,"Wilson, 2002; note that taxa are only coded as the plesiomorphic state when osteoderms are not found associated with a relatively complete postcranial skeleton or a specimen preserving numerous axial elements",,,,,M26 retains the M19 character number and biological proposition; canonical ID propagated directly from M19.
REL-M26-280,M19:C280,M26:C280,MC0666,MC0666,inherited_unchanged,moderate,M19-retained C1-C548,"Borsuk-Bia?ynicka, 1977; Upchurch et al., 2015",,,,,M26 retains the M19 character number and biological proposition; canonical ID propagated directly from M19.
REL-M26-281,M19:C281,M26:C281,MC0667,MC0667,inherited_unchanged,moderate,M19-retained C1-C548,"Upchurch et al., 2015",,,,,M26 retains the M19 character number and biological proposition; canonical ID propagated directly from M19.
REL-M26-282,M19:C282,M26:C282,MC0668,MC0668,inherited_unchanged,moderate,M19-retained C1-C548,"Upchurch et al., 2015",,,,,M26 retains the M19 character number and biological proposition; canonical ID propagated directly from M19.
REL-M26-283,M19:C283,M26:C283,MC0669,MC0669,inherited_unchanged,moderate,M19-retained C1-C548,"Upchurch et al., 2015",,,,,M26 retains the M19 character number and biological proposition; canonical ID propagated directly from M19.
REL-M26-284,M19:C284,M26:C284,MC0670,MC0670,inherited_unchanged,moderate,M19-retained C1-C548,"Borsuk-Bia?ynicka, 1977; Upchurch et al., 2015",,,,,M26 retains the M19 character number and biological proposition; canonical ID propagated directly from M19.
REL-M26-285,M19:C285,M26:C285,MC0671,MC0671,inherited_unchanged,moderate,M19-retained C1-C548,"D'Emic, 2013; Upchurch et al., 2015",,,,,M26 retains the M19 character number and biological proposition; canonical ID propagated directly from M19.
REL-M26-286,M19:C286,M26:C286,MC0672,MC0672,inherited_unchanged,moderate,M19-retained C1-C548,"Upchurch, 1998; Whitlock, 2011; Poropat et al., 2016; note that this can be calculated using the lower jaw when the skull is incomplete",,,,,M26 retains the M19 character number and biological proposition; canonical ID propagated directly from M19.
REL-M26-287,M19:C287,M26:C287,MC0673,MC0673,inherited_unchanged,moderate,M19-retained C1-C548,"Whitlock, 2011",,,,,M26 retains the M19 character number and biological proposition; canonical ID propagated directly from M19.
REL-M26-288,M19:C288,M26:C288,MC0674,MC0674,inherited_unchanged,moderate,M19-retained C1-C548,"Wilson, 2002, 2005",,,,,M26 retains the M19 character number and biological proposition; canonical ID propagated directly from M19.
REL-M26-289,M19:C289,M26:C289,MC0675,MC0675,inherited_unchanged,moderate,M19-retained C1-C548,"Zaher et al., 2011",,,,,M26 retains the M19 character number and biological proposition; canonical ID propagated directly from M19.
REL-M26-290,M19:C290,M26:C290,MC0676,MC0676,inherited_unchanged,moderate,M19-retained C1-C548,"Marpmann et al., 2015; Poropat et al., 2016",,,,,M26 retains the M19 character number and biological proposition; canonical ID propagated directly from M19.
REL-M26-291,M19:C291,M26:C291,MC0677,MC0677,inherited_unchanged,moderate,M19-retained C1-C548,"Zaher et al., 2011; Carballido et al., 2012; Poropat et al., 2016",,,,,M26 retains the M19 character number and biological proposition; canonical ID propagated directly from M19.
REL-M26-292,M19:C292,M26:C292,MC0678,MC0678,inherited_unchanged,moderate,M19-retained C1-C548,"Whitlock, 2011",,,,,M26 retains the M19 character number and biological proposition; canonical ID propagated directly from M19.
REL-M26-293,M19:C293,M26:C293,MC0679,MC0679,inherited_unchanged,moderate,M19-retained C1-C548,"Curry Rogers, 2005; Poropat et al., 2016",,,,,M26 retains the M19 character number and biological proposition; canonical ID propagated directly from M19.
REL-M26-294,M19:C294,M26:C294,MC0680,MC0680,inherited_unchanged,moderate,M19-retained C1-C548,"Upchurch, 1995; Poropat et al., 2016",,,,,M26 retains the M19 character number and biological proposition; canonical ID propagated directly from M19.
REL-M26-295,M19:C295,M26:C295,MC0681,MC0681,inherited_unchanged,moderate,M19-retained C1-C548,"Tschopp et al., 2015",,,,,M26 retains the M19 character number and biological proposition; canonical ID propagated directly from M19.
REL-M26-296,M19:C296,M26:C296,MC0012,MC0682,inherited_unchanged,moderate,M19-retained C1-C548,"Upchurch, 1995",,,,,M26 retains the M19 character number and biological proposition; canonical ID propagated directly from M19.
REL-M26-297,M19:C297,M26:C297,MC0020,MC0683,inherited_unchanged,moderate,M19-retained C1-C548,"Whitlock, 2011; Tschopp & Mateus, 2013; Poropat et al., 2016; Mannion et al., 2019a",,,,,M26 retains the M19 character number and biological proposition; canonical ID propagated directly from M19.
REL-M26-298,M19:C298,M26:C298,MC0684,MC0684,inherited_unchanged,moderate,M19-retained C1-C548,"Whitlock et al., 2010; Poropat et al., 2016",,,,,M26 retains the M19 character number and biological proposition; canonical ID propagated directly from M19.
REL-M26-299,M19:C299,M26:C299,MC0018,MC0685,inherited_unchanged,moderate,M19-retained C1-C548,"Wilson & Sereno, 1998",,,,,M26 retains the M19 character number and biological proposition; canonical ID propagated directly from M19.
REL-M26-300,WIL02_REF:C8,M26:C300,MC0008,MC0008,inherited_unchanged,high,M19-retained C1-C548,"McIntosh, 1990; Upchurch, 1995; Whitlock, 2011",,,,,M26 retains the M19 character number and biological proposition; canonical ID propagated directly from M19.
REL-M26-301,M19:C301,M26:C301,MC0310,MC0686,inherited_unchanged,moderate,M19-retained C1-C548,"Harris, 2006; Poropat et al., 2016",,,,,M26 retains the M19 character number and biological proposition; canonical ID propagated directly from M19.
REL-M26-302,M19:C302,M26:C302,MC0017,MC0687,inherited_unchanged,moderate,M19-retained C1-C548,"Wilson, 2002, 2005a",,,,,M26 retains the M19 character number and biological proposition; canonical ID propagated directly from M19.
REL-M26-303,M19:C303,M26:C303,MC0688,MC0688,inherited_unchanged,moderate,M19-retained C1-C548,"Curry Rogers, 2005; Poropat et al., 2016",,,,,M26 retains the M19 character number and biological proposition; canonical ID propagated directly from M19.
REL-M26-304,M19:C304,M26:C304,MC0689,MC0689,inherited_unchanged,moderate,M19-retained C1-C548,"Salgado et al., 1997; Curry Rogers & Forster, 2004; Curry Rogers, 2005; Poropat et al., 2016",,,,,M26 retains the M19 character number and biological proposition; canonical ID propagated directly from M19.
REL-M26-305,M19:C305,M26:C305,MC0690,MC0690,inherited_unchanged,moderate,M19-retained C1-C548,"Curry Rogers & Forster, 2004; Wilson, 2005a; Poropat et al., 2016",,,,,M26 retains the M19 character number and biological proposition; canonical ID propagated directly from M19.
REL-M26-306,M19:C306,M26:C306,MC0691,MC0691,inherited_unchanged,moderate,M19-retained C1-C548,"Zaher et al., 2011; Poropat et al., 2016",,,,,M26 retains the M19 character number and biological proposition; canonical ID propagated directly from M19.
REL-M26-307,WIL02_REF:C36,M26:C307,MC0036,MC0036,inherited_unchanged,moderate,M19-retained C1-C548,"Wilson, 2002",,,,,M26 retains the M19 character number and biological proposition; canonical ID propagated directly from M19.
REL-M26-308,GA11:C14,M26:C308,MC0262,MC0262,inherited_unchanged,high,M19-retained C1-C548,"Curry Rogers & Forster, 2004; Curry Rogers, 2005; Gonzlez Riga et al., 2009",,,,,M26 retains the M19 character number and biological proposition; canonical ID propagated directly from M19.
REL-M26-309,M19:C309,M26:C309,MC0692,MC0692,inherited_unchanged,moderate,M19-retained C1-C548,"Poropat et al., 2016",,,,,M26 retains the M19 character number and biological proposition; canonical ID propagated directly from M19.
REL-M26-310,M19:C310,M26:C310,MC0693,MC0693,inherited_unchanged,moderate,M19-retained C1-C548,"Berman & McIntosh, 1978; Upchurch, 1995, 1998; Tschopp et al., 2015; Poropat et al., 2016",,,,,M26 retains the M19 character number and biological proposition; canonical ID propagated directly from M19.
REL-M26-311,M19:C311,M26:C311,MC0694,MC0694,inherited_unchanged,moderate,M19-retained C1-C548,"Upchurch, 1995, 1998; Mannion et al., 2012",,,,,M26 retains the M19 character number and biological proposition; canonical ID propagated directly from M19.
REL-M26-312,M19:C312,M26:C312,MC0053,MC0695,inherited_unchanged,moderate,M19-retained C1-C548,"McIntosh, 1990; Wilson, 2002; Whitlock, 2011; Mannion et al., 2012; Poropat et al., 2016",,,,,M26 retains the M19 character number and biological proposition; canonical ID propagated directly from M19.
REL-M26-313,M19:C313,M26:C313,MC0696,MC0696,inherited_unchanged,moderate,M19-retained C1-C548,"Upchurch, 1995, 1998",,,,,M26 retains the M19 character number and biological proposition; canonical ID propagated directly from M19.
REL-M26-314,M19:C314,M26:C314,MC0697,MC0697,inherited_unchanged,moderate,M19-retained C1-C548,"Curry Rogers, 2005; Poropat et al., 2016",,,,,M26 retains the M19 character number and biological proposition; canonical ID propagated directly from M19.
REL-M26-315,M19:C315,M26:C315,MC0698,MC0698,inherited_unchanged,moderate,M19-retained C1-C548,"Remes, 2009; Poropat et al., 2016",,,,,M26 retains the M19 character number and biological proposition; canonical ID propagated directly from M19.
REL-M26-316,M19:C316,M26:C316,MC0699,MC0699,inherited_unchanged,moderate,M19-retained C1-C548,"Paulina Carabajal, 2012; Poropat et al., 2016",,,,,M26 retains the M19 character number and biological proposition; canonical ID propagated directly from M19.
REL-M26-317,M19:C317,M26:C317,MC0700,MC0700,inherited_unchanged,moderate,M19-retained C1-C548,"Paulina Carabajal, 2012; Poropat et al., 2016",,,,,M26 retains the M19 character number and biological proposition; canonical ID propagated directly from M19.
REL-M26-318,M19:C318,M26:C318,MC0701,MC0701,inherited_unchanged,moderate,M19-retained C1-C548,"Paulina Carabajal, 2012; Poropat et al., 2016",,,,,M26 retains the M19 character number and biological proposition; canonical ID propagated directly from M19.
REL-M26-319,M19:C319,M26:C319,MC0702,MC0702,inherited_unchanged,moderate,M19-retained C1-C548,"Salgado & Calvo, 1997; Upchurch, 1998; Wilson, 2002; Poropat et al., 2016",,,,,M26 retains the M19 character number and biological proposition; canonical ID propagated directly from M19.
REL-M26-320,M19:C320,M26:C320,MC0333,MC0703,inherited_unchanged,moderate,M19-retained C1-C548,"Upchurch, 1995; Poropat et al., 2016",,,,,M26 retains the M19 character number and biological proposition; canonical ID propagated directly from M19.
REL-M26-321,M19:C321,M26:C321,MC0704,MC0704,inherited_unchanged,moderate,M19-retained C1-C548,"Gonzlez Riga & Ortz David, 2014; Poropat et al., 2016",,,,,M26 retains the M19 character number and biological proposition; canonical ID propagated directly from M19.
REL-M26-322,M19:C322,M26:C322,MC0705,MC0705,inherited_unchanged,moderate,M19-retained C1-C548,"Upchurch et al., 2007; Poropat et al., 2016",,,,,M26 retains the M19 character number and biological proposition; canonical ID propagated directly from M19.
REL-M26-323,M19:C323,M26:C323,MC0706,MC0706,inherited_unchanged,moderate,M19-retained C1-C548,"Whitlock, 2011; Poropat et al., 2016",,,,,M26 retains the M19 character number and biological proposition; canonical ID propagated directly from M19.
REL-M26-324,M19:C324,M26:C324,MC0707,MC0707,inherited_unchanged,moderate,M19-retained C1-C548,"Carballido et al., 2012",,,,,M26 retains the M19 character number and biological proposition; canonical ID propagated directly from M19.
REL-M26-325,M19:C325,M26:C325,MC0708,MC0708,inherited_unchanged,moderate,M19-retained C1-C548,"Curry Rogers, 2005, 2009; Poropat et al., 2016",,,,,M26 retains the M19 character number and biological proposition; canonical ID propagated directly from M19.
REL-M26-326,M19:C326,M26:C326,MC0709,MC0709,inherited_unchanged,moderate,M19-retained C1-C548,"Curry Rogers, 2005",,,,,M26 retains the M19 character number and biological proposition; canonical ID propagated directly from M19.
REL-M26-327,M19:C327,M26:C327,MC0710,MC0710,inherited_unchanged,moderate,M19-retained C1-C548,"Rauhut et al., 2005; Whitlock, 2011",,,,,M26 retains the M19 character number and biological proposition; canonical ID propagated directly from M19.
REL-M26-328,M19:C328,M26:C328,MC0711,MC0711,inherited_unchanged,moderate,M19-retained C1-C548,"Tschopp & Mateus, 2013; Poropat et al., 2016",,,,,M26 retains the M19 character number and biological proposition; canonical ID propagated directly from M19.
REL-M26-329,M19:C329,M26:C329,MC0712,MC0712,inherited_unchanged,moderate,M19-retained C1-C548,"Tschopp & Mateus, 2013",,,,,M26 retains the M19 character number and biological proposition; canonical ID propagated directly from M19.
REL-M26-330,M19:C330,M26:C330,MC0429,MC0713,inherited_unchanged,moderate,M19-retained C1-C548,"Gonzlez Riga, 2005; D'Emic, 2012; Poropat et al., 2016",,,,,M26 retains the M19 character number and biological proposition; canonical ID propagated directly from M19.
REL-M26-331,M19:C331,M26:C331,MC0714,MC0714,inherited_unchanged,moderate,M19-retained C1-C548,"Poropat et al., 2015a, 2016",,,,,M26 retains the M19 character number and biological proposition; canonical ID propagated directly from M19.
REL-M26-332,M19:C332,M26:C332,MC0715,MC0715,inherited_unchanged,moderate,M19-retained C1-C548,"Mannion et al., 2012; Poropat et al., 2016",,,,,M26 retains the M19 character number and biological proposition; canonical ID propagated directly from M19.
REL-M26-333,M19:C333,M26:C333,MC0716,MC0716,inherited_unchanged,moderate,M19-retained C1-C548,"Upchurch et al., 2004a; Curry Rogers, 2005; Poropat et al., 2016",,,,,M26 retains the M19 character number and biological proposition; canonical ID propagated directly from M19.
REL-M26-334,M19:C334,M26:C334,MC0717,MC0717,inherited_unchanged,moderate,M19-retained C1-C548,"Salgado et al., 1997; Mannion et al., 2012",,,,,M26 retains the M19 character number and biological proposition; canonical ID propagated directly from M19.
REL-M26-335,M19:C335,M26:C335,MC0718,MC0718,inherited_unchanged,moderate,M19-retained C1-C548,"Curry Rogers, 2005; Poropat et al., 2016",,,,,M26 retains the M19 character number and biological proposition; canonical ID propagated directly from M19.
REL-M26-336,M19:C336,M26:C336,MC0719,MC0719,inherited_unchanged,moderate,M19-retained C1-C548,"Gonzlez Riga, 2003; Curry Rogers, 2005, 2009; Gallina, 2011; Gallina & Apestegua, 2011",,,,,M26 retains the M19 character number and biological proposition; canonical ID propagated directly from M19.
REL-M26-337,M19:C337,M26:C337,MC0720,MC0720,inherited_unchanged,moderate,M19-retained C1-C548,"Carballido et al., 2012; Poropat et al., 2016",,,,,M26 retains the M19 character number and biological proposition; canonical ID propagated directly from M19.
REL-M26-338,M19:C338,M26:C338,MC0721,MC0721,inherited_unchanged,moderate,M19-retained C1-C548,"Carballido et al., 2012; Poropat et al., 2016",,,,,M26 retains the M19 character number and biological proposition; canonical ID propagated directly from M19.
REL-M26-339,M19:C339,M26:C339,MC0722,MC0722,inherited_unchanged,moderate,M19-retained C1-C548,"Tschopp & Mateus, 2013",,,,,M26 retains the M19 character number and biological proposition; canonical ID propagated directly from M19.
REL-M26-340,M19:C340,M26:C340,MC0723,MC0723,inherited_unchanged,moderate,M19-retained C1-C548,"Mannion et al., 2012; Poropat et al., 2016",,,,,M26 retains the M19 character number and biological proposition; canonical ID propagated directly from M19.
REL-M26-341,M19:C341,M26:C341,MC0724,MC0724,inherited_unchanged,moderate,M19-retained C1-C548,"Carballido et al., 2012; Poropat et al., 2016",,,,,M26 retains the M19 character number and biological proposition; canonical ID propagated directly from M19.
REL-M26-342,M19:C342,M26:C342,MC0725,MC0725,inherited_unchanged,moderate,M19-retained C1-C548,"Upchurch, 1995; Whitlock, 2011; Carballido et al., 2012; Poropat et al., 2016",,,,,M26 retains the M19 character number and biological proposition; canonical ID propagated directly from M19.
REL-M26-343,M19:C343,M26:C343,MC0726,MC0726,inherited_unchanged,moderate,M19-retained C1-C548,"Poropat et al., 2016; note that only taxa scored as ""0"" for C169 are scored for this character",,,,,M26 retains the M19 character number and biological proposition; canonical ID propagated directly from M19.
REL-M26-344,M19:C344,M26:C344,MC0345,MC0727,inherited_unchanged,moderate,M19-retained C1-C548,"Upchurch et al., 2004a; Poropat et al., 2016; note that the presence of an aSPDL can only be confirmed when a pSPDL is also present",,,,,M26 retains the M19 character number and biological proposition; canonical ID propagated directly from M19.
REL-M26-345,M19:C345,M26:C345,MC0728,MC0728,inherited_unchanged,moderate,M19-retained C1-C548,"Poropat et al., 2016; note that this refers to a bifurcation of the posterior SPDL when there are two SPDLs, rather than just the presence of an aSPDL and pSPDL",,,,,M26 retains the M19 character number and biological proposition; canonical ID propagated directly from M19.
REL-M26-346,M19:C346,M26:C346,MC0361,MC0729,inherited_unchanged,moderate,M19-retained C1-C548,"Upchurch, 1998",,,,,M26 retains the M19 character number and biological proposition; canonical ID propagated directly from M19.
REL-M26-347,M19:C347,M26:C347,MC0730,MC0730,inherited_unchanged,moderate,M19-retained C1-C548,"Salgado et al., 2005; D'Emic & Wilson, 2011; Poropat et al., 2016",,,,,M26 retains the M19 character number and biological proposition; canonical ID propagated directly from M19.
REL-M26-348,M19:C348,M26:C348,MC0731,MC0731,inherited_unchanged,moderate,M19-retained C1-C548,"Martnez et al., 2004; Poropat et al., 2016; Mannion et al., 2019a; only taxa with the derived state for C174 are scored",,,,,M26 retains the M19 character number and biological proposition; canonical ID propagated directly from M19.
REL-M26-349,M19:C349,M26:C349,MC0732,MC0732,inherited_unchanged,moderate,M19-retained C1-C548,"Wilson, 2002; Whitlock, 2011; Poropat et al., 2016",,,,,M26 retains the M19 character number and biological proposition; canonical ID propagated directly from M19.
REL-M26-350,M19:C350,M26:C350,MC0733,MC0733,inherited_unchanged,moderate,M19-retained C1-C548,"Gonzlez Riga et al., 2009; Carballido et al., 2012; D'Emic et al., 2013; Poropat et al., 2016; Mannion et al., 2019a; only scored for taxa with at least some amphicoelous caudal centra in the anterior-middle caudal sequence",,,,,M26 retains the M19 character number and biological proposition; canonical ID propagated directly from M19.
REL-M26-351,M19:C351,M26:C351,MC0734,MC0734,inherited_unchanged,moderate,M19-retained C1-C548,"Gonzlez Riga, 2003; Mannion et al., 2019a",,,,,M26 retains the M19 character number and biological proposition; canonical ID propagated directly from M19.
REL-M26-352,M19:C352,M26:C352,MC0735,MC0735,inherited_unchanged,moderate,M19-retained C1-C548,"Santucci & Arruda- Campos, 2011",,,,,M26 retains the M19 character number and biological proposition; canonical ID propagated directly from M19.
REL-M26-353,M19:C353,M26:C353,MC0736,MC0736,inherited_unchanged,moderate,M19-retained C1-C548,"D'Emic, 2012; Mannion et al., 2012; note that this is best observed in lateral view",,,,,M26 retains the M19 character number and biological proposition; canonical ID propagated directly from M19.
REL-M26-354,M19:C354,M26:C354,MC0737,MC0737,inherited_unchanged,moderate,M19-retained C1-C548,"Mannion & Calvo, 2011; Poropat et al., 2016",,,,,M26 retains the M19 character number and biological proposition; canonical ID propagated directly from M19.
REL-M26-355,M19:C355,M26:C355,MC0738,MC0738,inherited_unchanged,moderate,M19-retained C1-C548,"Kellner et al., 2005; D'Emic et al., 2013; Poropat et al., 2016",,,,,M26 retains the M19 character number and biological proposition; canonical ID propagated directly from M19.
REL-M26-356,M19:C356,M26:C356,MC0440,MC0739,inherited_unchanged,moderate,M19-retained C1-C548,"Powell, 1987, 2003; Santucci & Arruda-Campos, 2011; D'Emic, 2012",,,,,M26 retains the M19 character number and biological proposition; canonical ID propagated directly from M19.
REL-M26-357,M19:C357,M26:C357,MC0740,MC0740,inherited_unchanged,moderate,M19-retained C1-C548,"Santucci & Arruda-Campos, 2011; Poropat et al., 2016",,,,,M26 retains the M19 character number and biological proposition; canonical ID propagated directly from M19.
REL-M26-358,M19:C358,M26:C358,MC0741,MC0741,inherited_unchanged,moderate,M19-retained C1-C548,"Poropat et al., 2015a, 2016",,,,,M26 retains the M19 character number and biological proposition; canonical ID propagated directly from M19.
REL-M26-359,M19:C359,M26:C359,MC0376,MC0742,inherited_unchanged,moderate,M19-retained C1-C548,"Sanz et al., 1999; Upchurch et al., 2004a",,,,,M26 retains the M19 character number and biological proposition; canonical ID propagated directly from M19.
REL-M26-360,M19:C360,M26:C360,MC0151,MC0743,inherited_unchanged,moderate,M19-retained C1-C548,"Wilson, 2002; Poropat et al., 2016",,,,,M26 retains the M19 character number and biological proposition; canonical ID propagated directly from M19.
REL-M26-361,M19:C361,M26:C361,MC0744,MC0744,inherited_unchanged,moderate,M19-retained C1-C548,"Poropat et al., 2016",,,,,M26 retains the M19 character number and biological proposition; canonical ID propagated directly from M19.
REL-M26-362,M19:C362,M26:C362,MC0292,MC0745,inherited_unchanged,moderate,M19-retained C1-C548,"Gonzlez Riga, 2003; Gonzlez Riga et al., 2009",,,,,M26 retains the M19 character number and biological proposition; canonical ID propagated directly from M19.
REL-M26-363,C12:C223,M26:C363,MC0380,MC0380,inherited_unchanged,high,M19-retained C1-C548,"Sanz et al., 1999; Upchurch et al., 2004a",,,,,M26 retains the M19 character number and biological proposition; canonical ID propagated directly from M19.
REL-M26-364,M19:C364,M26:C364,MC0382,MC0746,inherited_unchanged,moderate,M19-retained C1-C548,"Upchurch, 1998; Gonzlez Riga, 2003; Gonzlez Riga et al., 2009; Poropat et al., 2016",,,,,M26 retains the M19 character number and biological proposition; canonical ID propagated directly from M19.
REL-M26-365,M19:C365,M26:C365,MC0747,MC0747,inherited_unchanged,moderate,M19-retained C1-C548,"Tschopp et al., 2015; Poropat et al., 2016",,,,,M26 retains the M19 character number and biological proposition; canonical ID propagated directly from M19.
REL-M26-366,M19:C366,M26:C366,MC0748,MC0748,inherited_unchanged,moderate,M19-retained C1-C548,"Bonaparte et al., 2006; Upchurch et al., 2015; Poropat et al., 2016",,,,,M26 retains the M19 character number and biological proposition; canonical ID propagated directly from M19.
REL-M26-367,M19:C367,M26:C367,MC0749,MC0749,inherited_unchanged,moderate,M19-retained C1-C548,"Poropat et al., 2016",,,,,M26 retains the M19 character number and biological proposition; canonical ID propagated directly from M19.
REL-M26-368,M19:C368,M26:C368,MC0750,MC0750,inherited_unchanged,moderate,M19-retained C1-C548,"Powell, 2003; Harris, 2007; Otero, 2010; Poropat et al., 2016",,,,,M26 retains the M19 character number and biological proposition; canonical ID propagated directly from M19.
REL-M26-369,M19:C369,M26:C369,MC0751,MC0751,inherited_unchanged,moderate,M19-retained C1-C548,"Wilson, 2002; Poropat et al., 2016; note that the anterior attachment surface of taxa with a medially deflected deltopectoral crest faces primarily medially",,,,,M26 retains the M19 character number and biological proposition; canonical ID propagated directly from M19.
REL-M26-370,M19:C370,M26:C370,MC0752,MC0752,inherited_unchanged,moderate,M19-retained C1-C548,"Poropat et al., 2016",,,,,M26 retains the M19 character number and biological proposition; canonical ID propagated directly from M19.
REL-M26-371,M19:C371,M26:C371,MC0753,MC0753,inherited_unchanged,moderate,M19-retained C1-C548,"Poropat et al., 2016",,,,,M26 retains the M19 character number and biological proposition; canonical ID propagated directly from M19.
REL-M26-372,M19:C372,M26:C372,MC0754,MC0754,inherited_unchanged,moderate,M19-retained C1-C548,"Tschopp et al., 2015",,,,,M26 retains the M19 character number and biological proposition; canonical ID propagated directly from M19.
REL-M26-373,M19:C373,M26:C373,MC0755,MC0755,inherited_unchanged,moderate,M19-retained C1-C548,"Poropat et al., 2016; Mannion et al., 2019a; only taxa scored as a ""1"" for C52 are scored",,,,,M26 retains the M19 character number and biological proposition; canonical ID propagated directly from M19.
REL-M26-374,M19:C374,M26:C374,MC0756,MC0756,inherited_unchanged,moderate,M19-retained C1-C548,"Sekiya, 2011",,,,,M26 retains the M19 character number and biological proposition; canonical ID propagated directly from M19.
REL-M26-375,M19:C375,M26:C375,MC0757,MC0757,inherited_unchanged,moderate,M19-retained C1-C548,"Curry Rogers, 2005; Poropat et al., 2016",,,,,M26 retains the M19 character number and biological proposition; canonical ID propagated directly from M19.
REL-M26-376,M19:C376,M26:C376,MC0758,MC0758,inherited_unchanged,moderate,M19-retained C1-C548,"Poropat et al., 2016",,,,,M26 retains the M19 character number and biological proposition; canonical ID propagated directly from M19.
REL-M26-377,M19:C377,M26:C377,MC0449,MC0759,inherited_unchanged,moderate,M19-retained C1-C548,"D'Emic, 2012; Poropat et al., 2016",,,,,M26 retains the M19 character number and biological proposition; canonical ID propagated directly from M19.
REL-M26-378,M19:C378,M26:C378,MC0760,MC0760,inherited_unchanged,moderate,M19-retained C1-C548,"Poropat et al., 2015b, 2016",,,,,M26 retains the M19 character number and biological proposition; canonical ID propagated directly from M19.
REL-M26-379,M19:C379,M26:C379,MC0761,MC0761,inherited_unchanged,moderate,M19-retained C1-C548,"Apestegua, 2005a; Mannion & Calvo, 2011; Poropat et al., 2016",,,,,M26 retains the M19 character number and biological proposition; canonical ID propagated directly from M19.
REL-M26-380,M19:C380,M26:C380,MC0762,MC0762,inherited_unchanged,moderate,M19-retained C1-C548,"Tschopp et al., 2015; Poropat et al., 2016",,,,,M26 retains the M19 character number and biological proposition; canonical ID propagated directly from M19.
REL-M26-381,C12:C264,M26:C381,MC0391,MC0391,inherited_unchanged,high,M19-retained C1-C548,"Upchurch, 1998",,,,,M26 retains the M19 character number and biological proposition; canonical ID propagated directly from M19.
REL-M26-382,W02:C241,M26:C382,MC0241,MC0241,inherited_unchanged,moderate,M19-retained C1-C548,"Salgado et al., 1997",,,,,M26 retains the M19 character number and biological proposition; canonical ID propagated directly from M19.
REL-M26-383,M19:C383,M26:C383,MC0763,MC0763,inherited_unchanged,moderate,M19-retained C1-C548,"Borsuk-Bia?ynicka, 1977; Poropat et al., 2015a, 2016",,,,,M26 retains the M19 character number and biological proposition; canonical ID propagated directly from M19.
REL-M26-384,M19:C384,M26:C384,MC0764,MC0764,inherited_unchanged,moderate,M19-retained C1-C548,"Powell, 2003; Salgado and Carvalho, 2008; Otero, 2010; Poropat et al., 2016",,,,,M26 retains the M19 character number and biological proposition; canonical ID propagated directly from M19.
REL-M26-385,M19:C385,M26:C385,MC0765,MC0765,inherited_unchanged,moderate,M19-retained C1-C548,"Curry Rogers, 2005; Poropat et al., 2016",,,,,M26 retains the M19 character number and biological proposition; canonical ID propagated directly from M19.
REL-M26-386,M19:C386,M26:C386,MC0766,MC0766,inherited_unchanged,moderate,M19-retained C1-C548,"Poropat et al., 2016",,,,,M26 retains the M19 character number and biological proposition; canonical ID propagated directly from M19.
REL-M26-387,M19:C387,M26:C387,MC0767,MC0767,inherited_unchanged,moderate,M19-retained C1-C548,"Sereno et al., 2007; D'Emic, 2012; Poropat et al., 2016",,,,,M26 retains the M19 character number and biological proposition; canonical ID propagated directly from M19.
REL-M26-388,M19:C388,M26:C388,MC0398,MC0768,inherited_unchanged,moderate,M19-retained C1-C548,"Upchurch et al., 2004a; Curry Rogers, 2005; Poropat et al., 2016",,,,,M26 retains the M19 character number and biological proposition; canonical ID propagated directly from M19.
REL-M26-389,M19:C389,M26:C389,MC0769,MC0769,inherited_unchanged,moderate,M19-retained C1-C548,"Wilson, 2002; Poropat et al., 2016",,,,,M26 retains the M19 character number and biological proposition; canonical ID propagated directly from M19.
REL-M26-390,WIL02_REF:C202,M26:C390,MC0202,MC0202,inherited_unchanged,high,M19-retained C1-C548,"Wilson & Carrano, 1999; Wilson, 2002",,,,,M26 retains the M19 character number and biological proposition; canonical ID propagated directly from M19.
REL-M26-391,C12:C290,M26:C391,MC0401,MC0401,inherited_unchanged,moderate,M19-retained C1-C548,"Gauthier, 1986; Poropat et al., 2016",,,,,M26 retains the M19 character number and biological proposition; canonical ID propagated directly from M19.
REL-M26-392,M19:C392,M26:C392,MC0770,MC0770,inherited_unchanged,moderate,M19-retained C1-C548,"Poropat et al., 2016",,,,,M26 retains the M19 character number and biological proposition; canonical ID propagated directly from M19.
REL-M26-393,M19:C393,M26:C393,MC0771,MC0771,inherited_unchanged,moderate,M19-retained C1-C548,"Poropat et al., 2016",,,,,M26 retains the M19 character number and biological proposition; canonical ID propagated directly from M19.
REL-M26-394,M19:C394,M26:C394,MC0772,MC0772,inherited_unchanged,moderate,M19-retained C1-C548,"Poropat et al., 2016",,,,,M26 retains the M19 character number and biological proposition; canonical ID propagated directly from M19.
REL-M26-395,M19:C395,M26:C395,MC0773,MC0773,inherited_unchanged,moderate,M19-retained C1-C548,"Poropat et al., 2016",,,,,M26 retains the M19 character number and biological proposition; canonical ID propagated directly from M19.
REL-M26-396,M19:C396,M26:C396,MC0774,MC0774,inherited_unchanged,moderate,M19-retained C1-C548,"Poropat et al., 2016",,,,,M26 retains the M19 character number and biological proposition; canonical ID propagated directly from M19.
REL-M26-397,M19:C397,M26:C397,MC0775,MC0775,inherited_unchanged,moderate,M19-retained C1-C548,"Wilson & Upchurch, 2009; Poropat et al., 2016",,,,,M26 retains the M19 character number and biological proposition; canonical ID propagated directly from M19.
REL-M26-398,M19:C398,M26:C398,MC0776,MC0776,inherited_unchanged,moderate,M19-retained C1-C548,"Tschopp, Mateus & Benson, 2015",,,,,M26 retains the M19 character number and biological proposition; canonical ID propagated directly from M19.
REL-M26-399,M19:C399,M26:C399,MC0777,MC0777,inherited_unchanged,moderate,M19-retained C1-C548,"Sander et al., 2006",,,,,M26 retains the M19 character number and biological proposition; canonical ID propagated directly from M19.
REL-M26-400,M19:C400,M26:C400,MC0778,MC0778,inherited_unchanged,moderate,M19-retained C1-C548,"Tschopp et al., 2015",,,,,M26 retains the M19 character number and biological proposition; canonical ID propagated directly from M19.
REL-M26-401,C12:C86,M26:C401,MC0327,MC0327,inherited_unchanged,high,M19-retained C1-C548,"Upchurch, 1998",,,,,M26 retains the M19 character number and biological proposition; canonical ID propagated directly from M19.
REL-M26-402,M19:C402,M26:C402,MC0779,MC0779,inherited_unchanged,moderate,M19-retained C1-C548,"Royo-Torres, Cobos & Alcal, 2006; Mateus, Mannion & Upchurch, 2014; Mannion, Allain & Moine, 2017",,,,,M26 retains the M19 character number and biological proposition; canonical ID propagated directly from M19.
REL-M26-403,M19:C403,M26:C403,MC0780,MC0780,inherited_unchanged,moderate,M19-retained C1-C548,"Upchurch & Martin, 2002; Curry Rogers, 2009",,,,,M26 retains the M19 character number and biological proposition; canonical ID propagated directly from M19.
REL-M26-404,M19:C404,M26:C404,MC0781,MC0781,inherited_unchanged,moderate,M19-retained C1-C548,"Upchurch & Martin, 2002; Curry Rogers, 2009",,,,,M26 retains the M19 character number and biological proposition; canonical ID propagated directly from M19.
REL-M26-405,M19:C405,M26:C405,MC0782,MC0782,inherited_unchanged,moderate,M19-retained C1-C548,"Harris, 2006; Tschopp & Mateus, 2013",,,,,M26 retains the M19 character number and biological proposition; canonical ID propagated directly from M19.
REL-M26-406,M19:C406,M26:C406,MC0783,MC0783,inherited_unchanged,moderate,M19-retained C1-C548,"Mannion, Allain & Moine, 2017",,,,,M26 retains the M19 character number and biological proposition; canonical ID propagated directly from M19.
REL-M26-407,M19:C407,M26:C407,MC0784,MC0784,inherited_unchanged,moderate,M19-retained C1-C548,"Mannion, Allain & Moine, 2017",,,,,M26 retains the M19 character number and biological proposition; canonical ID propagated directly from M19.
REL-M26-408,M19:C408,M26:C408,MC0785,MC0785,inherited_unchanged,moderate,M19-retained C1-C548,"Mannion, Allain & Moine, 2017",,,,,M26 retains the M19 character number and biological proposition; canonical ID propagated directly from M19.
REL-M26-409,M19:C409,M26:C409,MC0786,MC0786,inherited_unchanged,moderate,M19-retained C1-C548,"Wilson, 2002; Mannion, Allain & Moine, 2017",,,,,M26 retains the M19 character number and biological proposition; canonical ID propagated directly from M19.
REL-M26-410,M19:C410,M26:C410,MC0787,MC0787,inherited_unchanged,moderate,M19-retained C1-C548,"D'Emic et al., 2016; note that this feature is usually present in the last few anterior and first few middle caudal vertebrae",,,,,M26 retains the M19 character number and biological proposition; canonical ID propagated directly from M19.
REL-M26-411,M19:C411,M26:C411,MC0788,MC0788,inherited_unchanged,moderate,M19-retained C1-C548,"D'Emic et al., 2016; note that this feature is usually present in the last few anterior and first few middle caudal vertebrae",,,,,M26 retains the M19 character number and biological proposition; canonical ID propagated directly from M19.
REL-M26-412,M19:C412,M26:C412,MC0789,MC0789,inherited_unchanged,moderate,M19-retained C1-C548,"Mateus, Mannion & Upchurch, 2014; Mannion, Allain & Moine, 2017",,,,,M26 retains the M19 character number and biological proposition; canonical ID propagated directly from M19.
REL-M26-413,M19:C413,M26:C413,MC0790,MC0790,inherited_unchanged,moderate,M19-retained C1-C548,"Royo-Torres, Cobos & Alcal, 2006",,,,,M26 retains the M19 character number and biological proposition; canonical ID propagated directly from M19.
REL-M26-414,M19:C414,M26:C414,MC0791,MC0791,inherited_unchanged,moderate,M19-retained C1-C548,"Royo-Torres et al., 2014; Mannion, Allain & Moine, 2017; note that this is the largest carpal element in those taxa with more than one carpal",,,,,M26 retains the M19 character number and biological proposition; canonical ID propagated directly from M19.
REL-M26-415,M19:C415,M26:C415,MC0792,MC0792,inherited_unchanged,moderate,M19-retained C1-C548,"Mannion, Allain & Moine, 2017",,,,,M26 retains the M19 character number and biological proposition; canonical ID propagated directly from M19.
REL-M26-416,M19:C416,M26:C416,MC0793,MC0793,inherited_unchanged,moderate,M19-retained C1-C548,"Harris, 2007; Tschopp et al., 2015",,,,,M26 retains the M19 character number and biological proposition; canonical ID propagated directly from M19.
REL-M26-417,M19:C417,M26:C417,MC0270,MC0794,inherited_unchanged,moderate,M19-retained C1-C548,"Gonzlez Riga, 2005; Gonzlez Riga et al., 2009, 2018",,,,,M26 retains the M19 character number and biological proposition; canonical ID propagated directly from M19.
REL-M26-418,M19:C418,M26:C418,MC0267,MC0795,inherited_unchanged,moderate,M19-retained C1-C548,"Gonzlez Riga, 2005; Gonzlez Riga et al., 2009, 2018; Gallina, 2011; Gonzlez Riga & Ortiz David, 2014",,,,,M26 retains the M19 character number and biological proposition; canonical ID propagated directly from M19.
REL-M26-419,M19:C419,M26:C419,MC0796,MC0796,inherited_unchanged,moderate,M19-retained C1-C548,"Calvo et al., 2008; Carballido et al., 2017; Gonzlez Riga et al., 2018; note that in Patagotitan these might be the only SPRLs, whereas Futalognkosaurus appears to have more typical lateral SPRLs too",,,,,M26 retains the M19 character number and biological proposition; canonical ID propagated directly from M19.
REL-M26-420,M19:C420,M26:C420,MC0797,MC0797,inherited_unchanged,moderate,M19-retained C1-C548,"Gonzlez Riga et al., 2018",,,,,M26 retains the M19 character number and biological proposition; canonical ID propagated directly from M19.
REL-M26-421,M19:C421,M26:C421,MC0798,MC0798,inherited_unchanged,moderate,M19-retained C1-C548,"Gonzlez Riga et al., 2016, 2018",,,,,M26 retains the M19 character number and biological proposition; canonical ID propagated directly from M19.
REL-M26-422,M19:C422,M26:C422,MC0799,MC0799,inherited_unchanged,moderate,M19-retained C1-C548,"Gonzlez Riga et al., 2016, 2018",,,,,M26 retains the M19 character number and biological proposition; canonical ID propagated directly from M19.
REL-M26-423,M19:C423,M26:C423,MC0800,MC0800,inherited_unchanged,moderate,M19-retained C1-C548,"Gonzlez Riga et al., 2008, 2016; Nair & Salisbury, 2012",,,,,M26 retains the M19 character number and biological proposition; canonical ID propagated directly from M19.
REL-M26-424,M19:C424,M26:C424,MC0801,MC0801,inherited_unchanged,moderate,M19-retained C1-C548,"Wilson, 2002; Sereno et al., 2007",,,,,M26 retains the M19 character number and biological proposition; canonical ID propagated directly from M19.
REL-M26-425,M19:C425,M26:C425,MC0005,MC0802,inherited_unchanged,moderate,M19-retained C1-C548,"Wilson, 2002; Mannion et al., 2019a",,,,,M26 retains the M19 character number and biological proposition; canonical ID propagated directly from M19.
REL-M26-426,WIL02_REF:C13,M26:C426,MC0013,MC0013,inherited_unchanged,moderate,M19-retained C1-C548,"Wilson, 2002; Carballido et al., 2015; Mannion et al., 2019a",,,,,M26 retains the M19 character number and biological proposition; canonical ID propagated directly from M19.
REL-M26-427,M19:C427,M26:C427,MC0803,MC0803,inherited_unchanged,moderate,M19-retained C1-C548,"Tschopp et al., 2015",,,,,M26 retains the M19 character number and biological proposition; canonical ID propagated directly from M19.
REL-M26-428,WIL02_REF:C19,M26:C428,MC0019,MC0019,inherited_unchanged,high,M19-retained C1-C548,"Salgado & Calvo, 1992; Upchurch, 1995",,,,,M26 retains the M19 character number and biological proposition; canonical ID propagated directly from M19.
REL-M26-429,M19:C429,M26:C429,MC0804,MC0804,inherited_unchanged,moderate,M19-retained C1-C548,"Whitlock, 2011",,,,,M26 retains the M19 character number and biological proposition; canonical ID propagated directly from M19.
REL-M26-430,M19:C430,M26:C430,MC0805,MC0805,inherited_unchanged,moderate,M19-retained C1-C548,"Whitlock, 2011; Mannion et al., 2019a",,,,,M26 retains the M19 character number and biological proposition; canonical ID propagated directly from M19.
REL-M26-431,M19:C431,M26:C431,MC0806,MC0806,inherited_unchanged,moderate,M19-retained C1-C548,"Harris, 2006; Mannion et al., 2019a",,,,,M26 retains the M19 character number and biological proposition; canonical ID propagated directly from M19.
REL-M26-432,WIL02_REF:C23,M26:C432,MC0023,MC0023,inherited_unchanged,high,M19-retained C1-C548,"Upchurch, 1995",,,,,M26 retains the M19 character number and biological proposition; canonical ID propagated directly from M19.
REL-M26-433,M19:C433,M26:C433,MC0025,MC0807,inherited_unchanged,moderate,M19-retained C1-C548,"Wilson, 2002; Mannion et al., 2012",,,,,M26 retains the M19 character number and biological proposition; canonical ID propagated directly from M19.
REL-M26-434,M19:C434,M26:C434,MC0316,MC0808,inherited_unchanged,moderate,M19-retained C1-C548,"Gauthier, 1986; Upchurch, 1995",,,,,M26 retains the M19 character number and biological proposition; canonical ID propagated directly from M19.
REL-M26-435,M19:C435,M26:C435,MC0809,MC0809,inherited_unchanged,moderate,M19-retained C1-C548,"Whitlock, 2011",,,,,M26 retains the M19 character number and biological proposition; canonical ID propagated directly from M19.
REL-M26-436,M19:C436,M26:C436,MC0810,MC0810,inherited_unchanged,moderate,M19-retained C1-C548,"Whitlock, 2011",,,,,M26 retains the M19 character number and biological proposition; canonical ID propagated directly from M19.
REL-M26-437,WIL02_REF:C39,M26:C437,MC0039,MC0039,inherited_unchanged,high,M19-retained C1-C548,"Wilson, 2002",,,,,M26 retains the M19 character number and biological proposition; canonical ID propagated directly from M19.
REL-M26-438,M19:C438,M26:C438,MC0811,MC0811,inherited_unchanged,moderate,M19-retained C1-C548,"Whitlock, 2011; Mannion et al., 2019a",,,,,M26 retains the M19 character number and biological proposition; canonical ID propagated directly from M19.
REL-M26-439,M19:C439,M26:C439,MC0812,MC0812,inherited_unchanged,moderate,M19-retained C1-C548,"Xu et al., 2018",,,,,M26 retains the M19 character number and biological proposition; canonical ID propagated directly from M19.
REL-M26-440,M19:C440,M26:C440,MC0813,MC0813,inherited_unchanged,moderate,M19-retained C1-C548,"Xu et al., 2018",,,,,M26 retains the M19 character number and biological proposition; canonical ID propagated directly from M19.
REL-M26-441,M19:C441,M26:C441,MC0814,MC0814,inherited_unchanged,moderate,M19-retained C1-C548,"Salgado & Calvo, 1992; Upchurch, 1995",,,,,M26 retains the M19 character number and biological proposition; canonical ID propagated directly from M19.
REL-M26-442,M19:C442,M26:C442,MC0815,MC0815,inherited_unchanged,moderate,M19-retained C1-C548,"Upchurch, 1995, 1998",,,,,M26 retains the M19 character number and biological proposition; canonical ID propagated directly from M19.
REL-M26-443,M19:C443,M26:C443,MC0048,MC0816,inherited_unchanged,moderate,M19-retained C1-C548,"Wilson, 2002; Whitlock, 2011; Mannion et al., 2019a",,,,,M26 retains the M19 character number and biological proposition; canonical ID propagated directly from M19.
REL-M26-444,M19:C444,M26:C444,MC0817,MC0817,inherited_unchanged,moderate,M19-retained C1-C548,"Whitlock, 2011; Tschopp et al., 2015",,,,,M26 retains the M19 character number and biological proposition; canonical ID propagated directly from M19.
REL-M26-445,M19:C445,M26:C445,MC0818,MC0818,inherited_unchanged,moderate,M19-retained C1-C548,"Tschopp et al., 2015",,,,,M26 retains the M19 character number and biological proposition; canonical ID propagated directly from M19.
REL-M26-446,M19:C446,M26:C446,MC0819,MC0819,inherited_unchanged,moderate,M19-retained C1-C548,"Royo-Torres et al., 2017; Mannion et al., 2019a",,,,,M26 retains the M19 character number and biological proposition; canonical ID propagated directly from M19.
REL-M26-447,WIL02_REF:C52,M26:C447,MC0052,MC0052,inherited_unchanged,high,M19-retained C1-C548,"Wilson, 2002, 2005; only taxa preserving a quadrate and with a raised ventrolateral lip on the posterior surface of the basal tubera are scored for this character",,,,,M26 retains the M19 character number and biological proposition; canonical ID propagated directly from M19.
REL-M26-448,M19:C448,M26:C448,MC0820,MC0820,inherited_unchanged,moderate,M19-retained C1-C548,"Tschopp et al., 2015",,,,,M26 retains the M19 character number and biological proposition; canonical ID propagated directly from M19.
REL-M26-449,WIL02_REF:C56,M26:C449,MC0056,MC0056,inherited_unchanged,high,M19-retained C1-C548,"Upchurch, 1998; Tschopp et al., 2015",,,,,M26 retains the M19 character number and biological proposition; canonical ID propagated directly from M19.
REL-M26-450,M19:C450,M26:C450,MC0055,MC0821,inherited_unchanged,moderate,M19-retained C1-C548,"Upchurch, 1998; Wilson & Sereno, 1998; Wilson, 2002; Mannion et al., 2019a",,,,,M26 retains the M19 character number and biological proposition; canonical ID propagated directly from M19.
REL-M26-451,M19:C451,M26:C451,MC0822,MC0822,inherited_unchanged,moderate,M19-retained C1-C548,"Whitlock, 2011",,,,,M26 retains the M19 character number and biological proposition; canonical ID propagated directly from M19.
REL-M26-452,M19:C452,M26:C452,MC0823,MC0823,inherited_unchanged,moderate,M19-retained C1-C548,"Whitlock & Harris, 2010; Tschopp et al., 2015",,,,,M26 retains the M19 character number and biological proposition; canonical ID propagated directly from M19.
REL-M26-453,M19:C453,M26:C453,MC0074,MC0824,inherited_unchanged,moderate,M19-retained C1-C548,"Wilson, 2002",,,,,M26 retains the M19 character number and biological proposition; canonical ID propagated directly from M19.
REL-M26-454,M19:C454,M26:C454,MC0825,MC0825,inherited_unchanged,moderate,M19-retained C1-C548,"Whitlock, 2011",,,,,M26 retains the M19 character number and biological proposition; canonical ID propagated directly from M19.
REL-M26-455,M19:C455,M26:C455,MC0826,MC0826,inherited_unchanged,moderate,M19-retained C1-C548,"Tschopp et al., 2015",,,,,M26 retains the M19 character number and biological proposition; canonical ID propagated directly from M19.
REL-M26-456,M19:C456,M26:C456,MC0827,MC0827,inherited_unchanged,moderate,M19-retained C1-C548,"Mannion et al., 2012, 2019a",,,,,M26 retains the M19 character number and biological proposition; canonical ID propagated directly from M19.
REL-M26-457,M19:C457,M26:C457,MC0828,MC0828,inherited_unchanged,moderate,M19-retained C1-C548,"Whitlock, 2011; Tschopp & Mateus, 2013",,,,,M26 retains the M19 character number and biological proposition; canonical ID propagated directly from M19.
REL-M26-458,M19:C458,M26:C458,MC0829,MC0829,inherited_unchanged,moderate,M19-retained C1-C548,"Whitlock, 2011",,,,,M26 retains the M19 character number and biological proposition; canonical ID propagated directly from M19.
REL-M26-459,M19:C459,M26:C459,MC0830,MC0830,inherited_unchanged,moderate,M19-retained C1-C548,"Curry Rogers, 2005; polarity reversed here",,,,,M26 retains the M19 character number and biological proposition; canonical ID propagated directly from M19.
REL-M26-460,M19:C460,M26:C460,MC0831,MC0831,inherited_unchanged,moderate,M19-retained C1-C548,"Rauhut et al., 2005",,,,,M26 retains the M19 character number and biological proposition; canonical ID propagated directly from M19.
REL-M26-461,M19:C461,M26:C461,MC0832,MC0832,inherited_unchanged,moderate,M19-retained C1-C548,"Rauhut et al., 2005; Whitlock, 2011",,,,,M26 retains the M19 character number and biological proposition; canonical ID propagated directly from M19.
REL-M26-462,M19:C462,M26:C462,MC0833,MC0833,inherited_unchanged,moderate,M19-retained C1-C548,"Mannion et al., 2012",,,,,M26 retains the M19 character number and biological proposition; canonical ID propagated directly from M19.
REL-M26-463,M19:C463,M26:C463,MC0834,MC0834,inherited_unchanged,moderate,M19-retained C1-C548,"Rauhut et al., 2005",,,,,M26 retains the M19 character number and biological proposition; canonical ID propagated directly from M19.
REL-M26-464,M19:C464,M26:C464,MC0835,MC0835,inherited_unchanged,moderate,M19-retained C1-C548,"Royo-Torres et al., 2006; Britt et al., 2017; Mannion et al., 2019a",,,,,M26 retains the M19 character number and biological proposition; canonical ID propagated directly from M19.
REL-M26-465,M19:C465,M26:C465,MC0836,MC0836,inherited_unchanged,moderate,M19-retained C1-C548,"Tschopp et al., 2015",,,,,M26 retains the M19 character number and biological proposition; canonical ID propagated directly from M19.
REL-M26-466,M19:C466,M26:C466,MC0837,MC0837,inherited_unchanged,moderate,M19-retained C1-C548,"Mannion et al., 2012, 2019a",,,,,M26 retains the M19 character number and biological proposition; canonical ID propagated directly from M19.
REL-M26-467,M19:C467,M26:C467,MC0838,MC0838,inherited_unchanged,moderate,M19-retained C1-C548,"Mannion et al., 2019a; note that this is a second fossa, lateral to the prezygapophyseal centrodiapophyseal fossa [PRCDF]",,,,,M26 retains the M19 character number and biological proposition; canonical ID propagated directly from M19.
REL-M26-468,M19:C468,M26:C468,MC0839,MC0839,inherited_unchanged,moderate,M19-retained C1-C548,"Mannion et al., 2019a; note that taxa that lack epipophyses in presacral vertebrae altogether [i.e. that are scored as '0' for C127] are not scored for this character",,,,,M26 retains the M19 character number and biological proposition; canonical ID propagated directly from M19.
REL-M26-469,M19:C469,M26:C469,MC0840,MC0840,inherited_unchanged,moderate,M19-retained C1-C548,"Mannion et al., 2019a",,,,,M26 retains the M19 character number and biological proposition; canonical ID propagated directly from M19.
REL-M26-470,M19:C470,M26:C470,MC0841,MC0841,inherited_unchanged,moderate,M19-retained C1-C548,"Wilson, 2012; Mannion et al., 2019a",,,,,M26 retains the M19 character number and biological proposition; canonical ID propagated directly from M19.
REL-M26-471,M19:C471,M26:C471,MC0842,MC0842,inherited_unchanged,moderate,M19-retained C1-C548,"Sereno et al., 2007",,,,,M26 retains the M19 character number and biological proposition; canonical ID propagated directly from M19.
REL-M26-472,M19:C472,M26:C472,MC0843,MC0843,inherited_unchanged,moderate,M19-retained C1-C548,"Sereno et al., 2007; Whitlock 2011a; Tschopp et al., 2015; Wilson & Allain, 2015; Mannion et al., 2019a",,,,,M26 retains the M19 character number and biological proposition; canonical ID propagated directly from M19.
REL-M26-473,M19:C473,M26:C473,MC0844,MC0844,inherited_unchanged,moderate,M19-retained C1-C548,"Upchurch, 1995; Curry Rogers, 2005; D'Emic et al., 2013",,,,,M26 retains the M19 character number and biological proposition; canonical ID propagated directly from M19.
REL-M26-474,M19:C474,M26:C474,MC0845,MC0845,inherited_unchanged,moderate,M19-retained C1-C548,"Wilson, 2002; Mannion et al., 2019a",,,,,M26 retains the M19 character number and biological proposition; canonical ID propagated directly from M19.
REL-M26-475,M19:C475,M26:C475,MC0846,MC0846,inherited_unchanged,moderate,M19-retained C1-C548,"Apestegua et al., 2010; Wilson & Allain, 2015; Mannion et al., 2019a",,,,,M26 retains the M19 character number and biological proposition; canonical ID propagated directly from M19.
REL-M26-476,WIL02_REF:C97,M26:C476,MC0097,MC0097,inherited_unchanged,high,M19-retained C1-C548,"Wilson, 2002",,,,,M26 retains the M19 character number and biological proposition; canonical ID propagated directly from M19.
REL-M26-477,M19:C477,M26:C477,MC0847,MC0847,inherited_unchanged,moderate,M19-retained C1-C548,"Whitlock, 2011",,,,,M26 retains the M19 character number and biological proposition; canonical ID propagated directly from M19.
REL-M26-478,M19:C478,M26:C478,MC0848,MC0848,inherited_unchanged,moderate,M19-retained C1-C548,"Mannion et al., 2012; Tschopp et al., 2015; taxa that lack a hyposphene are scored with state '?'",,,,,M26 retains the M19 character number and biological proposition; canonical ID propagated directly from M19.
REL-M26-479,M19:C479,M26:C479,MC0849,MC0849,inherited_unchanged,moderate,M19-retained C1-C548,"Ibiricu et al., 2013; Mannion et al., 2019a",,,,,M26 retains the M19 character number and biological proposition; canonical ID propagated directly from M19.
REL-M26-480,WIL02_REF:C107,M26:C480,MC0107,MC0107,inherited_unchanged,high,M19-retained C1-C548,"Calvo & Salgado, 1995; Upchurch, 1998; Whitlock, 2011; Mannion et al., 2012; taxa that lack dorsal vertebrae but that have this morphology in the sacral/anteriormost caudal vertebrae are also scored with the derived state",,,,,M26 retains the M19 character number and biological proposition; canonical ID propagated directly from M19.
REL-M26-481,M19:C481,M26:C481,MC0850,MC0850,inherited_unchanged,moderate,M19-retained C1-C548,"Tschopp et al., 2015",,,,,M26 retains the M19 character number and biological proposition; canonical ID propagated directly from M19.
REL-M26-482,M19:C482,M26:C482,MC0851,MC0851,inherited_unchanged,moderate,M19-retained C1-C548,"Whitlock, 2011; Mannion et al., 2019a; only taxa with a divided SPOL are scored",,,,,M26 retains the M19 character number and biological proposition; canonical ID propagated directly from M19.
REL-M26-483,M19:C483,M26:C483,MC0852,MC0852,inherited_unchanged,moderate,M19-retained C1-C548,"Wilson et al., 2011; Mannion et al., 2019a; note that if only a single undivided SPOL is present, then the state score is determined on the basis of whether this extends to the posterolateral margin of the spine or not",,,,,M26 retains the M19 character number and biological proposition; canonical ID propagated directly from M19.
REL-M26-484,M19:C484,M26:C484,MC0853,MC0853,inherited_unchanged,moderate,M19-retained C1-C548,"Wilson & Allain, 2015",,,,,M26 retains the M19 character number and biological proposition; canonical ID propagated directly from M19.
REL-M26-485,M19:C485,M26:C485,MC0854,MC0854,inherited_unchanged,moderate,M19-retained C1-C548,"Upchurch, 1998; Wilson, 2002",,,,,M26 retains the M19 character number and biological proposition; canonical ID propagated directly from M19.
REL-M26-486,M19:C486,M26:C486,MC0111,MC0855,state_label_corrected,high,M19-retained C1-C548,"Upchurch, 1998; Wilson, 2002; polarity reversed here",,,,,M19 labels the derived state as '(2)' despite a binary character; M26 corrects it to '(1)' without changing the biological proposition.
REL-M26-487,M19:C487,M26:C487,MC0856,MC0856,inherited_unchanged,moderate,M19-retained C1-C548,"Tschopp et al., 2015",,,,,M26 retains the M19 character number and biological proposition; canonical ID propagated directly from M19.
REL-M26-488,M19:C488,M26:C488,MC0857,MC0857,inherited_unchanged,moderate,M19-retained C1-C548,"Wilson & Allain, 2015; Mannion et al., 2019a",,,,,M26 retains the M19 character number and biological proposition; canonical ID propagated directly from M19.
REL-M26-489,WIL02_REF:C120,M26:C489,MC0120,MC0120,inherited_unchanged,moderate,M19-retained C1-C548,"Upchurch, 1998",,,,,M26 retains the M19 character number and biological proposition; canonical ID propagated directly from M19.
REL-M26-490,WIL02_REF:C130,M26:C490,MC0130,MC0130,inherited_unchanged,moderate,M19-retained C1-C548,"Wilson, 2002; only taxa with an ACDL are scored for this character",,,,,M26 retains the M19 character number and biological proposition; canonical ID propagated directly from M19.
REL-M26-491,M19:C491,M26:C491,MC0858,MC0858,inherited_unchanged,moderate,M19-retained C1-C548,"Wilson, 2002; Mannion et al., 2019a; note that this subhorizontal lamina often joins the postzygapophysis with the SPRL, rather than being a true PODL",,,,,M26 retains the M19 character number and biological proposition; canonical ID propagated directly from M19.
REL-M26-492,M19:C492,M26:C492,MC0859,MC0859,inherited_unchanged,moderate,M19-retained C1-C548,"Remes, 2006; Mannion et al., 2019a",,,,,M26 retains the M19 character number and biological proposition; canonical ID propagated directly from M19.
REL-M26-493,M19:C493,M26:C493,MC0860,MC0860,inherited_unchanged,moderate,M19-retained C1-C548,"Mannion et al., 2011, 2019a",,,,,M26 retains the M19 character number and biological proposition; canonical ID propagated directly from M19.
REL-M26-494,M19:C494,M26:C494,MC0861,MC0861,inherited_unchanged,moderate,M19-retained C1-C548,"Whitlock, 2011",,,,,M26 retains the M19 character number and biological proposition; canonical ID propagated directly from M19.
REL-M26-495,M19:C495,M26:C495,MC0862,MC0862,inherited_unchanged,moderate,M19-retained C1-C548,"Mannion et al., 2019a",,,,,M26 retains the M19 character number and biological proposition; canonical ID propagated directly from M19.
REL-M26-496,M19:C496,M26:C496,MC0121,MC0863,inherited_unchanged,moderate,M19-retained C1-C548,"Wilson, 2002; Mannion et al., 2012, 2019a",,,,,M26 retains the M19 character number and biological proposition; canonical ID propagated directly from M19.
REL-M26-497,M19:C497,M26:C497,MC0864,MC0864,inherited_unchanged,moderate,M19-retained C1-C548,"Wilson, 1999",,,,,M26 retains the M19 character number and biological proposition; canonical ID propagated directly from M19.
REL-M26-498,M19:C498,M26:C498,MC0865,MC0865,inherited_unchanged,moderate,M19-retained C1-C548,"Tschopp et al., 2015",,,,,M26 retains the M19 character number and biological proposition; canonical ID propagated directly from M19.
REL-M26-499,M19:C499,M26:C499,MC0866,MC0866,inherited_unchanged,moderate,M19-retained C1-C548,"Sereno et al., 2007; Tschopp et al., 2015",,,,,M26 retains the M19 character number and biological proposition; canonical ID propagated directly from M19.
REL-M26-500,M19:C500,M26:C500,MC0867,MC0867,inherited_unchanged,moderate,M19-retained C1-C548,"Sereno et al., 2007",,,,,M26 retains the M19 character number and biological proposition; canonical ID propagated directly from M19.
REL-M26-501,M19:C501,M26:C501,MC0868,MC0868,inherited_unchanged,moderate,M19-retained C1-C548,"Gallina et al., 2014; Mannion et al., 2019a",,,,,M26 retains the M19 character number and biological proposition; canonical ID propagated directly from M19.
REL-M26-502,M19:C502,M26:C502,MC0869,MC0869,inherited_unchanged,moderate,M19-retained C1-C548,"Whitlock, 2011; Mannion et al., 2019a; note that this is based on the entire length of the rib, rather than just the medial portion",,,,,M26 retains the M19 character number and biological proposition; canonical ID propagated directly from M19.
REL-M26-503,M19:C503,M26:C503,MC0870,MC0870,inherited_unchanged,moderate,M19-retained C1-C548,"Mannion et al., 2011, 2019a",,,,,M26 retains the M19 character number and biological proposition; canonical ID propagated directly from M19.
REL-M26-504,M19:C504,M26:C504,MC0871,MC0871,inherited_unchanged,moderate,M19-retained C1-C548,"Mannion et al., 2011, 2019a",,,,,M26 retains the M19 character number and biological proposition; canonical ID propagated directly from M19.
REL-M26-505,M19:C505,M26:C505,MC0872,MC0872,inherited_unchanged,moderate,M19-retained C1-C548,"Mannion et al., 2011, 2019a",,,,,M26 retains the M19 character number and biological proposition; canonical ID propagated directly from M19.
REL-M26-506,M19:C506,M26:C506,MC0873,MC0873,inherited_unchanged,high,M19-retained C1-C548,"McIntosh, 1990; Upchurch, 1995, 1998; Wilson, 2002; Mannion et al., 2019a",,,,,M26 retains the M19 character number and biological proposition; canonical ID propagated directly from M19.
REL-M26-507,M19:C507,M26:C507,MC0874,MC0874,inherited_unchanged,moderate,M19-retained C1-C548,"McIntosh, 1990; Upchurch, 1995, 1998; Upchurch et al., 2004a; Mannion et al., 2013, 2019a",,,,,M26 retains the M19 character number and biological proposition; canonical ID propagated directly from M19.
REL-M26-508,M19:C508,M26:C508,MC0875,MC0875,inherited_unchanged,moderate,M19-retained C1-C548,"Wilson, 2002; Gallina & Apestegua, 2005; Mannion et al., 2012",,,,,M26 retains the M19 character number and biological proposition; canonical ID propagated directly from M19.
REL-M26-509,M19:C509,M26:C509,MC0876,MC0876,inherited_unchanged,moderate,M19-retained C1-C548,"Gallina et al., 2014; Mannion et al., 2019a",,,,,M26 retains the M19 character number and biological proposition; canonical ID propagated directly from M19.
REL-M26-510,M19:C510,M26:C510,MC0877,MC0877,inherited_unchanged,moderate,M19-retained C1-C548,"Gallina & Apestegua, 2005; Mannion et al., 2019a",,,,,M26 retains the M19 character number and biological proposition; canonical ID propagated directly from M19.
REL-M26-511,M19:C511,M26:C511,MC0878,MC0878,inherited_unchanged,moderate,M19-retained C1-C548,"Gallina & Apestegua, 2005; Mannion, 2009",,,,,M26 retains the M19 character number and biological proposition; canonical ID propagated directly from M19.
REL-M26-512,M19:C512,M26:C512,MC0374,MC0879,inherited_unchanged,moderate,M19-retained C1-C548,"Upchurch, 1995; Mannion et al., 2019a",,,,,M26 retains the M19 character number and biological proposition; canonical ID propagated directly from M19.
REL-M26-513,M19:C513,M26:C513,MC0880,MC0880,inherited_unchanged,moderate,M19-retained C1-C548,"Whitlock, 2011; Mannion et al., 2019a",,,,,M26 retains the M19 character number and biological proposition; canonical ID propagated directly from M19.
REL-M26-514,M19:C514,M26:C514,MC0881,MC0881,inherited_unchanged,moderate,M19-retained C1-C548,"Carballido et al., 2012; Mannion et al., 2019a",,,,,M26 retains the M19 character number and biological proposition; canonical ID propagated directly from M19.
REL-M26-515,M19:C515,M26:C515,MC0882,MC0882,inherited_unchanged,moderate,M19-retained C1-C548,"Mannion, 2009; Carballido et al., 2012; Mannion et al., 2019a",,,,,M26 retains the M19 character number and biological proposition; canonical ID propagated directly from M19.
REL-M26-516,M19:C516,M26:C516,MC0883,MC0883,inherited_unchanged,moderate,M19-retained C1-C548,"Gilmore, 1932; Tschopp et al., 2015",,,,,M26 retains the M19 character number and biological proposition; canonical ID propagated directly from M19.
REL-M26-517,M19:C517,M26:C517,MC0884,MC0884,inherited_unchanged,moderate,M19-retained C1-C548,"Mannion et al., 2019a",,,,,M26 retains the M19 character number and biological proposition; canonical ID propagated directly from M19.
REL-M26-518,M19:C518,M26:C518,MC0885,MC0885,inherited_unchanged,moderate,M19-retained C1-C548,"Mannion et al., 2019a; the anterior margin [excluding condyles] should be orientated horizontally when scoring this character",,,,,M26 retains the M19 character number and biological proposition; canonical ID propagated directly from M19.
REL-M26-519,M19:C519,M26:C519,MC0886,MC0886,inherited_unchanged,moderate,M19-retained C1-C548,"Mannion et al., 2019a",,,,,M26 retains the M19 character number and biological proposition; canonical ID propagated directly from M19.
REL-M26-520,M19:C520,M26:C520,MC0887,MC0887,inherited_unchanged,moderate,M19-retained C1-C548,"Wilson, 2002; Tschopp et al., 2015; Mannion et al., 2019a",,,,,M26 retains the M19 character number and biological proposition; canonical ID propagated directly from M19.
REL-M26-521,M19:C521,M26:C521,MC0888,MC0888,inherited_unchanged,moderate,M19-retained C1-C548,"Mannion et al., 2019a",,,,,M26 retains the M19 character number and biological proposition; canonical ID propagated directly from M19.
REL-M26-522,M19:C522,M26:C522,MC0189,MC0889,inherited_unchanged,moderate,M19-retained C1-C548,"McIntosh, 1990; Upchurch, 1998; Mannion et al., 2019a",,,,,M26 retains the M19 character number and biological proposition; canonical ID propagated directly from M19.
REL-M26-523,M19:C523,M26:C523,MC0890,MC0890,inherited_unchanged,moderate,M19-retained C1-C548,"McIntosh, 1990; Upchurch, 1995, 1998; only taxa with a well-developed ambiens process scored for this character",,,,,M26 retains the M19 character number and biological proposition; canonical ID propagated directly from M19.
REL-M26-524,M19:C524,M26:C524,MC0891,MC0891,inherited_unchanged,moderate,M19-retained C1-C548,"Carballido et al., 2012; Mannion et al., 2019a; note that taxa are only scored with the derived state when the individual is an adult",,,,,M26 retains the M19 character number and biological proposition; canonical ID propagated directly from M19.
REL-M26-525,M19:C525,M26:C525,MC0892,MC0892,inherited_unchanged,moderate,M19-retained C1-C548,"Salgado et al., 2004; Mannion et al., 2019a",,,,,M26 retains the M19 character number and biological proposition; canonical ID propagated directly from M19.
REL-M26-526,M19:C526,M26:C526,MC0893,MC0893,inherited_unchanged,moderate,M19-retained C1-C548,"Sereno et al., 2007",,,,,M26 retains the M19 character number and biological proposition; canonical ID propagated directly from M19.
REL-M26-527,M19:C527,M26:C527,MC0894,MC0894,inherited_unchanged,moderate,M19-retained C1-C548,"Mannion et al., 2012",,,,,M26 retains the M19 character number and biological proposition; canonical ID propagated directly from M19.
REL-M26-528,M19:C528,M26:C528,MC0895,MC0895,inherited_unchanged,moderate,M19-retained C1-C548,"Carballido et al., 2012",,,,,M26 retains the M19 character number and biological proposition; canonical ID propagated directly from M19.
REL-M26-529,M19:C529,M26:C529,MC0896,MC0896,inherited_unchanged,moderate,M19-retained C1-C548,"Salgado et al., 1997; Carballido et al., 2012",,,,,M26 retains the M19 character number and biological proposition; canonical ID propagated directly from M19.
REL-M26-530,M19:C530,M26:C530,MC0897,MC0897,inherited_unchanged,moderate,M19-retained C1-C548,"Sereno et al., 2007; Mannion et al., 2019a",,,,,M26 retains the M19 character number and biological proposition; canonical ID propagated directly from M19.
REL-M26-531,M19:C531,M26:C531,MC0898,MC0898,inherited_unchanged,moderate,M19-retained C1-C548,"Mannion et al., 2019a; only taxa whose ischia are emarginate distal to the pubic articulation are scored for this character",,,,,M26 retains the M19 character number and biological proposition; canonical ID propagated directly from M19.
REL-M26-532,M19:C532,M26:C532,MC0194,MC0899,inherited_unchanged,moderate,M19-retained C1-C548,"Wilson, 2002; Mannion et al., 2019a",,,,,M26 retains the M19 character number and biological proposition; canonical ID propagated directly from M19.
REL-M26-533,M19:C533,M26:C533,MC0195,MC0900,inherited_unchanged,moderate,M19-retained C1-C548,"Upchurch, 1998; Wilson & Sereno, 1998",,,,,M26 retains the M19 character number and biological proposition; canonical ID propagated directly from M19.
REL-M26-534,M19:C534,M26:C534,MC0901,MC0901,inherited_unchanged,moderate,M19-retained C1-C548,"Mannion et al., 2012",,,,,M26 retains the M19 character number and biological proposition; canonical ID propagated directly from M19.
REL-M26-535,M19:C535,M26:C535,MC0902,MC0902,inherited_unchanged,moderate,M19-retained C1-C548,"Whitlock, 2011",,,,,M26 retains the M19 character number and biological proposition; canonical ID propagated directly from M19.
REL-M26-536,M19:C536,M26:C536,MC0903,MC0903,inherited_unchanged,moderate,M19-retained C1-C548,"Tschopp et al., 2015",,,,,M26 retains the M19 character number and biological proposition; canonical ID propagated directly from M19.
REL-M26-537,M19:C537,M26:C537,MC0904,MC0904,inherited_unchanged,moderate,M19-retained C1-C548,"Whitlock, 2011; polarity reversed here",,,,,M26 retains the M19 character number and biological proposition; canonical ID propagated directly from M19.
REL-M26-538,M19:C538,M26:C538,MC0905,MC0905,inherited_unchanged,moderate,M19-retained C1-C548,"Whitlock, 2011",,,,,M26 retains the M19 character number and biological proposition; canonical ID propagated directly from M19.
REL-M26-539,M19:C539,M26:C539,MC0406,MC0906,inherited_unchanged,moderate,M19-retained C1-C548,"Upchurch, 1995",,,,,M26 retains the M19 character number and biological proposition; canonical ID propagated directly from M19.
REL-M26-540,M19:C540,M26:C540,MC0907,MC0907,inherited_unchanged,moderate,M19-retained C1-C548,"D'Emic et al., 2016; Mannion et al., 2019a",,,,,M26 retains the M19 character number and biological proposition; canonical ID propagated directly from M19.
REL-M26-541,M19:C541,M26:C541,MC0908,MC0908,inherited_unchanged,moderate,M19-retained C1-C548,"Tschopp et al., 2015",,,,,M26 retains the M19 character number and biological proposition; canonical ID propagated directly from M19.
REL-M26-542,M19:C542,M26:C542,MC0407,MC0909,inherited_unchanged,moderate,M19-retained C1-C548,"McIntosh et al., 1992",,,,,M26 retains the M19 character number and biological proposition; canonical ID propagated directly from M19.
REL-M26-543,M19:C543,M26:C543,MC0910,MC0910,inherited_unchanged,moderate,M19-retained C1-C548,"Wilson et al. 2016; Mannion et al., 2019b; only scored for taxa with an emarginated ventral margin of the jugal process of the maxilla",,,,,M26 retains the M19 character number and biological proposition; canonical ID propagated directly from M19.
REL-M26-544,M19:C544,M26:C544,MC0911,MC0911,inherited_unchanged,moderate,M19-retained C1-C548,"Wilson et al. 2009; Mannion et al., 2019b",,,,,M26 retains the M19 character number and biological proposition; canonical ID propagated directly from M19.
REL-M26-545,M19:C545,M26:C545,MC0912,MC0912,inherited_unchanged,moderate,M19-retained C1-C548,"Wilson et al., 2009; Curry Rogers and Wilson, 2014; Mannion et al., 2019b",,,,,M26 retains the M19 character number and biological proposition; canonical ID propagated directly from M19.
REL-M26-546,M19:C546,M26:C546,MC0913,MC0913,inherited_unchanged,moderate,M19-retained C1-C548,"Canudo et al., 2002; Wilson, 2002; Wilson & Upchurch, 2009; Li et al., 2014; Mannion et al., 2019b",,,,,M26 retains the M19 character number and biological proposition; canonical ID propagated directly from M19.
REL-M26-547,M19:C547,M26:C547,MC0914,MC0914,inherited_unchanged,moderate,M19-retained C1-C548,Santucci and Arruda-Campos 2011,,,,,M26 retains the M19 character number and biological proposition; canonical ID propagated directly from M19.
REL-M26-548,M19:C548,M26:C548,MC0915,MC0915,inherited_unchanged,moderate,M19-retained C1-C548,"Gonzlez Riga 2003; Wilson et al. 2009; Gallina and Otero, 2015; Mannion et al., 2019b",,,,,M26 retains the M19 character number and biological proposition; canonical ID propagated directly from M19.
REL-M26-549,C12:C39,M26:C549,MC0312,MC0312,equivalent,high,M26-added C549-C576,"Upchurch, 1995, 1998",,,,,Same squamosal contribution to the supratemporal fenestra margin as the earlier C12/Upchurch-derived concept.
REL-M26-550,,M26:C550,MC0918,MC0918,M26_added_provisional_distinct,moderate,M26-added C549-C576,"Martnez et al., 2016; Poropat et al., 2021, 2023",,MC0698; MC0700; MC0777,,,Character added in the M26 block. No existing canonical concept was equivalent enough to merge safely; related concepts are retained only as non-equivalent context.
REL-M26-551,,M26:C551,MC0919,MC0919,M26_added_provisional_distinct,moderate,M26-added C549-C576,"Knoll et al., 2012; Paulina Carabajal, 2012; Poropat et al., 2021",,,,,Character added in the M26 block. No existing canonical concept was equivalent enough to merge safely; related concepts are retained only as non-equivalent context.
REL-M26-552,WIL02_REF:C213,M26:C552,MC0213,MC0213,states_reversed,high,M26-added C549-C576,"Wilson & Sereno, 1998; Gorscak & O'Connor, 2016; Poropat et al., 2021; note that taxa with the derived state often lack a distinct posterior fossa",,,,,"Same astragalar posterior-fossa division character as Wilson C213, but M26 codes divided as 0 and undivided as 1."
REL-M26-553,,M26:C553,MC0920,MC0920,M26_added_provisional_distinct,moderate,M26-added C549-C576,"Poropat et al., 2023",,MC0017,,,Character added in the M26 block. No existing canonical concept was equivalent enough to merge safely; related concepts are retained only as non-equivalent context.
REL-M26-554,,M26:C554,MC0921,MC0921,M26_added_provisional_distinct,moderate,M26-added C549-C576,"Poropat et al., 2023",,MC0038; MC0033,,,Character added in the M26 block. No existing canonical concept was equivalent enough to merge safely; related concepts are retained only as non-equivalent context.
REL-M26-555,,M26:C555,MC0922,MC0922,M26_added_provisional_distinct,moderate,M26-added C549-C576,"Poropat et al., 2023",,MC0017,,,Character added in the M26 block. No existing canonical concept was equivalent enough to merge safely; related concepts are retained only as non-equivalent context.
REL-M26-556,,M26:C556,MC0923,MC0923,M26_added_provisional_distinct,moderate,M26-added C549-C576,"Poropat et al., 2023",,MC0033,,,Character added in the M26 block. No existing canonical concept was equivalent enough to merge safely; related concepts are retained only as non-equivalent context.
REL-M26-557,M19:C122,M26:C557,MC0924,MC0924,split_derived,high,M26-added C549-C576,"McIntosh, 1990; Russell & Zheng, 1993; Upchurch, 1995, 1998; revised here",,,,,M26 C557 isolates whether the postaxial cervical lateral fossa/foramen is divided by one or more laminae. This is the second component extracted from the compound M19 C122 character.
REL-M26-558,,M26:C558,MC0925,MC0925,M26_added_provisional_distinct,moderate,M26-added C549-C576,"new character: based on Coria et al., 2013; Gorscak et al., 2014",,MC0829,,,Character added in the M26 block. No existing canonical concept was equivalent enough to merge safely; related concepts are retained only as non-equivalent context.
REL-M26-559,,M26:C559,MC0926,MC0926,M26_added_provisional_distinct,moderate,M26-added C549-C576,"new character: based on Gorscak et al., 2014; note that this is most clearly seen in ventral view",,,,,Character added in the M26 block. No existing canonical concept was equivalent enough to merge safely; related concepts are retained only as non-equivalent context.
REL-M26-560,,M26:C560,MC0927,MC0927,M26_added_provisional_distinct,moderate,M26-added C549-C576,"Salgado et al., 1997; modified here",,,,,Character added in the M26 block. No existing canonical concept was equivalent enough to merge safely; related concepts are retained only as non-equivalent context.
REL-M26-561,,M26:C561,MC0928,MC0928,M26_added_provisional_distinct,moderate,M26-added C549-C576,"Campos et al., 2005; Gorscak & O'Connor, 2016; modified here; note that these expansions are not formed by laminae",,MC0267; MC0267,,,Character added in the M26 block. No existing canonical concept was equivalent enough to merge safely; related concepts are retained only as non-equivalent context.
REL-M26-562,,M26:C562,MC0929,MC0929,M26_added_provisional_distinct,moderate,M26-added C549-C576,"new character: based on Cerda et al., 2012",,MC0581,,,Character added in the M26 block. No existing canonical concept was equivalent enough to merge safely; related concepts are retained only as non-equivalent context.
REL-M26-563,,M26:C563,MC0930,MC0930,M26_added_provisional_distinct,moderate,M26-added C549-C576,"new character: based on Cerda et al., 2012",,MC0077,,,Character added in the M26 block. No existing canonical concept was equivalent enough to merge safely; related concepts are retained only as non-equivalent context.
REL-M26-564,C12:C216,M26:C564,MC0377,MC0377,probable_equivalent,moderate,M26-added C549-C576,"Sanz et al., 1999",,,,,Likely the same ventrally positioned ridge on the medial scapular surface represented by MC0377; wording is broader ('ridge or tuberosity') and restricted to the proximal half.
REL-M26-565,,M26:C565,MC0931,MC0931,M26_added_provisional_distinct,moderate,M26-added C549-C576,"new character: based on Mannion & Otero, 2012; Gorscak et al., 2017",,MC0383; MC0383,,,Character added in the M26 block. No existing canonical concept was equivalent enough to merge safely; related concepts are retained only as non-equivalent context.
REL-M26-566,,M26:C566,MC0932,MC0932,M26_added_provisional_distinct,moderate,M26-added C549-C576,"Sekiya, 2011; Carballido et al., 2017; Dez Daz et al. 2025",,MC0769,,,Character added in the M26 block. No existing canonical concept was equivalent enough to merge safely; related concepts are retained only as non-equivalent context.
REL-M26-567,,M26:C567,MC0933,MC0933,M26_added_provisional_distinct,moderate,M26-added C549-C576,"Dez Daz et al., 2013, 2018, 2025",,MC0402,,,Character added in the M26 block. No existing canonical concept was equivalent enough to merge safely; related concepts are retained only as non-equivalent context.
REL-M26-568,,M26:C568,MC0934,MC0934,M26_added_provisional_distinct,moderate,M26-added C549-C576,Dez Daz et al. 2025,,MC0299; MC0506,,,Character added in the M26 block. No existing canonical concept was equivalent enough to merge safely; related concepts are retained only as non-equivalent context.
REL-M26-569,,M26:C569,MC0935,MC0935,M26_added_provisional_distinct,moderate,M26-added C549-C576,Dez Daz et al. 2025,,MC0208; MC0245,,,Character added in the M26 block. No existing canonical concept was equivalent enough to merge safely; related concepts are retained only as non-equivalent context.
REL-M26-570,,M26:C570,MC0936,MC0936,M26_added_provisional_distinct,moderate,M26-added C549-C576,"Curry Rogers, 2005; D'Emic et al., 2009",,MC0234,,,Character added in the M26 block. No existing canonical concept was equivalent enough to merge safely; related concepts are retained only as non-equivalent context.
REL-M26-571,M19:C176,M26:C571,MC0937,MC0937,split_derived,high,M26-added C549-C576,Beeston et al. 2024,,,,,"M26 C571 isolates camellate internal tissue in the anteriormost caudal neural arches, complementing the centrum-specific M26 C176."
REL-M26-572,,M26:C572,MC0938,MC0938,M26_added_provisional_distinct,moderate,M26-added C549-C576,Upchurch et al. 2004b; Tschopp et al. 2015; modified here; note that the derived state is scored if a keel is present in the anteriormost caudal vertebra preserved,,MC0532; MC0535; MC0434; MC0434,,,Character added in the M26 block. No existing canonical concept was equivalent enough to merge safely; related concepts are retained only as non-equivalent context.
REL-M26-573,,M26:C573,MC0939,MC0939,M26_added_provisional_distinct,moderate,M26-added C549-C576,Beeston et al. 2024,,MC0383; MC0383,,,Character added in the M26 block. No existing canonical concept was equivalent enough to merge safely; related concepts are retained only as non-equivalent context.
REL-M26-574,,M26:C574,MC0940,MC0940,M26_added_provisional_distinct,moderate,M26-added C549-C576,Beeston et al. 2024,,MC0631,,,Character added in the M26 block. No existing canonical concept was equivalent enough to merge safely; related concepts are retained only as non-equivalent context.
REL-M26-575,,M26:C575,MC0941,MC0941,M26_added_provisional_distinct,moderate,M26-added C549-C576,new character: based on Upchurch et al. 2011; D'Emic et al. 2013,,MC0393; MC0453,,,Character added in the M26 block. No existing canonical concept was equivalent enough to merge safely; related concepts are retained only as non-equivalent context.
REL-M26-576,,M26:C576,MC0942,MC0942,M26_added_provisional_distinct,moderate,M26-added C549-C576,Beeston et al. 2024 | Janensch 1914,,MC0402,,,Character added in the M26 block. No existing canonical concept was equivalent enough to merge safely; related concepts are retained only as non-equivalent context.
REL-PHASE2-MC0531,WIL02_REF:C77,M19:C115,MC0531,MC0531,split_derived,high,Phase-2 canonical freeze audit,"Wilson & Sereno, 1998; Carballido et al., 2011; Mannion et al., 2013",,,MC0077,,Presacral bone texture is regionalized in M19/M26 to cervical + anteriormost dorsal internal tissue structure.
REL-PHASE2-MC0553,WIL02_REF:C77,M19:C141,MC0553,MC0553,split_derived,high,Phase-2 canonical freeze audit,"Wilson & Sereno, 1998; Carballido et al., 2011; Mannion et al., 2013",,,MC0077,,Presacral bone texture is regionalized in M19/M26 to middle–posterior dorsal internal tissue structure.
REL-PHASE2-MC0519,WIL02_REF:C36,M19:C93,MC0519,MC0519,split_derived,high,Phase-2 canonical freeze audit,"Madsen et al., 1995; Upchurch, 1998; Wilson & Sereno, 1998; Wilson, 2002; Mannion et al., 2013",,,MC0036,,"Wilson's multistate palatobasal-contact shape is decomposed; this M19/M26 character isolates the hook-like component, while another M19/M26 character separately scores the rocker-like surface."
REL-PHASE2-MC0732,WIL02_REF:C116,M19:C349,MC0732,MC0732,split_derived,high,Phase-2 canonical freeze audit,"Wilson, 2002; Whitlock, 2011a; Poropat et al., 2016",,,MC0116,,The broad first-caudal articular-face character is decomposed to score anterior-face convexity specifically.
REL-PHASE2-MC0586,WIL02_REF:C132,M19:C181,MC0586,MC0586,split_derived,high,Phase-2 canonical freeze audit,"McIntosh, 1990; Upchurch, 1995, 1998; Wilson, 2002; revised here to separate an- terior and middle caudal vertebrae",,,MC0132,,Wilson's anterior+middle caudal ventral-hollow character is explicitly split so M19/M26 score the anterior caudals separately.
REL-PHASE3-C12-MC0341-MC0555,C12:C123,M19:C143,MC0555,MC0555,decomposed_from_compound,high,Phase-3 C12 canonical freeze audit,C12 source coding and later M19/M26 definitions,,,MC0341,,"C12 C123 is a compound three-state thoracic/dorsal pneumatic character: absence, simple/deep pits, or deeply ramifying excavation. M19/M26 later separate this information into MC0555 (presence/absence) and MC0556 (simple/shallow versus deeply ramifying pneumatization). Keep MC0341 as the earlier compound concept and record explicit decomposition relationships rather than merging it with either child."
REL-PHASE3-C12-MC0341-MC0556,C12:C123,M19:C144,MC0556,MC0556,decomposed_from_compound,high,Phase-3 C12 canonical freeze audit,C12 source coding and later M19/M26 definitions,,,MC0341,,"C12 C123 is a compound three-state thoracic/dorsal pneumatic character: absence, simple/deep pits, or deeply ramifying excavation. M19/M26 later separate this information into MC0555 (presence/absence) and MC0556 (simple/shallow versus deeply ramifying pneumatization). Keep MC0341 as the earlier compound concept and record explicit decomposition relationships rather than merging it with either child."
REL-PHASE4-DE12-MC0441-MC0618,DE12:C69,M19:C215,MC0618,MC0618,decomposed_from_compound,high,Phase-4 DE12 canonical freeze audit,DE12 and later M19/M26 definitions,,,MC0441,,"DE12 C69 scores the number of processes on the ventral margin near the base of the scapular blade (0, 1, or 2). M19/M26 later separate this compound count into two presence/absence characters: MC0618 for the posteroventral/acromial process and MC0619 for the anteroventral blade process. Keep MC0441 as the earlier compound concept and record decomposition relationships."
REL-PHASE4-DE12-MC0441-MC0619,DE12:C69,M19:C216,MC0619,MC0619,decomposed_from_compound,high,Phase-4 DE12 canonical freeze audit,DE12 and later M19/M26 definitions,,,MC0441,,"DE12 C69 scores the number of processes on the ventral margin near the base of the scapular blade (0, 1, or 2). M19/M26 later separate this compound count into two presence/absence characters: MC0618 for the posteroventral/acromial process and MC0619 for the anteroventral blade process. Keep MC0441 as the earlier compound concept and record decomposition relationships."
REL-PHASE5-GA11-MC0266,WIL02_REF:C78,GA11:C22,MC0266,MC0266,split_derived,high,Phase-5 GA11 canonical freeze audit,GA11 definition and historical Wilson-lineage comparison,,,MC0078,,GA11 isolates pleurocoel presence in anterior/middle cervicals from Wilson's broader presacral pneumatopore character.
REL-PHASE5-GA11-MC0271,WIL02_REF:C89,GA11:C32,MC0271,MC0271,split_derived,high,Phase-5 GA11 canonical freeze audit,GA11 definition and historical Wilson-lineage comparison,,,MC0089,,GA11 isolates anterior-dorsal neural-spine bifidity from Wilson's combined posterior-cervical/anterior-dorsal bifidity character.
REL-PHASE5-GA11-MC0282-PARENT,GA11:C50,DE12:C58,MC0437,MC0437,merged_from_regional_parent,high,Phase-5 GA11 canonical freeze audit,GA11 regional character and later merged lineage,,,MC0282,,"GA11 C50 is the anterior-caudal regional parent of later merged concept MC0437, which combines anterior and middle caudal neural-arch position."
REL-PHASE6-M26-MC0925,M19:C458,M26:C558,MC0925,MC0925,regional_analogue,high,Phase-6 M26 canonical freeze audit,"new character: based on Coria et al., 2013; Gorscak et al., 2014",,MC0829,MC0829,,Regional analogue only: MC0829 scores anterior cervical ventral pneumatic fossae; M26 scores paired fossae in middle-posterior cervicals.
REL-PHASE6-M26-MC0928,GA11:C25,M26:C561,MC0928,MC0928,related_narrower_morphology,high,Phase-6 M26 canonical freeze audit,"Campos et al., 2005; Gorscak & O'Connor, 2016; modified here; note that these expansions are not formed by laminae",,MC0267,MC0267,,Related but narrower morphology: MC0267 scores general lateral expansion of posterior-cervical neural spines; M26 scores bulbous apical expansions explicitly not formed by laminae.
REL-PHASE6-M26-MC0929,M26:C176,M26:C562,MC0929,MC0929,regional_analogue,high,Phase-6 M26 canonical freeze audit,"new character: based on Cerda et al., 2012",,MC0917,MC0917,,Regional internal-tissue analogue only: middle-posterior caudals are a separate serial region.
REL-PHASE6-M26-MC0930,WIL02_REF:C77,M26:C563,MC0930,MC0930,anatomical_region_analogue,high,Phase-6 M26 canonical freeze audit,"new character: based on Cerda et al., 2012",,MC0077,MC0077,,Scapulocoracoid internal tissue is a different skeletal region from existing vertebral tissue-texture characters.
REL-PHASE6-M26-MC0936,WIL02_REF:C234,M26:C570,MC0936,MC0936,dependent_morphology,high,Phase-6 M26 canonical freeze audit,"Curry Rogers, 2005; D'Emic et al., 2009",,MC0234,MC0234,,Keeled osteoderm morphology is conditional on osteoderm presence but is not the same presence/absence character.
REL-PHASE6-M26-MC0938,DE12:C49,M26:C572,MC0938,MC0938,regional_analogue,high,Phase-6 M26 canonical freeze audit,Upchurch et al. 2004b; Tschopp et al. 2015; modified here; note that the derived state is scored if a keel is present in the anteriormost caudal vertebra preserved,,MC0434,MC0434,,Regional analogue only: the first-caudal ventral keel is distinct from axial/postaxial cervical and dorsal keel characters.
REL-PHASE6-M26-MC0940,M19:C232,M26:C574,MC0940,MC0940,anatomical_region_analogue,high,Phase-6 M26 canonical freeze audit,Beeston et al. 2024,,MC0631,MC0631,,"Ulna interosseous ridge is an anatomical analogue of the radial interosseous ridge, not the same character."
REL-FINAL-MC0351-MC0273,GA11:C34,C12:C136,MC0273,MC0351,state_partition_modified,high,Final v1.0 canonical freeze,,U158,,MC0273,,"Both score cranial/anterior dorsal neural-spine orientation. C12 separates craniodorsal inclination from dorsal/caudodorsal, whereas GA11 separates strong posterior inclination from the remaining orientations. The underlying orientation variable is the same."
REL-FINAL-MC0855-MC0111,WIL02_REF:C111,M19:C486,MC0111,MC0855,serial_scope_and_threshold_modified,high,Final v1.0 canonical freeze,"Upchurch, 1998; Wilson, 2002; polarity reversed here",,,MC0111,,Both derive from the Wilson/Upchurch neural-spine-height lineage and measure neural-spine height relative to centrum length. M19/M26 broaden the serial scope from sacrals to posterior dorsals and/or sacrals and repartition the threshold states.
REL-FINAL-MC0474-MC0366,C12:C172,M19:C26,MC0366,MC0474,metric_reformulated,high,Final v1.0 canonical freeze,"Gauthier, 1986; Upchurch, 1995, 1998; Upchurch et al., 2004; Mannion et al., 2013; revised here to only include the anteriormost caudal vertebrae",,,MC0366,,Both quantify elongation of the proximal/anteriormost caudal centrum. C12 uses length:dorsoventral-height; M19/M26 use average elongation index with mean width/height in the denominator and restrict scoring to the anteriormost caudals.
REL-FINAL-MC0476-MC0368,C12:C184,M19:C29,MC0368,MC0476,metric_reformulated,high,Final v1.0 canonical freeze,"Upchurch & Martin, 2003; Upchurch et al., 2004; Whitlock, 2011a; Mannion et al., 2013",,,MC0368,,Both quantify middle-caudal centrum elongation. C12 uses length:height; M19/M26 use average elongation index and a different threshold.
REL-FINAL-MC0637-MC0448,DE12:C93,M19:C241,MC0448,MC0637,character_reformulated,high,Final v1.0 canonical freeze,"D’Emic, 2012; Mannion et al., 2013",,,MC0448,,M19/M26 explicitly cite D'Emic (2012) for the metacarpal-IV/V articulation. DE12 describes the facet geometry; the later formulation operationalizes the derived morphology as a proximolateral projection of metacarpal IV wrapping onto metacarpal V.
REL-FINAL-MC0658-MC0462,DE12:C116,M19:C269,MC0462,MC0658,character_reformulated,high,Final v1.0 canonical freeze,"D’Emic, 2012; Mannion et al., 2013",,,MC0462,,M19/M26 explicitly cite D'Emic (2012) for this posterior astragalar projection. The DE12 'tubercle' and later tongue-like posteromedial projection are treated as successive formulations of the same anatomical character.
